CATEGORIA,ACTIVO,PRECIO,HIGH_24H_STD,LOW_24H_STD,CAMBIO_PCT_24H,FECHA
Crypto,BTC,64328.0,64419.0,63672.0,0.70228,2026-07-11 14:55:10.774
Crypto,ETH,1811.12,1812.25,1782.89,1.53494,2026-07-11 14:55:10.774
Crypto,XRP,1.11,1.11,1.097,0.92249,2026-07-11 14:55:10.774
Crypto,SOL,78.47,78.51,77.34,0.67143,2026-07-11 14:55:10.774
Crypto,ADA,0.168939,0.169049,0.165383,1.88938,2026-07-11 14:55:10.774
Crypto,BTC,64328.0,64419.0,63672.0,0.70228,2026-07-11 14:55:10.774
Crypto,XRP,1.11,1.11,1.097,0.92249,2026-07-11 14:55:10.774
Crypto,ADA,0.168939,0.169049,0.165383,1.88938,2026-07-11 14:55:10.774
Crypto,BTC,64194.0,64554.0,63672.0,-0.02795,2026-07-11 08:55:10.846
Crypto,ETH,1799.21,1805.53,1781.89,0.88866,2026-07-11 08:55:10.846
Crypto,XRP,1.11,1.12,1.097,-0.35184,2026-07-11 08:55:10.846
Crypto,SOL,78.02,79.5,77.34,-1.57244,2026-07-11 08:55:10.846
Crypto,ADA,0.16745,0.169373,0.165383,-0.29322,2026-07-11 08:55:10.846
Crypto,BTC,64194.0,64554.0,63672.0,-0.02795,2026-07-11 08:55:10.846
Crypto,XRP,1.11,1.12,1.097,-0.35184,2026-07-11 08:55:10.846
Crypto,ADA,0.16745,0.169373,0.165383,-0.29322,2026-07-11 08:55:10.846
Crypto,BTC,64112.0,64554.0,63672.0,0.30076,2026-07-11 02:55:10.921
Crypto,ETH,1794.03,1805.53,1768.52,1.24992,2026-07-11 02:55:10.922
Crypto,XRP,1.11,1.12,1.097,-0.1749,2026-07-11 02:55:10.922
Crypto,SOL,77.7,79.5,77.34,-1.63987,2026-07-11 02:55:10.922
Crypto,ADA,0.16643,0.169373,0.165383,-1.29218,2026-07-11 02:55:10.922
Crypto,ETH,1799.21,1805.53,1781.89,0.88866,2026-07-11 08:55:10.846
Crypto,BTC,64112.0,64554.0,63672.0,0.30076,2026-07-11 02:55:10.921
Crypto,ETH,1794.03,1805.53,1768.52,1.24992,2026-07-11 02:55:10.922
Crypto,XRP,1.11,1.12,1.097,-0.1749,2026-07-11 02:55:10.922
Crypto,SOL,77.7,79.5,77.34,-1.63987,2026-07-11 02:55:10.922
Crypto,ADA,0.16643,0.169373,0.165383,-1.29218,2026-07-11 02:55:10.922
Crypto,SOL,78.02,79.5,77.34,-1.57244,2026-07-11 08:55:10.846
Crypto,BTC,64112.0,64554.0,63672.0,0.30076,2026-07-11 02:55:10.921
Crypto,ETH,1794.03,1805.53,1768.52,1.24992,2026-07-11 02:55:10.922
Crypto,XRP,1.11,1.12,1.097,-0.1749,2026-07-11 02:55:10.922
Crypto,SOL,77.7,79.5,77.34,-1.63987,2026-07-11 02:55:10.922
Crypto,ADA,0.16643,0.169373,0.165383,-1.29218,2026-07-11 02:55:10.922
Crypto,BTC,64194.0,64554.0,63672.0,-0.02795,2026-07-11 08:55:10.846
Crypto,ADA,0.16745,0.169373,0.165383,-0.29322,2026-07-11 08:55:10.846
Crypto,XRP,1.11,1.12,1.097,-0.1749,2026-07-11 02:55:10.922
Crypto,BTC,63827.0,64554.0,62955.0,0.90328,2026-07-10 20:55:11.028
Crypto,ETH,1791.34,1805.53,1737.51,2.51497,2026-07-10 20:55:11.028
Crypto,XRP,1.1,1.12,1.09,0.70739,2026-07-10 20:55:11.028
Crypto,SOL,77.82,79.5,77.34,-0.32148,2026-07-10 20:55:11.028
Crypto,ADA,0.166844,0.169373,0.165383,0.09471,2026-07-10 20:55:11.028
Crypto,SOL,77.7,79.5,77.34,-1.63987,2026-07-11 02:55:10.922
Crypto,BTC,63827.0,64554.0,62955.0,0.90328,2026-07-10 20:55:11.028
Crypto,ETH,1791.34,1805.53,1737.51,2.51497,2026-07-10 20:55:11.028
Crypto,XRP,1.1,1.12,1.09,0.70739,2026-07-10 20:55:11.028
Crypto,SOL,77.82,79.5,77.34,-0.32148,2026-07-10 20:55:11.028
Crypto,ADA,0.166844,0.169373,0.165383,0.09471,2026-07-10 20:55:11.028
Crypto,BTC,64112.0,64554.0,63672.0,0.30076,2026-07-11 02:55:10.921
Crypto,ADA,0.16643,0.169373,0.165383,-1.29218,2026-07-11 02:55:10.922
Crypto,XRP,1.1,1.12,1.09,0.70739,2026-07-10 20:55:11.028
Crypto,BTC,63948.0,64554.0,62618.0,1.58832,2026-07-10 14:55:10.602
Crypto,ETH,1785.22,1805.53,1733.83,2.55422,2026-07-10 14:55:10.602
Crypto,XRP,1.1,1.12,1.087,0.88619,2026-07-10 14:55:10.602
Crypto,SOL,77.92,79.5,77.32,0.21991,2026-07-10 14:55:10.602
Crypto,ADA,0.165854,0.169373,0.165083,-1.8626,2026-07-10 14:55:10.602
Crypto,SOL,77.82,79.5,77.34,-0.32148,2026-07-10 20:55:11.028
Crypto,BTC,63948.0,64554.0,62618.0,1.58832,2026-07-10 14:55:10.602
Crypto,ETH,1785.22,1805.53,1733.83,2.55422,2026-07-10 14:55:10.602
Crypto,XRP,1.1,1.12,1.087,0.88619,2026-07-10 14:55:10.602
Crypto,SOL,77.92,79.5,77.32,0.21991,2026-07-10 14:55:10.602
Crypto,ADA,0.165854,0.169373,0.165083,-1.8626,2026-07-10 14:55:10.602
Crypto,ETH,1791.34,1805.53,1737.51,2.51497,2026-07-10 20:55:11.028
Crypto,BTC,63948.0,64554.0,62618.0,1.58832,2026-07-10 14:55:10.602
Crypto,ETH,1785.22,1805.53,1733.83,2.55422,2026-07-10 14:55:10.602
Crypto,XRP,1.1,1.12,1.087,0.88619,2026-07-10 14:55:10.602
Crypto,SOL,77.92,79.5,77.32,0.21991,2026-07-10 14:55:10.602
Crypto,ADA,0.165854,0.169373,0.165083,-1.8626,2026-07-10 14:55:10.602
Crypto,XRP,1.1,1.12,1.087,0.88619,2026-07-10 14:55:10.602
Crypto,BTC,64135.0,64265.0,62506.0,2.0656,2026-07-10 08:55:11.157
Crypto,ETH,1782.71,1784.19,1733.83,1.70319,2026-07-10 08:55:11.157
Crypto,XRP,1.11,1.11,1.087,1.43399,2026-07-10 08:55:11.157
Crypto,SOL,79.27,79.3,77.31,1.42742,2026-07-10 08:55:11.157
Crypto,ADA,0.167944,0.169552,0.165083,0.54251,2026-07-10 08:55:11.157
Crypto,BTC,63948.0,64554.0,62618.0,1.58832,2026-07-10 14:55:10.602
Crypto,ADA,0.165854,0.169373,0.165083,-1.8626,2026-07-10 14:55:10.602
Crypto,BTC,64135.0,64265.0,62506.0,2.0656,2026-07-10 08:55:11.157
Crypto,ETH,1782.71,1784.19,1733.83,1.70319,2026-07-10 08:55:11.157
Crypto,XRP,1.11,1.11,1.087,1.43399,2026-07-10 08:55:11.157
Crypto,SOL,79.27,79.3,77.31,1.42742,2026-07-10 08:55:11.157
Crypto,ADA,0.167944,0.169552,0.165083,0.54251,2026-07-10 08:55:11.157
Crypto,BTC,64135.0,64265.0,62506.0,2.0656,2026-07-10 08:55:11.157
Crypto,ETH,1782.71,1784.19,1733.83,1.70319,2026-07-10 08:55:11.157
Crypto,XRP,1.11,1.11,1.087,1.43399,2026-07-10 08:55:11.157
Crypto,SOL,79.27,79.3,77.31,1.42742,2026-07-10 08:55:11.157
Crypto,ADA,0.167944,0.169552,0.165083,0.54251,2026-07-10 08:55:11.157
Crypto,ETH,1785.22,1805.53,1733.83,2.55422,2026-07-10 14:55:10.602
Crypto,XRP,1.11,1.11,1.087,1.43399,2026-07-10 08:55:11.157
Crypto,BTC,63926.0,63927.0,61735.0,3.53895,2026-07-10 02:55:10.914
Crypto,ETH,1772.33,1773.25,1723.81,2.67126,2026-07-10 02:55:10.914
Crypto,XRP,1.11,1.11,1.084,2.16528,2026-07-10 02:55:10.914
Crypto,SOL,78.99,79.2,76.88,2.48335,2026-07-10 02:55:10.914
Crypto,ADA,0.168572,0.169592,0.165083,1.44999,2026-07-10 02:55:10.914
Crypto,SOL,79.27,79.3,77.31,1.42742,2026-07-10 08:55:11.157
Crypto,BTC,63926.0,63927.0,61735.0,3.53895,2026-07-10 02:55:10.914
Crypto,ETH,1772.33,1773.25,1723.81,2.67126,2026-07-10 02:55:10.914
Crypto,XRP,1.11,1.11,1.084,2.16528,2026-07-10 02:55:10.914
Crypto,SOL,78.99,79.2,76.88,2.48335,2026-07-10 02:55:10.914
Crypto,ADA,0.168572,0.169592,0.165083,1.44999,2026-07-10 02:55:10.914
Crypto,ETH,1782.71,1784.19,1733.83,1.70319,2026-07-10 08:55:11.157
Crypto,BTC,63926.0,63927.0,61735.0,3.53895,2026-07-10 02:55:10.914
Crypto,ETH,1772.33,1773.25,1723.81,2.67126,2026-07-10 02:55:10.914
Crypto,XRP,1.11,1.11,1.084,2.16528,2026-07-10 02:55:10.914
Crypto,SOL,78.99,79.2,76.88,2.48335,2026-07-10 02:55:10.914
Crypto,ADA,0.168572,0.169592,0.165083,1.44999,2026-07-10 02:55:10.914
Crypto,SOL,78.99,79.2,76.88,2.48335,2026-07-10 02:55:10.914
Crypto,BTC,63214.0,63344.0,61721.0,1.82218,2026-07-09 20:55:11.422
Crypto,ETH,1747.13,1756.08,1723.81,0.70043,2026-07-09 20:55:11.422
Crypto,XRP,1.096,1.099,1.083,0.73224,2026-07-09 20:55:11.422
Crypto,SOL,78.1,78.49,76.88,1.30745,2026-07-09 20:55:11.422
Crypto,ADA,0.166649,0.169592,0.165083,0.35448,2026-07-09 20:55:11.422
Crypto,XRP,1.11,1.11,1.084,2.16528,2026-07-10 02:55:10.914
Crypto,BTC,63214.0,63344.0,61721.0,1.82218,2026-07-09 20:55:11.422
Crypto,ETH,1747.13,1756.08,1723.81,0.70043,2026-07-09 20:55:11.422
Crypto,XRP,1.096,1.099,1.083,0.73224,2026-07-09 20:55:11.422
Crypto,SOL,78.1,78.49,76.88,1.30745,2026-07-09 20:55:11.422
Crypto,ADA,0.166649,0.169592,0.165083,0.35448,2026-07-09 20:55:11.422
Crypto,ETH,1772.33,1773.25,1723.81,2.67126,2026-07-10 02:55:10.914
Crypto,BTC,63214.0,63344.0,61721.0,1.82218,2026-07-09 20:55:11.422
Crypto,ETH,1747.13,1756.08,1723.81,0.70043,2026-07-09 20:55:11.422
Crypto,XRP,1.096,1.099,1.083,0.73224,2026-07-09 20:55:11.422
Crypto,SOL,78.1,78.49,76.88,1.30745,2026-07-09 20:55:11.422
Crypto,ADA,0.166649,0.169592,0.165083,0.35448,2026-07-09 20:55:11.422
Crypto,XRP,1.096,1.099,1.083,0.73224,2026-07-09 20:55:11.422
Crypto,ETH,1747.13,1756.08,1723.81,0.70043,2026-07-09 20:55:11.422
Crypto,BTC,62825.0,63078.0,61550.0,1.5887,2026-07-09 14:55:11.581
Crypto,ETH,1737.51,1756.08,1715.91,0.54439,2026-07-09 14:55:11.581
Crypto,XRP,1.092,1.099,1.071,1.46791,2026-07-09 14:55:11.581
Crypto,SOL,77.67,78.49,76.34,0.96252,2026-07-09 14:55:11.581
Crypto,ADA,0.168983,0.169592,0.165001,1.40309,2026-07-09 14:55:11.581
Crypto,BTC,62825.0,63078.0,61550.0,1.5887,2026-07-09 14:55:11.581
Crypto,ETH,1737.51,1756.08,1715.91,0.54439,2026-07-09 14:55:11.581
Crypto,XRP,1.092,1.099,1.071,1.46791,2026-07-09 14:55:11.581
Crypto,SOL,77.67,78.49,76.34,0.96252,2026-07-09 14:55:11.581
Crypto,ADA,0.168983,0.169592,0.165001,1.40309,2026-07-09 14:55:11.581
Crypto,SOL,78.1,78.49,76.88,1.30745,2026-07-09 20:55:11.422
Crypto,BTC,62825.0,63078.0,61550.0,1.5887,2026-07-09 14:55:11.581
Crypto,ETH,1737.51,1756.08,1715.91,0.54439,2026-07-09 14:55:11.581
Crypto,XRP,1.092,1.099,1.071,1.46791,2026-07-09 14:55:11.581
Crypto,SOL,77.67,78.49,76.34,0.96252,2026-07-09 14:55:11.581
Crypto,ADA,0.168983,0.169592,0.165001,1.40309,2026-07-09 14:55:11.581
Crypto,SOL,77.67,78.49,76.34,0.96252,2026-07-09 14:55:11.581
Crypto,BTC,62851.0,63078.0,61550.0,1.1476,2026-07-09 08:55:11.677
Crypto,ETH,1752.77,1756.08,1715.91,0.81404,2026-07-09 08:55:11.677
Crypto,XRP,1.096,1.099,1.071,1.25732,2026-07-09 08:55:11.677
Crypto,SOL,78.08,78.49,76.34,0.84081,2026-07-09 08:55:11.677
Crypto,ADA,0.167047,0.169592,0.165001,0.27921,2026-07-09 08:55:11.677
Crypto,XRP,1.092,1.099,1.071,1.46791,2026-07-09 14:55:11.581
Crypto,BTC,62851.0,63078.0,61550.0,1.1476,2026-07-09 08:55:11.677
Crypto,ETH,1752.77,1756.08,1715.91,0.81404,2026-07-09 08:55:11.677
Crypto,XRP,1.096,1.099,1.071,1.25732,2026-07-09 08:55:11.677
Crypto,SOL,78.08,78.49,76.34,0.84081,2026-07-09 08:55:11.677
Crypto,ADA,0.167047,0.169592,0.165001,0.27921,2026-07-09 08:55:11.677
Crypto,BTC,62825.0,63078.0,61550.0,1.5887,2026-07-09 14:55:11.581
Crypto,ADA,0.168983,0.169592,0.165001,1.40309,2026-07-09 14:55:11.581
Crypto,BTC,62851.0,63078.0,61550.0,1.1476,2026-07-09 08:55:11.677
Crypto,ETH,1752.77,1756.08,1715.91,0.81404,2026-07-09 08:55:11.677
Crypto,XRP,1.096,1.099,1.071,1.25732,2026-07-09 08:55:11.677
Crypto,SOL,78.08,78.49,76.34,0.84081,2026-07-09 08:55:11.677
Crypto,ADA,0.167047,0.169592,0.165001,0.27921,2026-07-09 08:55:11.677
Crypto,BTC,61721.0,63041.0,61550.0,-1.92481,2026-07-09 02:55:10.329
Crypto,ETH,1725.84,1761.8,1715.91,-1.72204,2026-07-09 02:55:10.329
Crypto,XRP,1.083,1.1,1.071,-1.38253,2026-07-09 02:55:10.329
Crypto,SOL,77.04,79.21,76.34,-2.44109,2026-07-09 02:55:10.329
Crypto,ADA,0.166169,0.172529,0.165001,-3.01448,2026-07-09 02:55:10.329
Crypto,XRP,1.096,1.099,1.071,1.25732,2026-07-09 08:55:11.677
Crypto,BTC,62851.0,63078.0,61550.0,1.1476,2026-07-09 08:55:11.677
Crypto,ADA,0.167047,0.169592,0.165001,0.27921,2026-07-09 08:55:11.677
Crypto,BTC,61721.0,63041.0,61550.0,-1.92481,2026-07-09 02:55:10.329
Crypto,ETH,1725.84,1761.8,1715.91,-1.72204,2026-07-09 02:55:10.329
Crypto,XRP,1.083,1.1,1.071,-1.38253,2026-07-09 02:55:10.329
Crypto,SOL,77.04,79.21,76.34,-2.44109,2026-07-09 02:55:10.329
Crypto,ADA,0.166169,0.172529,0.165001,-3.01448,2026-07-09 02:55:10.329
Crypto,BTC,61721.0,63041.0,61550.0,-1.92481,2026-07-09 02:55:10.329
Crypto,ETH,1725.84,1761.8,1715.91,-1.72204,2026-07-09 02:55:10.329
Crypto,XRP,1.083,1.1,1.071,-1.38253,2026-07-09 02:55:10.329
Crypto,SOL,77.04,79.21,76.34,-2.44109,2026-07-09 02:55:10.329
Crypto,ADA,0.166169,0.172529,0.165001,-3.01448,2026-07-09 02:55:10.329
Crypto,ETH,1752.77,1756.08,1715.91,0.81404,2026-07-09 08:55:11.677
Crypto,BTC,61721.0,63041.0,61550.0,-1.92481,2026-07-09 02:55:10.329
Crypto,ADA,0.166169,0.172529,0.165001,-3.01448,2026-07-09 02:55:10.329
Crypto,BTC,62079.0,63752.0,61550.0,-2.45544,2026-07-08 20:55:11.658
Crypto,ETH,1735.17,1786.15,1715.91,-2.63561,2026-07-08 20:55:11.658
Crypto,XRP,1.089,1.12,1.071,-2.50698,2026-07-08 20:55:11.658
Crypto,SOL,77.09,81.23,76.34,-4.84623,2026-07-08 20:55:11.658
Crypto,ADA,0.166243,0.175905,0.165001,-5.42728,2026-07-08 20:55:11.658
Crypto,ETH,1725.84,1761.8,1715.91,-1.72204,2026-07-09 02:55:10.329
Crypto,BTC,62079.0,63752.0,61550.0,-2.45544,2026-07-08 20:55:11.658
Crypto,ETH,1735.17,1786.15,1715.91,-2.63561,2026-07-08 20:55:11.658
Crypto,XRP,1.089,1.12,1.071,-2.50698,2026-07-08 20:55:11.658
Crypto,SOL,77.09,81.23,76.34,-4.84623,2026-07-08 20:55:11.658
Crypto,ADA,0.166243,0.175905,0.165001,-5.42728,2026-07-08 20:55:11.658
Crypto,XRP,1.083,1.1,1.071,-1.38253,2026-07-09 02:55:10.329
Crypto,BTC,62079.0,63752.0,61550.0,-2.45544,2026-07-08 20:55:11.658
Crypto,ETH,1735.17,1786.15,1715.91,-2.63561,2026-07-08 20:55:11.658
Crypto,XRP,1.089,1.12,1.071,-2.50698,2026-07-08 20:55:11.658
Crypto,SOL,77.09,81.23,76.34,-4.84623,2026-07-08 20:55:11.658
Crypto,ADA,0.166243,0.175905,0.165001,-5.42728,2026-07-08 20:55:11.658
Crypto,XRP,1.089,1.12,1.071,-2.50698,2026-07-08 20:55:11.658
Crypto,BTC,61862.0,64134.0,61646.0,-2.59168,2026-07-08 14:55:11.475
Crypto,ETH,1728.49,1808.35,1725.22,-3.37274,2026-07-08 14:55:11.475
Crypto,XRP,1.075,1.13,1.076,-3.54888,2026-07-08 14:55:11.475
Crypto,SOL,76.88,82.62,76.72,-5.17399,2026-07-08 14:55:11.475
Crypto,ADA,0.16647,0.177906,0.165243,-5.23651,2026-07-08 14:55:11.475
Crypto,BTC,62079.0,63752.0,61550.0,-2.45544,2026-07-08 20:55:11.658
Crypto,ADA,0.166243,0.175905,0.165001,-5.42728,2026-07-08 20:55:11.658
Crypto,BTC,61862.0,64134.0,61646.0,-2.59168,2026-07-08 14:55:11.475
Crypto,ETH,1728.49,1808.35,1725.22,-3.37274,2026-07-08 14:55:11.475
Crypto,XRP,1.075,1.13,1.076,-3.54888,2026-07-08 14:55:11.475
Crypto,SOL,76.88,82.62,76.72,-5.17399,2026-07-08 14:55:11.475
Crypto,ADA,0.16647,0.177906,0.165243,-5.23651,2026-07-08 14:55:11.475
Crypto,BTC,61862.0,64134.0,61646.0,-2.59168,2026-07-08 14:55:11.475
Crypto,ETH,1728.49,1808.35,1725.22,-3.37274,2026-07-08 14:55:11.475
Crypto,XRP,1.075,1.13,1.076,-3.54888,2026-07-08 14:55:11.475
Crypto,SOL,76.88,82.62,76.72,-5.17399,2026-07-08 14:55:11.475
Crypto,ADA,0.16647,0.177906,0.165243,-5.23651,2026-07-08 14:55:11.475
Crypto,SOL,77.09,81.23,76.34,-4.84623,2026-07-08 20:55:11.658
Crypto,BTC,61862.0,64134.0,61646.0,-2.59168,2026-07-08 14:55:11.475
Crypto,XRP,1.075,1.13,1.076,-3.54888,2026-07-08 14:55:11.475
Crypto,ADA,0.16647,0.177906,0.165243,-5.23651,2026-07-08 14:55:11.475
Crypto,ETH,1738.54,1808.35,1727.1,-1.78018,2026-07-08 08:55:11.110
Crypto,BTC,62890.0,64134.0,62709.0,-0.61009,2026-07-08 02:55:11.333
Crypto,ETH,1754.99,1808.35,1746.86,-1.25822,2026-07-08 02:55:11.333
Crypto,XRP,1.099,1.13,1.093,-2.79767,2026-07-08 02:55:11.333
Crypto,SOL,78.97,82.62,78.43,-2.91698,2026-07-08 02:55:11.333
Crypto,ADA,0.171476,0.181872,0.171006,-5.40998,2026-07-08 02:55:11.333
Crypto,XRP,1.082,1.13,1.077,-3.72121,2026-07-08 08:55:11.110
Crypto,BTC,62890.0,64134.0,62709.0,-0.61009,2026-07-08 02:55:11.333
Crypto,ETH,1754.99,1808.35,1746.86,-1.25822,2026-07-08 02:55:11.333
Crypto,XRP,1.099,1.13,1.093,-2.79767,2026-07-08 02:55:11.333
Crypto,SOL,78.97,82.62,78.43,-2.91698,2026-07-08 02:55:11.333
Crypto,ADA,0.171476,0.181872,0.171006,-5.40998,2026-07-08 02:55:11.333
Crypto,BTC,62132.0,64134.0,61886.0,-1.48292,2026-07-08 08:55:11.110
Crypto,ADA,0.166677,0.179338,0.166066,-6.77225,2026-07-08 08:55:11.110
Crypto,BTC,62890.0,64134.0,62709.0,-0.61009,2026-07-08 02:55:11.333
Crypto,ETH,1754.99,1808.35,1746.86,-1.25822,2026-07-08 02:55:11.333
Crypto,XRP,1.099,1.13,1.093,-2.79767,2026-07-08 02:55:11.333
Crypto,SOL,78.97,82.62,78.43,-2.91698,2026-07-08 02:55:11.333
Crypto,ADA,0.171476,0.181872,0.171006,-5.40998,2026-07-08 02:55:11.333
Crypto,BTC,62890.0,64134.0,62709.0,-0.61009,2026-07-08 02:55:11.333
Crypto,ADA,0.171476,0.181872,0.171006,-5.40998,2026-07-08 02:55:11.333
Crypto,BTC,63603.0,64387.0,62815.0,-0.30107,2026-07-07 20:55:11.775
Crypto,ETH,1780.63,1819.88,1759.03,-0.68033,2026-07-07 20:55:11.775
Crypto,XRP,1.12,1.16,1.11,-2.35844,2026-07-07 20:55:11.775
Crypto,SOL,81.01,82.98,80.5,-1.22259,2026-07-07 20:55:11.775
Crypto,ADA,0.175762,0.185668,0.17529,-3.88839,2026-07-07 20:55:11.775
Crypto,ETH,1754.99,1808.35,1746.86,-1.25822,2026-07-08 02:55:11.333
Crypto,BTC,63603.0,64387.0,62815.0,-0.30107,2026-07-07 20:55:11.775
Crypto,ETH,1780.63,1819.88,1759.03,-0.68033,2026-07-07 20:55:11.775
Crypto,XRP,1.12,1.16,1.11,-2.35844,2026-07-07 20:55:11.775
Crypto,SOL,81.01,82.98,80.5,-1.22259,2026-07-07 20:55:11.775
Crypto,ADA,0.175762,0.185668,0.17529,-3.88839,2026-07-07 20:55:11.775
Crypto,SOL,78.97,82.62,78.43,-2.91698,2026-07-08 02:55:11.333
Crypto,XRP,1.12,1.16,1.11,-2.35844,2026-07-07 20:55:11.775
Crypto,ETH,1780.63,1819.88,1759.03,-0.68033,2026-07-07 20:55:11.775
Crypto,BTC,63255.0,64387.0,61968.0,2.07573,2026-07-07 14:55:11.804
Crypto,ETH,1782.08,1819.88,1749.16,1.88189,2026-07-07 14:55:11.804
Crypto,XRP,1.12,1.16,1.11,-0.35704,2026-07-07 14:55:11.804
Crypto,SOL,81.32,82.98,80.17,1.43794,2026-07-07 14:55:11.804
Crypto,ADA,0.175961,0.185757,0.175669,-2.99705,2026-07-07 14:55:11.804
Crypto,SOL,81.01,82.98,80.5,-1.22259,2026-07-07 20:55:11.775
Crypto,XRP,1.12,1.16,1.11,-0.35704,2026-07-07 14:55:11.804
Crypto,BTC,62997.0,64387.0,61339.0,0.25787,2026-07-07 08:55:11.371
Crypto,ETH,1768.16,1819.88,1732.1,0.25214,2026-07-07 08:55:11.371
Crypto,XRP,1.12,1.16,1.11,-1.44267,2026-07-07 08:55:11.371
Crypto,SOL,81.34,82.98,79.31,1.20782,2026-07-07 08:55:11.371
Crypto,ADA,0.178855,0.185757,0.178499,-3.23643,2026-07-07 08:55:11.371
Crypto,BTC,63255.0,64387.0,61968.0,2.07573,2026-07-07 14:55:11.804
Crypto,ADA,0.175961,0.185757,0.175669,-2.99705,2026-07-07 14:55:11.804
Crypto,BTC,62997.0,64387.0,61339.0,0.25787,2026-07-07 08:55:11.371
Crypto,ETH,1768.16,1819.88,1732.1,0.25214,2026-07-07 08:55:11.371
Crypto,XRP,1.12,1.16,1.11,-1.44267,2026-07-07 08:55:11.371
Crypto,SOL,81.34,82.98,79.31,1.20782,2026-07-07 08:55:11.371
Crypto,ADA,0.178855,0.185757,0.178499,-3.23643,2026-07-07 08:55:11.371
Crypto,SOL,81.32,82.98,80.17,1.43794,2026-07-07 14:55:11.804
Crypto,BTC,63313.0,64387.0,61339.0,-0.13258,2026-07-07 02:55:10.771
Crypto,ADA,0.181343,0.189015,0.178499,-4.00253,2026-07-07 02:55:10.771
Crypto,BTC,63313.0,64387.0,61339.0,-0.13258,2026-07-07 02:55:10.771
Crypto,ETH,1777.73,1819.88,1732.1,-0.21037,2026-07-07 02:55:10.771
Crypto,XRP,1.13,1.16,1.11,-1.40027,2026-07-07 02:55:10.771
Crypto,SOL,81.37,82.98,79.31,0.32332,2026-07-07 02:55:10.771
Crypto,ADA,0.181343,0.189015,0.178499,-4.00253,2026-07-07 02:55:10.771
Crypto,XRP,1.13,1.16,1.11,-1.40027,2026-07-07 02:55:10.771
Crypto,BTC,63313.0,64387.0,61339.0,-0.13258,2026-07-07 02:55:10.771
Crypto,ETH,1777.73,1819.88,1732.1,-0.21037,2026-07-07 02:55:10.771
Crypto,XRP,1.13,1.16,1.11,-1.40027,2026-07-07 02:55:10.771
Crypto,SOL,81.37,82.98,79.31,0.32332,2026-07-07 02:55:10.771
Crypto,ADA,0.181343,0.189015,0.178499,-4.00253,2026-07-07 02:55:10.771
Crypto,SOL,81.37,82.98,79.31,0.32332,2026-07-07 02:55:10.771
Crypto,XRP,1.13,1.16,1.11,-1.40027,2026-07-07 02:55:10.771
Crypto,SOL,81.37,82.98,79.31,0.32332,2026-07-07 02:55:10.771
Crypto,BTC,63824.0,63879.0,61339.0,1.79372,2026-07-06 20:55:11.425
Crypto,ETH,1794.5,1800.61,1732.1,1.03549,2026-07-06 20:55:11.425
Crypto,XRP,1.14,1.16,1.11,0.79734,2026-07-06 20:55:11.425
Crypto,SOL,81.99,82.17,79.31,1.28954,2026-07-06 20:55:11.425
Crypto,ADA,0.182895,0.19175,0.178499,-2.75912,2026-07-06 20:55:11.425
Crypto,BTC,63824.0,63879.0,61339.0,1.79372,2026-07-06 20:55:11.425
Crypto,ETH,1794.5,1800.61,1732.1,1.03549,2026-07-06 20:55:11.425
Crypto,XRP,1.14,1.16,1.11,0.79734,2026-07-06 20:55:11.425
Crypto,SOL,81.99,82.17,79.31,1.28954,2026-07-06 20:55:11.425
Crypto,ADA,0.182895,0.19175,0.178499,-2.75912,2026-07-06 20:55:11.425
Crypto,BTC,63313.0,64387.0,61339.0,-0.13258,2026-07-07 02:55:10.771
Crypto,ADA,0.181343,0.189015,0.178499,-4.00253,2026-07-07 02:55:10.771
Crypto,BTC,63824.0,63879.0,61339.0,1.79372,2026-07-06 20:55:11.425
Crypto,ETH,1794.5,1800.61,1732.1,1.03549,2026-07-06 20:55:11.425
Crypto,XRP,1.14,1.16,1.11,0.79734,2026-07-06 20:55:11.425
Crypto,SOL,81.99,82.17,79.31,1.28954,2026-07-06 20:55:11.425
Crypto,ADA,0.182895,0.19175,0.178499,-2.75912,2026-07-06 20:55:11.425
Crypto,BTC,61951.0,63857.0,61339.0,-1.25713,2026-07-06 14:55:11.160
Crypto,ETH,1748.11,1800.61,1732.1,-1.23928,2026-07-06 14:55:11.160
Crypto,XRP,1.12,1.16,1.11,-1.27151,2026-07-06 14:55:11.160
Crypto,SOL,80.18,82.17,79.31,-1.31936,2026-07-06 14:55:11.160
Crypto,ADA,0.181301,0.19175,0.178499,-4.15301,2026-07-06 14:55:11.160
Crypto,XRP,1.14,1.16,1.11,0.79734,2026-07-06 20:55:11.425
Crypto,BTC,63824.0,63879.0,61339.0,1.79372,2026-07-06 20:55:11.425
Crypto,ADA,0.182895,0.19175,0.178499,-2.75912,2026-07-06 20:55:11.425
Crypto,BTC,61951.0,63857.0,61339.0,-1.25713,2026-07-06 14:55:11.160
Crypto,ETH,1748.11,1800.61,1732.1,-1.23928,2026-07-06 14:55:11.160
Crypto,XRP,1.12,1.16,1.11,-1.27151,2026-07-06 14:55:11.160
Crypto,SOL,80.18,82.17,79.31,-1.31936,2026-07-06 14:55:11.160
Crypto,ADA,0.181301,0.19175,0.178499,-4.15301,2026-07-06 14:55:11.160
Crypto,BTC,61951.0,63857.0,61339.0,-1.25713,2026-07-06 14:55:11.160
Crypto,ETH,1748.11,1800.61,1732.1,-1.23928,2026-07-06 14:55:11.160
Crypto,XRP,1.12,1.16,1.11,-1.27151,2026-07-06 14:55:11.160
Crypto,SOL,80.18,82.17,79.31,-1.31936,2026-07-06 14:55:11.160
Crypto,ADA,0.181301,0.19175,0.178499,-4.15301,2026-07-06 14:55:11.160
Crypto,ETH,1794.5,1800.61,1732.1,1.03549,2026-07-06 20:55:11.425
Crypto,SOL,80.37,82.17,79.77,-0.16029,2026-07-06 08:55:10.952
Crypto,BTC,62840.0,63857.0,62462.0,-0.04395,2026-07-06 08:55:10.952
Crypto,ETH,1764.18,1800.61,1751.18,-0.13269,2026-07-06 08:55:10.952
Crypto,XRP,1.14,1.16,1.13,0.17175,2026-07-06 08:55:10.952
Crypto,SOL,80.37,82.17,79.77,-0.16029,2026-07-06 08:55:10.952
Crypto,ADA,0.18498,0.192313,0.183172,-3.81269,2026-07-06 08:55:10.952
Crypto,XRP,1.14,1.16,1.13,0.17175,2026-07-06 08:55:10.952
Crypto,BTC,62840.0,63857.0,62462.0,-0.04395,2026-07-06 08:55:10.952
Crypto,ETH,1764.18,1800.61,1751.18,-0.13269,2026-07-06 08:55:10.952
Crypto,XRP,1.14,1.16,1.13,0.17175,2026-07-06 08:55:10.952
Crypto,SOL,80.37,82.17,79.77,-0.16029,2026-07-06 08:55:10.952
Crypto,ADA,0.18498,0.192313,0.183172,-3.81269,2026-07-06 08:55:10.952
Crypto,ETH,1764.18,1800.61,1751.18,-0.13269,2026-07-06 08:55:10.952
Crypto,BTC,63358.0,63857.0,62462.0,1.16031,2026-07-06 02:55:11.250
Crypto,ETH,1781.11,1800.61,1751.18,1.25749,2026-07-06 02:55:11.250
Crypto,XRP,1.15,1.16,1.13,1.09105,2026-07-06 02:55:11.250
Crypto,SOL,80.98,82.17,79.77,0.99265,2026-07-06 02:55:11.250
Crypto,ADA,0.188899,0.193117,0.185588,-0.60051,2026-07-06 02:55:11.250
Crypto,SOL,80.37,82.17,79.77,-0.16029,2026-07-06 08:55:10.952
Crypto,BTC,63358.0,63857.0,62462.0,1.16031,2026-07-06 02:55:11.250
Crypto,ETH,1781.11,1800.61,1751.18,1.25749,2026-07-06 02:55:11.250
Crypto,XRP,1.15,1.16,1.13,1.09105,2026-07-06 02:55:11.250
Crypto,SOL,80.98,82.17,79.77,0.99265,2026-07-06 02:55:11.250
Crypto,ADA,0.188899,0.193117,0.185588,-0.60051,2026-07-06 02:55:11.250
Crypto,BTC,62840.0,63857.0,62462.0,-0.04395,2026-07-06 08:55:10.952
Crypto,ADA,0.18498,0.192313,0.183172,-3.81269,2026-07-06 08:55:10.952
Crypto,BTC,63358.0,63857.0,62462.0,1.16031,2026-07-06 02:55:11.250
Crypto,ETH,1781.11,1800.61,1751.18,1.25749,2026-07-06 02:55:11.250
Crypto,XRP,1.15,1.16,1.13,1.09105,2026-07-06 02:55:11.250
Crypto,SOL,80.98,82.17,79.77,0.99265,2026-07-06 02:55:11.250
Crypto,ADA,0.188899,0.193117,0.185588,-0.60051,2026-07-06 02:55:11.250
Crypto,XRP,1.14,1.16,1.13,0.17175,2026-07-06 08:55:10.952
Crypto,BTC,62699.0,63383.0,62462.0,-0.78766,2026-07-05 20:55:10.859
Crypto,ETH,1776.1,1791.89,1751.18,-0.57686,2026-07-05 20:55:10.859
Crypto,XRP,1.13,1.17,1.13,-2.27549,2026-07-05 20:55:10.859
Crypto,SOL,80.95,82.05,79.77,-1.20133,2026-07-05 20:55:10.859
Crypto,ADA,0.188261,0.194344,0.185588,-1.6296,2026-07-05 20:55:10.859
Crypto,XRP,1.15,1.16,1.13,1.09105,2026-07-06 02:55:11.250
Crypto,BTC,62699.0,63383.0,62462.0,-0.78766,2026-07-05 20:55:10.859
Crypto,ETH,1776.1,1791.89,1751.18,-0.57686,2026-07-05 20:55:10.859
Crypto,XRP,1.13,1.17,1.13,-2.27549,2026-07-05 20:55:10.859
Crypto,SOL,80.95,82.05,79.77,-1.20133,2026-07-05 20:55:10.859
Crypto,ADA,0.188261,0.194344,0.185588,-1.6296,2026-07-05 20:55:10.859
Crypto,BTC,63358.0,63857.0,62462.0,1.16031,2026-07-06 02:55:11.250
Crypto,ADA,0.188899,0.193117,0.185588,-0.60051,2026-07-06 02:55:11.250
Crypto,BTC,62699.0,63383.0,62462.0,-0.78766,2026-07-05 20:55:10.859
Crypto,ETH,1776.1,1791.89,1751.18,-0.57686,2026-07-05 20:55:10.859
Crypto,XRP,1.13,1.17,1.13,-2.27549,2026-07-05 20:55:10.859
Crypto,SOL,80.95,82.05,79.77,-1.20133,2026-07-05 20:55:10.859
Crypto,ADA,0.188261,0.194344,0.185588,-1.6296,2026-07-05 20:55:10.859
Crypto,ETH,1781.11,1800.61,1751.18,1.25749,2026-07-06 02:55:11.250
Crypto,BTC,62699.0,63383.0,62462.0,-0.78766,2026-07-05 20:55:10.859
Crypto,ADA,0.188261,0.194344,0.185588,-1.6296,2026-07-05 20:55:10.859
Crypto,BTC,62673.0,63383.0,62462.0,0.06181,2026-07-05 14:55:10.688
Crypto,ETH,1766.9,1801.59,1751.18,-0.18462,2026-07-05 14:55:10.688
Crypto,XRP,1.13,1.18,1.13,-2.89738,2026-07-05 14:55:10.688
Crypto,SOL,81.25,82.58,79.77,-0.52096,2026-07-05 14:55:10.688
Crypto,ADA,0.189195,0.198594,0.181459,4.26317,2026-07-05 14:55:10.688
Crypto,XRP,1.13,1.17,1.13,-2.27549,2026-07-05 20:55:10.859
Crypto,BTC,62673.0,63383.0,62462.0,0.06181,2026-07-05 14:55:10.688
Crypto,ETH,1766.9,1801.59,1751.18,-0.18462,2026-07-05 14:55:10.688
Crypto,XRP,1.13,1.18,1.13,-2.89738,2026-07-05 14:55:10.688
Crypto,SOL,81.25,82.58,79.77,-0.52096,2026-07-05 14:55:10.688
Crypto,ADA,0.189195,0.198594,0.181459,4.26317,2026-07-05 14:55:10.688
Crypto,ETH,1776.1,1791.89,1751.18,-0.57686,2026-07-05 20:55:10.859
Crypto,BTC,62673.0,63383.0,62462.0,0.06181,2026-07-05 14:55:10.688
Crypto,ETH,1766.9,1801.59,1751.18,-0.18462,2026-07-05 14:55:10.688
Crypto,XRP,1.13,1.18,1.13,-2.89738,2026-07-05 14:55:10.688
Crypto,SOL,81.25,82.58,79.77,-0.52096,2026-07-05 14:55:10.688
Crypto,ADA,0.189195,0.198594,0.181459,4.26317,2026-07-05 14:55:10.688
Crypto,BTC,62868.0,63383.0,62395.0,0.55526,2026-07-05 08:55:10.639
Crypto,ETH,1766.55,1801.59,1754.38,0.33477,2026-07-05 08:55:10.639
Crypto,XRP,1.14,1.18,1.13,-0.37159,2026-07-05 08:55:10.639
Crypto,SOL,80.47,82.58,80.18,-2.29546,2026-07-05 08:55:10.639
Crypto,ADA,0.192343,0.198594,0.175034,9.35907,2026-07-05 08:55:10.639
Crypto,XRP,1.13,1.18,1.13,-2.89738,2026-07-05 14:55:10.688
Crypto,BTC,62868.0,63383.0,62395.0,0.55526,2026-07-05 08:55:10.639
Crypto,ETH,1766.55,1801.59,1754.38,0.33477,2026-07-05 08:55:10.639
Crypto,XRP,1.14,1.18,1.13,-0.37159,2026-07-05 08:55:10.639
Crypto,SOL,80.47,82.58,80.18,-2.29546,2026-07-05 08:55:10.639
Crypto,ADA,0.192343,0.198594,0.175034,9.35907,2026-07-05 08:55:10.639
Crypto,BTC,62673.0,63383.0,62462.0,0.06181,2026-07-05 14:55:10.688
Crypto,ADA,0.189195,0.198594,0.181459,4.26317,2026-07-05 14:55:10.688
Crypto,BTC,62868.0,63383.0,62395.0,0.55526,2026-07-05 08:55:10.639
Crypto,ETH,1766.55,1801.59,1754.38,0.33477,2026-07-05 08:55:10.639
Crypto,XRP,1.14,1.18,1.13,-0.37159,2026-07-05 08:55:10.639
Crypto,SOL,80.47,82.58,80.18,-2.29546,2026-07-05 08:55:10.639
Crypto,ADA,0.192343,0.198594,0.175034,9.35907,2026-07-05 08:55:10.639
Crypto,SOL,81.25,82.58,79.77,-0.52096,2026-07-05 14:55:10.688
Crypto,SOL,80.47,82.58,80.18,-2.29546,2026-07-05 08:55:10.639
Crypto,BTC,62868.0,63383.0,62395.0,0.55526,2026-07-05 08:55:10.639
Crypto,ADA,0.192343,0.198594,0.175034,9.35907,2026-07-05 08:55:10.639
Crypto,BTC,62582.0,63383.0,62305.0,0.15875,2026-07-05 02:55:10.783
Crypto,ETH,1758.05,1801.59,1746.31,0.60046,2026-07-05 02:55:10.783
Crypto,XRP,1.13,1.18,1.13,-0.13893,2026-07-05 02:55:10.783
Crypto,SOL,80.21,83.74,80.24,-2.4469,2026-07-05 02:55:10.783
Crypto,ADA,0.190395,0.198594,0.175034,7.39913,2026-07-05 02:55:10.783
Crypto,BTC,62582.0,63383.0,62305.0,0.15875,2026-07-05 02:55:10.783
Crypto,ETH,1758.05,1801.59,1746.31,0.60046,2026-07-05 02:55:10.783
Crypto,XRP,1.13,1.18,1.13,-0.13893,2026-07-05 02:55:10.783
Crypto,SOL,80.21,83.74,80.24,-2.4469,2026-07-05 02:55:10.783
Crypto,ADA,0.190395,0.198594,0.175034,7.39913,2026-07-05 02:55:10.783
Crypto,XRP,1.14,1.18,1.13,-0.37159,2026-07-05 08:55:10.639
Crypto,ETH,1758.05,1801.59,1746.31,0.60046,2026-07-05 02:55:10.783
Crypto,BTC,63252.0,63334.0,62305.0,0.90143,2026-07-04 20:55:10.979
Crypto,ETH,1786.95,1801.59,1745.37,1.32204,2026-07-04 20:55:10.979
Crypto,XRP,1.16,1.18,1.13,1.99626,2026-07-04 20:55:10.979
Crypto,SOL,81.94,83.74,81.37,-0.89605,2026-07-04 20:55:10.979
Crypto,ADA,0.191425,0.198594,0.175034,5.79939,2026-07-04 20:55:10.979
Crypto,BTC,62582.0,63383.0,62305.0,0.15875,2026-07-05 02:55:10.783
Crypto,ADA,0.190395,0.198594,0.175034,7.39913,2026-07-05 02:55:10.783
Crypto,BTC,63252.0,63334.0,62305.0,0.90143,2026-07-04 20:55:10.979
Crypto,ETH,1786.95,1801.59,1745.37,1.32204,2026-07-04 20:55:10.979
Crypto,XRP,1.16,1.18,1.13,1.99626,2026-07-04 20:55:10.979
Crypto,SOL,81.94,83.74,81.37,-0.89605,2026-07-04 20:55:10.979
Crypto,ADA,0.191425,0.198594,0.175034,5.79939,2026-07-04 20:55:10.979
Crypto,BTC,63252.0,63334.0,62305.0,0.90143,2026-07-04 20:55:10.979
Crypto,ETH,1786.95,1801.59,1745.37,1.32204,2026-07-04 20:55:10.979
Crypto,XRP,1.16,1.18,1.13,1.99626,2026-07-04 20:55:10.979
Crypto,SOL,81.94,83.74,81.37,-0.89605,2026-07-04 20:55:10.979
Crypto,ADA,0.191425,0.198594,0.175034,5.79939,2026-07-04 20:55:10.979
Crypto,SOL,80.21,83.74,80.24,-2.4469,2026-07-05 02:55:10.783
Crypto,BTC,62619.0,62821.0,61789.0,0.79876,2026-07-04 14:55:11.386
Crypto,ETH,1768.73,1771.21,1728.23,1.86082,2026-07-04 14:55:11.386
Crypto,XRP,1.17,1.17,1.11,5.13047,2026-07-04 14:55:11.386
Crypto,SOL,81.65,83.74,81.15,0.16098,2026-07-04 14:55:11.386
Crypto,ADA,0.181594,0.182359,0.170357,6.59631,2026-07-04 14:55:11.386
Crypto,XRP,1.16,1.18,1.13,1.99626,2026-07-04 20:55:10.979
Crypto,BTC,62619.0,62821.0,61789.0,0.79876,2026-07-04 14:55:11.386
Crypto,ETH,1768.73,1771.21,1728.23,1.86082,2026-07-04 14:55:11.386
Crypto,XRP,1.17,1.17,1.11,5.13047,2026-07-04 14:55:11.386
Crypto,SOL,81.65,83.74,81.15,0.16098,2026-07-04 14:55:11.386
Crypto,ADA,0.181594,0.182359,0.170357,6.59631,2026-07-04 14:55:11.386
Crypto,BTC,63252.0,63334.0,62305.0,0.90143,2026-07-04 20:55:10.979
Crypto,ADA,0.191425,0.198594,0.175034,5.79939,2026-07-04 20:55:10.979
Crypto,BTC,62619.0,62821.0,61789.0,0.79876,2026-07-04 14:55:11.386
Crypto,ETH,1768.73,1771.21,1728.23,1.86082,2026-07-04 14:55:11.386
Crypto,XRP,1.17,1.17,1.11,5.13047,2026-07-04 14:55:11.386
Crypto,SOL,81.65,83.74,81.15,0.16098,2026-07-04 14:55:11.386
Crypto,ADA,0.181594,0.182359,0.170357,6.59631,2026-07-04 14:55:11.386
Crypto,ETH,1786.95,1801.59,1745.37,1.32204,2026-07-04 20:55:10.979
Crypto,BTC,62619.0,62821.0,61789.0,0.79876,2026-07-04 14:55:11.386
Crypto,XRP,1.17,1.17,1.11,5.13047,2026-07-04 14:55:11.386
Crypto,ADA,0.181594,0.182359,0.170357,6.59631,2026-07-04 14:55:11.386
Crypto,BTC,62584.0,62821.0,61514.0,1.7395,2026-07-04 08:55:10.243
Crypto,ETH,1762.07,1768.38,1717.36,2.60361,2026-07-04 08:55:10.243
Crypto,XRP,1.14,1.15,1.099,3.89313,2026-07-04 08:55:10.243
Crypto,SOL,82.38,83.74,80.68,1.81996,2026-07-04 08:55:10.243
Crypto,ADA,0.175979,0.182359,0.166054,5.87758,2026-07-04 08:55:10.243
Crypto,BTC,62584.0,62821.0,61514.0,1.7395,2026-07-04 08:55:10.243
Crypto,XRP,1.14,1.15,1.099,3.89313,2026-07-04 08:55:10.243
Crypto,ADA,0.175979,0.182359,0.166054,5.87758,2026-07-04 08:55:10.243
Crypto,ETH,1762.07,1768.38,1717.36,2.60361,2026-07-04 08:55:10.243
Crypto,BTC,62498.0,62821.0,61272.0,1.84895,2026-07-04 02:55:10.821
Crypto,ETH,1748.35,1768.38,1698.74,2.67267,2026-07-04 02:55:10.821
Crypto,XRP,1.14,1.14,1.086,4.38098,2026-07-04 02:55:10.821
Crypto,SOL,82.21,82.82,80.37,1.83824,2026-07-04 02:55:10.821
Crypto,ADA,0.177325,0.182359,0.16331,6.60135,2026-07-04 02:55:10.821
Crypto,SOL,82.38,83.74,80.68,1.81996,2026-07-04 08:55:10.243
Crypto,BTC,62498.0,62821.0,61272.0,1.84895,2026-07-04 02:55:10.821
Crypto,ETH,1748.35,1768.38,1698.74,2.67267,2026-07-04 02:55:10.821
Crypto,XRP,1.14,1.14,1.086,4.38098,2026-07-04 02:55:10.821
Crypto,SOL,82.21,82.82,80.37,1.83824,2026-07-04 02:55:10.821
Crypto,ADA,0.177325,0.182359,0.16331,6.60135,2026-07-04 02:55:10.821
Crypto,BTC,62584.0,62821.0,61514.0,1.7395,2026-07-04 08:55:10.243
Crypto,ADA,0.175979,0.182359,0.166054,5.87758,2026-07-04 08:55:10.243
Crypto,BTC,62498.0,62821.0,61272.0,1.84895,2026-07-04 02:55:10.821
Crypto,ETH,1748.35,1768.38,1698.74,2.67267,2026-07-04 02:55:10.821
Crypto,XRP,1.14,1.14,1.086,4.38098,2026-07-04 02:55:10.821
Crypto,SOL,82.21,82.82,80.37,1.83824,2026-07-04 02:55:10.821
Crypto,ADA,0.177325,0.182359,0.16331,6.60135,2026-07-04 02:55:10.821
Crypto,BTC,62498.0,62821.0,61272.0,1.84895,2026-07-04 02:55:10.821
Crypto,ADA,0.177325,0.182359,0.16331,6.60135,2026-07-04 02:55:10.821
Crypto,BTC,62753.0,62764.0,61218.0,2.0246,2026-07-03 20:55:11.434
Crypto,ETH,1766.14,1768.38,1690.96,3.68725,2026-07-03 20:55:11.434
Crypto,XRP,1.14,1.14,1.078,5.23318,2026-07-03 20:55:11.434
Crypto,SOL,82.69,82.82,80.37,2.29573,2026-07-03 20:55:11.434
Crypto,ADA,0.181144,0.182359,0.160395,12.10145,2026-07-03 20:55:11.434
Crypto,XRP,1.14,1.14,1.086,4.38098,2026-07-04 02:55:10.821
Crypto,BTC,62753.0,62764.0,61218.0,2.0246,2026-07-03 20:55:11.434
Crypto,ETH,1766.14,1768.38,1690.96,3.68725,2026-07-03 20:55:11.434
Crypto,XRP,1.14,1.14,1.078,5.23318,2026-07-03 20:55:11.434
Crypto,SOL,82.69,82.82,80.37,2.29573,2026-07-03 20:55:11.434
Crypto,ADA,0.181144,0.182359,0.160395,12.10145,2026-07-03 20:55:11.434
Crypto,BTC,62753.0,62764.0,61218.0,2.0246,2026-07-03 20:55:11.434
Crypto,ETH,1766.14,1768.38,1690.96,3.68725,2026-07-03 20:55:11.434
Crypto,XRP,1.14,1.14,1.078,5.23318,2026-07-03 20:55:11.434
Crypto,SOL,82.69,82.82,80.37,2.29573,2026-07-03 20:55:11.434
Crypto,ADA,0.181144,0.182359,0.160395,12.10145,2026-07-03 20:55:11.434
Crypto,ETH,1748.35,1768.38,1698.74,2.67267,2026-07-04 02:55:10.821
Crypto,SOL,82.69,82.82,80.37,2.29573,2026-07-03 20:55:11.434
Crypto,BTC,62076.0,62080.0,61120.0,0.83978,2026-07-03 14:55:11.220
Crypto,ETH,1734.6,1747.21,1686.78,2.21559,2026-07-03 14:55:11.220
Crypto,XRP,1.11,1.11,1.078,2.05428,2026-07-03 14:55:11.220
Crypto,SOL,81.46,81.57,80.2,1.07964,2026-07-03 14:55:11.220
Crypto,ADA,0.170385,0.170825,0.158914,6.70431,2026-07-03 14:55:11.220
Crypto,BTC,62753.0,62764.0,61218.0,2.0246,2026-07-03 20:55:11.434
Crypto,ADA,0.181144,0.182359,0.160395,12.10145,2026-07-03 20:55:11.434
Crypto,BTC,62076.0,62080.0,61120.0,0.83978,2026-07-03 14:55:11.220
Crypto,ETH,1734.6,1747.21,1686.78,2.21559,2026-07-03 14:55:11.220
Crypto,XRP,1.11,1.11,1.078,2.05428,2026-07-03 14:55:11.220
Crypto,SOL,81.46,81.57,80.2,1.07964,2026-07-03 14:55:11.220
Crypto,ADA,0.170385,0.170825,0.158914,6.70431,2026-07-03 14:55:11.220
Crypto,BTC,62076.0,62080.0,61120.0,0.83978,2026-07-03 14:55:11.220
Crypto,ETH,1734.6,1747.21,1686.78,2.21559,2026-07-03 14:55:11.220
Crypto,XRP,1.11,1.11,1.078,2.05428,2026-07-03 14:55:11.220
Crypto,SOL,81.46,81.57,80.2,1.07964,2026-07-03 14:55:11.220
Crypto,ADA,0.170385,0.170825,0.158914,6.70431,2026-07-03 14:55:11.220
Crypto,ETH,1766.14,1768.38,1690.96,3.68725,2026-07-03 20:55:11.434
Crypto,BTC,61554.0,62060.0,60340.0,1.85786,2026-07-03 08:55:10.492
Crypto,ETH,1719.15,1726.67,1619.52,5.92947,2026-07-03 08:55:10.492
Crypto,XRP,1.1,1.11,1.062,3.53366,2026-07-03 08:55:10.492
Crypto,SOL,80.95,82.4,78.28,3.37014,2026-07-03 08:55:10.492
Crypto,ADA,0.166068,0.167882,0.155711,6.20849,2026-07-03 08:55:10.492
Crypto,XRP,1.11,1.11,1.078,2.05428,2026-07-03 14:55:11.220
Crypto,BTC,61554.0,62060.0,60340.0,1.85786,2026-07-03 08:55:10.492
Crypto,ETH,1719.15,1726.67,1619.52,5.92947,2026-07-03 08:55:10.492
Crypto,XRP,1.1,1.11,1.062,3.53366,2026-07-03 08:55:10.492
Crypto,SOL,80.95,82.4,78.28,3.37014,2026-07-03 08:55:10.492
Crypto,ADA,0.166068,0.167882,0.155711,6.20849,2026-07-03 08:55:10.492
Crypto,SOL,81.46,81.57,80.2,1.07964,2026-07-03 14:55:11.220
Crypto,BTC,61554.0,62060.0,60340.0,1.85786,2026-07-03 08:55:10.492
Crypto,ETH,1719.15,1726.67,1619.52,5.92947,2026-07-03 08:55:10.492
Crypto,XRP,1.1,1.11,1.062,3.53366,2026-07-03 08:55:10.492
Crypto,SOL,80.95,82.4,78.28,3.37014,2026-07-03 08:55:10.492
Crypto,ADA,0.166068,0.167882,0.155711,6.20849,2026-07-03 08:55:10.492
Crypto,BTC,62076.0,62080.0,61120.0,0.83978,2026-07-03 14:55:11.220
Crypto,ADA,0.170385,0.170825,0.158914,6.70431,2026-07-03 14:55:11.220
Crypto,BTC,61347.0,62060.0,60055.0,1.59308,2026-07-03 02:55:11.207
Crypto,ETH,1701.52,1717.43,1613.3,5.06415,2026-07-03 02:55:11.207
Crypto,XRP,1.088,1.11,1.055,2.80652,2026-07-03 02:55:11.207
Crypto,SOL,80.72,82.4,77.63,3.07394,2026-07-03 02:55:11.207
Crypto,ADA,0.166344,0.167882,0.153825,7.6996,2026-07-03 02:55:11.207
Crypto,ETH,1719.15,1726.67,1619.52,5.92947,2026-07-03 08:55:10.492
Crypto,SOL,80.95,82.4,78.28,3.37014,2026-07-03 08:55:10.492
Crypto,BTC,61347.0,62060.0,60055.0,1.59308,2026-07-03 02:55:11.207
Crypto,ETH,1701.52,1717.43,1613.3,5.06415,2026-07-03 02:55:11.207
Crypto,XRP,1.088,1.11,1.055,2.80652,2026-07-03 02:55:11.207
Crypto,SOL,80.72,82.4,77.63,3.07394,2026-07-03 02:55:11.207
Crypto,ADA,0.166344,0.167882,0.153825,7.6996,2026-07-03 02:55:11.207
Crypto,BTC,61347.0,62060.0,60055.0,1.59308,2026-07-03 02:55:11.207
Crypto,XRP,1.088,1.11,1.055,2.80652,2026-07-03 02:55:11.207
Crypto,ADA,0.166344,0.167882,0.153825,7.6996,2026-07-03 02:55:11.207
Crypto,SOL,80.72,82.4,77.63,3.07394,2026-07-03 02:55:11.207
Crypto,BTC,61371.0,62060.0,59540.0,2.17435,2026-07-02 20:55:10.266
Crypto,ETH,1698.32,1717.43,1596.41,5.10735,2026-07-02 20:55:10.266
Crypto,XRP,1.082,1.11,1.045,2.28734,2026-07-02 20:55:10.266
Crypto,SOL,80.83,82.4,76.9,4.57747,2026-07-02 20:55:10.266
Crypto,ADA,0.161604,0.162092,0.15266,5.14919,2026-07-02 20:55:10.266
Crypto,ETH,1701.52,1717.43,1613.3,5.06415,2026-07-03 02:55:11.207
Crypto,BTC,61371.0,62060.0,59540.0,2.17435,2026-07-02 20:55:10.266
Crypto,ETH,1698.32,1717.43,1596.41,5.10735,2026-07-02 20:55:10.266
Crypto,XRP,1.082,1.11,1.045,2.28734,2026-07-02 20:55:10.266
Crypto,SOL,80.83,82.4,76.9,4.57747,2026-07-02 20:55:10.266
Crypto,ADA,0.161604,0.162092,0.15266,5.14919,2026-07-02 20:55:10.266
Crypto,BTC,61371.0,62060.0,59540.0,2.17435,2026-07-02 20:55:10.266
Crypto,ETH,1698.32,1717.43,1596.41,5.10735,2026-07-02 20:55:10.266
Crypto,XRP,1.082,1.11,1.045,2.28734,2026-07-02 20:55:10.266
Crypto,SOL,80.83,82.4,76.9,4.57747,2026-07-02 20:55:10.266
Crypto,ADA,0.161604,0.162092,0.15266,5.14919,2026-07-02 20:55:10.266
Crypto,XRP,1.088,1.11,1.055,2.80652,2026-07-03 02:55:11.207
Crypto,BTC,61516.0,62060.0,59466.0,3.44652,2026-07-02 14:55:11.017
Crypto,ETH,1695.21,1717.43,1596.41,6.07327,2026-07-02 14:55:11.017
Crypto,XRP,1.089,1.11,1.045,3.6352,2026-07-02 14:55:11.017
Crypto,SOL,80.43,82.4,76.6,4.64351,2026-07-02 14:55:11.017
Crypto,ADA,0.159817,0.162092,0.15266,2.85845,2026-07-02 14:55:11.017
Crypto,XRP,1.082,1.11,1.045,2.28734,2026-07-02 20:55:10.266
Crypto,BTC,61516.0,62060.0,59466.0,3.44652,2026-07-02 14:55:11.017
Crypto,ETH,1695.21,1717.43,1596.41,6.07327,2026-07-02 14:55:11.017
Crypto,XRP,1.089,1.11,1.045,3.6352,2026-07-02 14:55:11.017
Crypto,SOL,80.43,82.4,76.6,4.64351,2026-07-02 14:55:11.017
Crypto,ADA,0.159817,0.162092,0.15266,2.85845,2026-07-02 14:55:11.017
Crypto,BTC,61371.0,62060.0,59540.0,2.17435,2026-07-02 20:55:10.266
Crypto,ADA,0.161604,0.162092,0.15266,5.14919,2026-07-02 20:55:10.266
Crypto,BTC,61516.0,62060.0,59466.0,3.44652,2026-07-02 14:55:11.017
Crypto,ETH,1695.21,1717.43,1596.41,6.07327,2026-07-02 14:55:11.017
Crypto,XRP,1.089,1.11,1.045,3.6352,2026-07-02 14:55:11.017
Crypto,SOL,80.43,82.4,76.6,4.64351,2026-07-02 14:55:11.017
Crypto,ADA,0.159817,0.162092,0.15266,2.85845,2026-07-02 14:55:11.017
Crypto,ETH,1698.32,1717.43,1596.41,5.10735,2026-07-02 20:55:10.266
Crypto,ETH,1695.21,1717.43,1596.41,6.07327,2026-07-02 14:55:11.017
Crypto,BTC,60437.0,60978.0,58279.0,2.6368,2026-07-02 08:55:11.235
Crypto,ETH,1622.93,1637.22,1564.82,2.82457,2026-07-02 08:55:11.235
Crypto,XRP,1.063,1.069,1.034,2.05601,2026-07-02 08:55:11.235
Crypto,SOL,78.32,78.62,74.34,4.81251,2026-07-02 08:55:11.235
Crypto,ADA,0.156357,0.157404,0.149845,4.34593,2026-07-02 08:55:11.235
Crypto,XRP,1.089,1.11,1.045,3.6352,2026-07-02 14:55:11.017
Crypto,BTC,60437.0,60978.0,58279.0,2.6368,2026-07-02 08:55:11.235
Crypto,ETH,1622.93,1637.22,1564.82,2.82457,2026-07-02 08:55:11.235
Crypto,XRP,1.063,1.069,1.034,2.05601,2026-07-02 08:55:11.235
Crypto,SOL,78.32,78.62,74.34,4.81251,2026-07-02 08:55:11.235
Crypto,ADA,0.156357,0.157404,0.149845,4.34593,2026-07-02 08:55:11.235
Crypto,SOL,80.43,82.4,76.6,4.64351,2026-07-02 14:55:11.017
Crypto,XRP,1.063,1.069,1.034,2.05601,2026-07-02 08:55:11.235
Crypto,BTC,60310.0,60978.0,58279.0,2.20715,2026-07-02 02:55:11.270
Crypto,ETH,1619.09,1636.76,1564.82,2.20112,2026-07-02 02:55:11.270
Crypto,XRP,1.058,1.069,1.034,1.3124,2026-07-02 02:55:11.270
Crypto,SOL,78.32,78.52,74.04,4.84585,2026-07-02 02:55:11.270
Crypto,ADA,0.154469,0.157404,0.146062,5.73437,2026-07-02 02:55:11.270
Crypto,ETH,1622.93,1637.22,1564.82,2.82457,2026-07-02 08:55:11.235
Crypto,BTC,60310.0,60978.0,58279.0,2.20715,2026-07-02 02:55:11.270
Crypto,ETH,1619.09,1636.76,1564.82,2.20112,2026-07-02 02:55:11.270
Crypto,XRP,1.058,1.069,1.034,1.3124,2026-07-02 02:55:11.270
Crypto,SOL,78.32,78.52,74.04,4.84585,2026-07-02 02:55:11.270
Crypto,ADA,0.154469,0.157404,0.146062,5.73437,2026-07-02 02:55:11.270
Crypto,SOL,78.32,78.62,74.34,4.81251,2026-07-02 08:55:11.235
Crypto,BTC,60310.0,60978.0,58279.0,2.20715,2026-07-02 02:55:11.270
Crypto,ETH,1619.09,1636.76,1564.82,2.20112,2026-07-02 02:55:11.270
Crypto,XRP,1.058,1.069,1.034,1.3124,2026-07-02 02:55:11.270
Crypto,SOL,78.32,78.52,74.04,4.84585,2026-07-02 02:55:11.270
Crypto,ADA,0.154469,0.157404,0.146062,5.73437,2026-07-02 02:55:11.270
Crypto,SOL,77.28,77.75,72.72,5.03941,2026-07-01 20:55:10.757
Crypto,BTC,60054.0,60359.0,57945.0,2.3616,2026-07-01 20:55:10.757
Crypto,ETH,1615.72,1625.09,1557.35,2.65707,2026-07-01 20:55:10.757
Crypto,XRP,1.058,1.063,1.027,1.49091,2026-07-01 20:55:10.757
Crypto,SOL,77.28,77.75,72.72,5.03941,2026-07-01 20:55:10.757
Crypto,ADA,0.153682,0.157108,0.142876,6.94435,2026-07-01 20:55:10.757
Crypto,XRP,1.058,1.063,1.027,1.49091,2026-07-01 20:55:10.757
Crypto,BTC,60054.0,60359.0,57945.0,2.3616,2026-07-01 20:55:10.757
Crypto,ETH,1615.72,1625.09,1557.35,2.65707,2026-07-01 20:55:10.757
Crypto,XRP,1.058,1.063,1.027,1.49091,2026-07-01 20:55:10.757
Crypto,SOL,77.28,77.75,72.72,5.03941,2026-07-01 20:55:10.757
Crypto,ADA,0.153682,0.157108,0.142876,6.94435,2026-07-01 20:55:10.757
Crypto,ETH,1615.72,1625.09,1557.35,2.65707,2026-07-01 20:55:10.757
Crypto,XRP,1.058,1.063,1.027,1.49091,2026-07-01 20:55:10.757
Crypto,BTC,59658.0,59950.0,57945.0,2.11176,2026-07-01 14:55:11.746
Crypto,ETH,1599.73,1612.21,1557.35,2.50209,2026-07-01 14:55:11.746
Crypto,XRP,1.051,1.056,1.027,1.6329,2026-07-01 14:55:11.746
Crypto,SOL,76.9,76.84,72.69,5.4722,2026-07-01 14:55:11.746
Crypto,ADA,0.155341,0.156411,0.142876,8.00673,2026-07-01 14:55:11.746
Crypto,SOL,77.28,77.75,72.72,5.03941,2026-07-01 20:55:10.757
Crypto,BTC,59658.0,59950.0,57945.0,2.11176,2026-07-01 14:55:11.746
Crypto,ETH,1599.73,1612.21,1557.35,2.50209,2026-07-01 14:55:11.746
Crypto,XRP,1.051,1.056,1.027,1.6329,2026-07-01 14:55:11.746
Crypto,SOL,76.9,76.84,72.69,5.4722,2026-07-01 14:55:11.746
Crypto,ADA,0.155341,0.156411,0.142876,8.00673,2026-07-01 14:55:11.746
Crypto,BTC,59658.0,59950.0,57945.0,2.11176,2026-07-01 14:55:11.746
Crypto,ETH,1599.73,1612.21,1557.35,2.50209,2026-07-01 14:55:11.746
Crypto,XRP,1.051,1.056,1.027,1.6329,2026-07-01 14:55:11.746
Crypto,SOL,76.9,76.84,72.69,5.4722,2026-07-01 14:55:11.746
Crypto,ADA,0.155341,0.156411,0.142876,8.00673,2026-07-01 14:55:11.746
Crypto,BTC,60054.0,60359.0,57945.0,2.3616,2026-07-01 20:55:10.757
Crypto,ADA,0.153682,0.157108,0.142876,6.94435,2026-07-01 20:55:10.757
Crypto,ETH,1599.73,1612.21,1557.35,2.50209,2026-07-01 14:55:11.746
Crypto,BTC,58715.0,59313.0,57945.0,-0.8604,2026-07-01 08:55:11.012
Crypto,ETH,1574.19,1598.1,1551.15,-0.45639,2026-07-01 08:55:11.012
Crypto,XRP,1.041,1.051,1.027,-0.00101,2026-07-01 08:55:11.012
Crypto,SOL,74.69,75.58,72.03,1.85193,2026-07-01 08:55:11.012
Crypto,ADA,0.149827,0.151935,0.142122,4.01785,2026-07-01 08:55:11.012
Crypto,XRP,1.051,1.056,1.027,1.6329,2026-07-01 14:55:11.746
Crypto,BTC,58715.0,59313.0,57945.0,-0.8604,2026-07-01 08:55:11.012
Crypto,ETH,1574.19,1598.1,1551.15,-0.45639,2026-07-01 08:55:11.012
Crypto,XRP,1.041,1.051,1.027,-0.00101,2026-07-01 08:55:11.012
Crypto,SOL,74.69,75.58,72.03,1.85193,2026-07-01 08:55:11.012
Crypto,ADA,0.149827,0.151935,0.142122,4.01785,2026-07-01 08:55:11.012
Crypto,BTC,58715.0,59313.0,57945.0,-0.8604,2026-07-01 08:55:11.012
Crypto,ETH,1574.19,1598.1,1551.15,-0.45639,2026-07-01 08:55:11.012
Crypto,XRP,1.041,1.051,1.027,-0.00101,2026-07-01 08:55:11.012
Crypto,SOL,74.69,75.58,72.03,1.85193,2026-07-01 08:55:11.012
Crypto,ADA,0.149827,0.151935,0.142122,4.01785,2026-07-01 08:55:11.012
Crypto,SOL,76.9,76.84,72.69,5.4722,2026-07-01 14:55:11.746
Crypto,SOL,74.69,75.58,72.03,1.85193,2026-07-01 08:55:11.012
Crypto,XRP,1.041,1.051,1.027,-0.00101,2026-07-01 08:55:11.012
Crypto,BTC,58978.0,59913.0,57945.0,-1.50312,2026-07-01 02:55:11.104
Crypto,ETH,1583.37,1592.68,1551.15,-0.34569,2026-07-01 02:55:11.104
Crypto,XRP,1.044,1.05,1.027,-0.5836,2026-07-01 02:55:11.104
Crypto,SOL,74.66,74.8,72.03,0.04552,2026-07-01 02:55:11.104
Crypto,ADA,0.146042,0.14624,0.142122,0.99966,2026-07-01 02:55:11.104
Crypto,BTC,58978.0,59913.0,57945.0,-1.50312,2026-07-01 02:55:11.104
Crypto,ETH,1583.37,1592.68,1551.15,-0.34569,2026-07-01 02:55:11.104
Crypto,XRP,1.044,1.05,1.027,-0.5836,2026-07-01 02:55:11.104
Crypto,SOL,74.66,74.8,72.03,0.04552,2026-07-01 02:55:11.104
Crypto,ADA,0.146042,0.14624,0.142122,0.99966,2026-07-01 02:55:11.104
Crypto,BTC,58715.0,59313.0,57945.0,-0.8604,2026-07-01 08:55:11.012
Crypto,ADA,0.149827,0.151935,0.142122,4.01785,2026-07-01 08:55:11.012
Crypto,BTC,58629.0,60444.0,58149.0,-2.6242,2026-06-30 20:55:10.876
Crypto,ETH,1573.23,1619.5,1551.15,-2.61979,2026-06-30 20:55:10.876
Crypto,XRP,1.042,1.064,1.027,-1.99035,2026-06-30 20:55:10.876
Crypto,SOL,73.59,75.58,72.03,-2.25798,2026-06-30 20:55:10.876
Crypto,ADA,0.143708,0.147409,0.142122,-2.17149,2026-06-30 20:55:10.876
Crypto,ETH,1583.37,1592.68,1551.15,-0.34569,2026-07-01 02:55:11.104
Crypto,BTC,58978.0,59913.0,57945.0,-1.50312,2026-07-01 02:55:11.104
Crypto,ADA,0.146042,0.14624,0.142122,0.99966,2026-07-01 02:55:11.104
Crypto,BTC,58629.0,60444.0,58149.0,-2.6242,2026-06-30 20:55:10.876
Crypto,ETH,1573.23,1619.5,1551.15,-2.61979,2026-06-30 20:55:10.876
Crypto,XRP,1.042,1.064,1.027,-1.99035,2026-06-30 20:55:10.876
Crypto,SOL,73.59,75.58,72.03,-2.25798,2026-06-30 20:55:10.876
Crypto,ADA,0.143708,0.147409,0.142122,-2.17149,2026-06-30 20:55:10.876
Crypto,BTC,58629.0,60444.0,58149.0,-2.6242,2026-06-30 20:55:10.876
Crypto,ETH,1573.23,1619.5,1551.15,-2.61979,2026-06-30 20:55:10.876
Crypto,XRP,1.042,1.064,1.027,-1.99035,2026-06-30 20:55:10.876
Crypto,SOL,73.59,75.58,72.03,-2.25798,2026-06-30 20:55:10.876
Crypto,ADA,0.143708,0.147409,0.142122,-2.17149,2026-06-30 20:55:10.876
Crypto,SOL,74.66,74.8,72.03,0.04552,2026-07-01 02:55:11.104
Crypto,BTC,58476.0,60492.0,58226.0,-1.42625,2026-06-30 14:55:10.952
Crypto,ETH,1561.06,1630.03,1551.15,-0.47274,2026-06-30 14:55:10.952
Crypto,XRP,1.034,1.073,1.027,-0.75886,2026-06-30 14:55:10.952
Crypto,SOL,72.92,75.93,72.03,-0.10532,2026-06-30 14:55:10.952
Crypto,ADA,0.14389,0.147928,0.142122,-0.12874,2026-06-30 14:55:10.952
Crypto,BTC,58476.0,60492.0,58226.0,-1.42625,2026-06-30 14:55:10.952
Crypto,XRP,1.034,1.073,1.027,-0.75886,2026-06-30 14:55:10.952
Crypto,ADA,0.14389,0.147928,0.142122,-0.12874,2026-06-30 14:55:10.952
Crypto,BTC,59209.0,60644.0,59023.0,-0.9335,2026-06-30 08:55:11.045
Crypto,ETH,1580.08,1630.03,1559.22,0.58852,2026-06-30 08:55:11.045
Crypto,XRP,1.042,1.073,1.041,-0.16164,2026-06-30 08:55:11.045
Crypto,SOL,73.33,75.93,72.27,0.84433,2026-06-30 08:55:11.045
Crypto,ADA,0.144037,0.147928,0.143306,-0.06151,2026-06-30 08:55:11.045
Crypto,BTC,59209.0,60644.0,59023.0,-0.9335,2026-06-30 08:55:11.045
Crypto,XRP,1.042,1.073,1.041,-0.16164,2026-06-30 08:55:11.045
Crypto,ADA,0.144037,0.147928,0.143306,-0.06151,2026-06-30 08:55:11.045
Crypto,BTC,59209.0,60644.0,59023.0,-0.9335,2026-06-30 08:55:11.045
Crypto,ADA,0.144037,0.147928,0.143306,-0.06151,2026-06-30 08:55:11.045
Crypto,BTC,59946.0,60644.0,59023.0,0.47631,2026-06-30 02:55:10.949
Crypto,ETH,1590.57,1630.03,1559.22,1.02381,2026-06-30 02:55:10.949
Crypto,XRP,1.05,1.073,1.037,0.52378,2026-06-30 02:55:10.949
Crypto,SOL,74.63,75.93,71.13,3.68659,2026-06-30 02:55:10.949
Crypto,ADA,0.144568,0.147928,0.1428,0.36993,2026-06-30 02:55:10.949
Crypto,SOL,73.33,75.93,72.27,0.84433,2026-06-30 08:55:11.045
Crypto,BTC,59946.0,60644.0,59023.0,0.47631,2026-06-30 02:55:10.949
Crypto,ETH,1590.57,1630.03,1559.22,1.02381,2026-06-30 02:55:10.949
Crypto,XRP,1.05,1.073,1.037,0.52378,2026-06-30 02:55:10.949
Crypto,SOL,74.63,75.93,71.13,3.68659,2026-06-30 02:55:10.949
Crypto,ADA,0.144568,0.147928,0.1428,0.36993,2026-06-30 02:55:10.949
Crypto,XRP,1.042,1.073,1.041,-0.16164,2026-06-30 08:55:11.045
Crypto,BTC,59946.0,60644.0,59023.0,0.47631,2026-06-30 02:55:10.949
Crypto,ETH,1590.57,1630.03,1559.22,1.02381,2026-06-30 02:55:10.949
Crypto,XRP,1.05,1.073,1.037,0.52378,2026-06-30 02:55:10.949
Crypto,SOL,74.63,75.93,71.13,3.68659,2026-06-30 02:55:10.949
Crypto,ADA,0.144568,0.147928,0.1428,0.36993,2026-06-30 02:55:10.949
Crypto,BTC,60229.0,60644.0,58935.0,1.10008,2026-06-29 20:55:10.707
Crypto,ETH,1617.79,1630.03,1553.81,2.96799,2026-06-29 20:55:10.707
Crypto,XRP,1.064,1.073,1.034,1.76058,2026-06-29 20:55:10.707
Crypto,SOL,75.29,75.93,70.05,6.4727,2026-06-29 20:55:10.707
Crypto,ADA,0.146856,0.147928,0.141761,2.43094,2026-06-29 20:55:10.707
Crypto,ETH,1590.57,1630.03,1559.22,1.02381,2026-06-30 02:55:10.949
Crypto,BTC,60229.0,60644.0,58935.0,1.10008,2026-06-29 20:55:10.707
Crypto,ETH,1617.79,1630.03,1553.81,2.96799,2026-06-29 20:55:10.707
Crypto,XRP,1.064,1.073,1.034,1.76058,2026-06-29 20:55:10.707
Crypto,SOL,75.29,75.93,70.05,6.4727,2026-06-29 20:55:10.707
Crypto,ADA,0.146856,0.147928,0.141761,2.43094,2026-06-29 20:55:10.707
Crypto,BTC,60229.0,60644.0,58935.0,1.10008,2026-06-29 20:55:10.707
Crypto,ETH,1617.79,1630.03,1553.81,2.96799,2026-06-29 20:55:10.707
Crypto,XRP,1.064,1.073,1.034,1.76058,2026-06-29 20:55:10.707
Crypto,SOL,75.29,75.93,70.05,6.4727,2026-06-29 20:55:10.707
Crypto,ADA,0.146856,0.147928,0.141761,2.43094,2026-06-29 20:55:10.707
Crypto,XRP,1.05,1.073,1.037,0.52378,2026-06-30 02:55:10.949
Crypto,BTC,59946.0,60644.0,59023.0,0.47631,2026-06-30 02:55:10.949
Crypto,ADA,0.144568,0.147928,0.1428,0.36993,2026-06-30 02:55:10.949
Crypto,BTC,59416.0,60644.0,58935.0,-0.90609,2026-06-29 14:55:11.173
Crypto,ETH,1569.88,1592.61,1553.81,-0.64596,2026-06-29 14:55:11.173
Crypto,XRP,1.044,1.062,1.034,-0.84675,2026-06-29 14:55:11.173
Crypto,SOL,73.14,74.13,70.05,1.90046,2026-06-29 14:55:11.173
Crypto,ADA,0.144076,0.146382,0.141761,-0.38547,2026-06-29 14:55:11.173
Crypto,SOL,75.29,75.93,70.05,6.4727,2026-06-29 20:55:10.707
Crypto,BTC,59416.0,60644.0,58935.0,-0.90609,2026-06-29 14:55:11.173
Crypto,ETH,1569.88,1592.61,1553.81,-0.64596,2026-06-29 14:55:11.173
Crypto,XRP,1.044,1.062,1.034,-0.84675,2026-06-29 14:55:11.173
Crypto,SOL,73.14,74.13,70.05,1.90046,2026-06-29 14:55:11.173
Crypto,ADA,0.144076,0.146382,0.141761,-0.38547,2026-06-29 14:55:11.173
Crypto,XRP,1.064,1.073,1.034,1.76058,2026-06-29 20:55:10.707
Crypto,BTC,59416.0,60644.0,58935.0,-0.90609,2026-06-29 14:55:11.173
Crypto,ETH,1569.88,1592.61,1553.81,-0.64596,2026-06-29 14:55:11.173
Crypto,XRP,1.044,1.062,1.034,-0.84675,2026-06-29 14:55:11.173
Crypto,SOL,73.14,74.13,70.05,1.90046,2026-06-29 14:55:11.173
Crypto,ADA,0.144076,0.146382,0.141761,-0.38547,2026-06-29 14:55:11.173
Crypto,BTC,60229.0,60644.0,58935.0,1.10008,2026-06-29 20:55:10.707
Crypto,ADA,0.146856,0.147928,0.141761,2.43094,2026-06-29 20:55:10.707
Crypto,XRP,1.044,1.062,1.034,-0.84675,2026-06-29 14:55:11.173
Crypto,BTC,59812.0,60314.0,58935.0,-0.80575,2026-06-29 08:55:10.979
Crypto,ETH,1572.64,1584.96,1553.81,-0.44756,2026-06-29 08:55:10.979
Crypto,XRP,1.044,1.054,1.034,-0.92826,2026-06-29 08:55:10.979
Crypto,SOL,72.79,73.0,70.05,1.30252,2026-06-29 08:55:10.979
Crypto,ADA,0.144224,0.145993,0.141761,-1.10478,2026-06-29 08:55:10.979
Crypto,BTC,59416.0,60644.0,58935.0,-0.90609,2026-06-29 14:55:11.173
Crypto,ADA,0.144076,0.146382,0.141761,-0.38547,2026-06-29 14:55:11.173
Crypto,BTC,59812.0,60314.0,58935.0,-0.80575,2026-06-29 08:55:10.979
Crypto,ETH,1572.64,1584.96,1553.81,-0.44756,2026-06-29 08:55:10.979
Crypto,XRP,1.044,1.054,1.034,-0.92826,2026-06-29 08:55:10.979
Crypto,SOL,72.79,73.0,70.05,1.30252,2026-06-29 08:55:10.979
Crypto,ADA,0.144224,0.145993,0.141761,-1.10478,2026-06-29 08:55:10.979
Crypto,SOL,73.14,74.13,70.05,1.90046,2026-06-29 14:55:11.173
Crypto,BTC,59812.0,60314.0,58935.0,-0.80575,2026-06-29 08:55:10.979
Crypto,ETH,1572.64,1584.96,1553.81,-0.44756,2026-06-29 08:55:10.979
Crypto,XRP,1.044,1.054,1.034,-0.92826,2026-06-29 08:55:10.979
Crypto,SOL,72.79,73.0,70.05,1.30252,2026-06-29 08:55:10.979
Crypto,ADA,0.144224,0.145993,0.141761,-1.10478,2026-06-29 08:55:10.979
Crypto,ETH,1572.64,1584.96,1553.81,-0.44756,2026-06-29 08:55:10.979
Crypto,BTC,59631.0,60360.0,58935.0,-0.76211,2026-06-29 02:55:11.123
Crypto,ETH,1574.38,1582.72,1553.81,0.24819,2026-06-29 02:55:11.123
Crypto,XRP,1.045,1.056,1.034,-0.02147,2026-06-29 02:55:11.123
Crypto,SOL,71.96,71.98,70.05,1.83867,2026-06-29 02:55:11.123
Crypto,ADA,0.1441,0.145996,0.141761,-0.40838,2026-06-29 02:55:11.123
Crypto,SOL,72.79,73.0,70.05,1.30252,2026-06-29 08:55:10.979
Crypto,BTC,59631.0,60360.0,58935.0,-0.76211,2026-06-29 02:55:11.123
Crypto,ETH,1574.38,1582.72,1553.81,0.24819,2026-06-29 02:55:11.123
Crypto,XRP,1.045,1.056,1.034,-0.02147,2026-06-29 02:55:11.123
Crypto,SOL,71.96,71.98,70.05,1.83867,2026-06-29 02:55:11.123
Crypto,ADA,0.1441,0.145996,0.141761,-0.40838,2026-06-29 02:55:11.123
Crypto,BTC,59631.0,60360.0,58935.0,-0.76211,2026-06-29 02:55:11.123
Crypto,ETH,1574.38,1582.72,1553.81,0.24819,2026-06-29 02:55:11.123
Crypto,XRP,1.045,1.056,1.034,-0.02147,2026-06-29 02:55:11.123
Crypto,SOL,71.96,71.98,70.05,1.83867,2026-06-29 02:55:11.123
Crypto,ADA,0.1441,0.145996,0.141761,-0.40838,2026-06-29 02:55:11.123
Crypto,XRP,1.044,1.054,1.034,-0.92826,2026-06-29 08:55:10.979
Crypto,SOL,71.96,71.98,70.05,1.83867,2026-06-29 02:55:11.123
Crypto,BTC,59574.0,60371.0,59254.0,-1.01397,2026-06-28 20:55:10.320
Crypto,ETH,1570.74,1582.72,1558.09,-0.45708,2026-06-28 20:55:10.321
Crypto,XRP,1.045,1.056,1.041,-0.78775,2026-06-28 20:55:10.321
Crypto,SOL,70.7,71.94,70.21,-0.62268,2026-06-28 20:55:10.321
Crypto,ADA,0.143377,0.145996,0.142558,-1.37413,2026-06-28 20:55:10.321
Crypto,XRP,1.045,1.056,1.034,-0.02147,2026-06-29 02:55:11.123
Crypto,BTC,59574.0,60371.0,59254.0,-1.01397,2026-06-28 20:55:10.320
Crypto,ETH,1570.74,1582.72,1558.09,-0.45708,2026-06-28 20:55:10.321
Crypto,XRP,1.045,1.056,1.041,-0.78775,2026-06-28 20:55:10.321
Crypto,SOL,70.7,71.94,70.21,-0.62268,2026-06-28 20:55:10.321
Crypto,ADA,0.143377,0.145996,0.142558,-1.37413,2026-06-28 20:55:10.321
Crypto,BTC,59574.0,60371.0,59254.0,-1.01397,2026-06-28 20:55:10.320
Crypto,ETH,1570.74,1582.72,1558.09,-0.45708,2026-06-28 20:55:10.321
Crypto,XRP,1.045,1.056,1.041,-0.78775,2026-06-28 20:55:10.321
Crypto,SOL,70.7,71.94,70.21,-0.62268,2026-06-28 20:55:10.321
Crypto,ADA,0.143377,0.145996,0.142558,-1.37413,2026-06-28 20:55:10.321
Crypto,ETH,1574.38,1582.72,1553.81,0.24819,2026-06-29 02:55:11.123
Crypto,ETH,1570.74,1582.72,1558.09,-0.45708,2026-06-28 20:55:10.321
Crypto,BTC,59574.0,60371.0,59254.0,-1.01397,2026-06-28 20:55:10.320
Crypto,ADA,0.143377,0.145996,0.142558,-1.37413,2026-06-28 20:55:10.321
Crypto,BTC,59969.0,60784.0,59741.0,-0.90079,2026-06-28 14:55:11.013
Crypto,ETH,1580.07,1605.68,1562.51,-0.73455,2026-06-28 14:55:11.013
Crypto,XRP,1.053,1.074,1.042,-1.25465,2026-06-28 14:55:11.013
Crypto,SOL,71.76,72.9,70.21,-1.29224,2026-06-28 14:55:11.013
Crypto,ADA,0.144693,0.148902,0.143457,-2.52449,2026-06-28 14:55:11.013
Crypto,BTC,59969.0,60784.0,59741.0,-0.90079,2026-06-28 14:55:11.013
Crypto,ETH,1580.07,1605.68,1562.51,-0.73455,2026-06-28 14:55:11.013
Crypto,XRP,1.053,1.074,1.042,-1.25465,2026-06-28 14:55:11.013
Crypto,SOL,71.76,72.9,70.21,-1.29224,2026-06-28 14:55:11.013
Crypto,ADA,0.144693,0.148902,0.143457,-2.52449,2026-06-28 14:55:11.013
Crypto,XRP,1.045,1.056,1.041,-0.78775,2026-06-28 20:55:10.321
Crypto,BTC,59969.0,60784.0,59741.0,-0.90079,2026-06-28 14:55:11.013
Crypto,ADA,0.144693,0.148902,0.143457,-2.52449,2026-06-28 14:55:11.013
Crypto,BTC,60053.0,60784.0,59741.0,-0.77444,2026-06-28 14:27:07.333
Crypto,ETH,1578.96,1605.68,1562.51,-0.81672,2026-06-28 14:27:07.333
Crypto,XRP,1.053,1.074,1.042,-1.11691,2026-06-28 14:27:07.333
Crypto,SOL,71.84,72.9,70.21,-1.06463,2026-06-28 14:27:07.333
Crypto,ADA,0.144872,0.148902,0.143457,-2.4169,2026-06-28 14:27:07.333
Crypto,XRP,1.053,1.074,1.042,-1.25465,2026-06-28 14:55:11.013
Crypto,BTC,60053.0,60784.0,59741.0,-0.77444,2026-06-28 14:27:07.333
Crypto,ETH,1578.96,1605.68,1562.51,-0.81672,2026-06-28 14:27:07.333
Crypto,XRP,1.053,1.074,1.042,-1.11691,2026-06-28 14:27:07.333
Crypto,SOL,71.84,72.9,70.21,-1.06463,2026-06-28 14:27:07.333
Crypto,ADA,0.144872,0.148902,0.143457,-2.4169,2026-06-28 14:27:07.333
Crypto,BTC,60053.0,60784.0,59741.0,-0.77444,2026-06-28 14:27:07.333
Crypto,ETH,1578.96,1605.68,1562.51,-0.81672,2026-06-28 14:27:07.333
Crypto,XRP,1.053,1.074,1.042,-1.11691,2026-06-28 14:27:07.333
Crypto,SOL,71.84,72.9,70.21,-1.06463,2026-06-28 14:27:07.333
Crypto,ADA,0.144872,0.148902,0.143457,-2.4169,2026-06-28 14:27:07.333
Crypto,ETH,1580.07,1605.68,1562.51,-0.73455,2026-06-28 14:55:11.013
Crypto,ETH,1579.57,1605.68,1562.51,-0.82939,2026-06-28 14:14:15.154
Crypto,SOL,71.81,72.9,70.21,-0.57907,2026-06-28 14:14:15.154
Crypto,BTC,59975.0,60784.0,59741.0,-0.82609,2026-06-28 14:07:06.711
Crypto,ETH,1577.24,1605.68,1562.51,-0.71076,2026-06-28 14:07:06.711
Crypto,XRP,1.048,1.074,1.042,-1.52983,2026-06-28 14:07:06.711
Crypto,SOL,71.68,72.9,70.21,-0.68978,2026-06-28 14:07:06.711
Crypto,ADA,0.144135,0.148902,0.143457,-2.52502,2026-06-28 14:07:06.711
Crypto,BTC,60011.0,60784.0,59741.0,-0.76508,2026-06-28 13:55:36.346
Crypto,ETH,1579.4,1605.68,1562.51,-0.58644,2026-06-28 13:55:36.346
Crypto,XRP,1.049,1.074,1.042,-1.12804,2026-06-28 13:55:36.346
Crypto,SOL,71.81,72.9,70.21,-0.59789,2026-06-28 13:55:36.346
Crypto,ADA,0.144345,0.148902,0.143457,-2.30733,2026-06-28 13:55:36.347
Crypto,ETH,1577.24,1605.68,1562.51,-0.71076,2026-06-28 14:07:06.711
Crypto,SOL,71.68,72.9,70.21,-0.68978,2026-06-28 14:07:06.711
Crypto,ETH,1578.33,1605.68,1562.51,-0.56979,2026-06-28 13:43:47.561
Crypto,SOL,71.78,72.9,70.21,-0.77397,2026-06-28 13:43:47.561
Crypto,BTC,60069.0,60784.0,59566.0,0.38553,2026-06-27 19:40:45.083
Crypto,ETH,1574.89,1605.68,1567.0,-0.18798,2026-06-27 19:40:45.083
Crypto,XRP,1.053,1.074,1.039,0.70909,2026-06-27 19:40:45.083
Crypto,SOL,70.98,73.65,71.04,-3.5468,2026-06-27 19:40:45.083
Crypto,ADA,0.145093,0.149232,0.145287,-1.92678,2026-06-27 19:40:45.083
Crypto,BTC,60267.0,60784.0,59764.0,0.75214,2026-06-27 21:40:31.221
Crypto,ETH,1579.35,1605.68,1569.9,0.42227,2026-06-27 21:40:31.221
Crypto,XRP,1.054,1.074,1.039,1.08981,2026-06-27 21:40:31.221
Crypto,SOL,71.38,72.9,70.99,-1.09307,2026-06-27 21:40:31.221
Crypto,ADA,0.145572,0.149232,0.145095,-1.31265,2026-06-27 21:40:31.221
Crypto,BTC,60079.0,60784.0,59889.0,-0.23971,2026-06-28 02:55:11.099
Crypto,ETH,1570.53,1605.68,1567.78,-0.72426,2026-06-28 02:55:11.099
Crypto,XRP,1.045,1.074,1.045,-1.63614,2026-06-28 02:55:11.099
Crypto,SOL,70.66,72.9,70.4,-1.91012,2026-06-28 02:55:11.099
Crypto,ADA,0.144676,0.149144,0.144061,-2.9959,2026-06-28 02:55:11.099
Crypto,BTC,60314.0,60784.0,59741.0,-0.10248,2026-06-28 08:55:10.981
Crypto,ETH,1580.52,1605.68,1562.51,-0.08995,2026-06-28 08:55:10.981
Crypto,XRP,1.054,1.074,1.042,-0.16117,2026-06-28 08:55:10.981
Crypto,SOL,71.87,72.9,70.21,-0.08002,2026-06-28 08:55:10.981
Crypto,ADA,0.145835,0.148902,0.143457,-0.84706,2026-06-28 08:55:10.981
Crypto,BTC,60023.0,60784.0,59741.0,-0.57946,2026-06-28 13:28:26.175
Crypto,ETH,1577.88,1605.68,1562.51,-0.42336,2026-06-28 13:28:26.175
Crypto,XRP,1.048,1.074,1.042,-1.10051,2026-06-28 13:28:26.175
Crypto,SOL,71.54,72.9,70.21,-0.95457,2026-06-28 13:28:26.175
Crypto,ADA,0.144243,0.148902,0.143457,-2.14972,2026-06-28 13:28:26.175
Crypto,BTC,59996.0,60784.0,59741.0,-0.82841,2026-06-28 13:42:08.152
Crypto,ETH,1577.4,1605.68,1562.51,-0.62849,2026-06-28 13:42:08.152
Crypto,XRP,1.049,1.074,1.042,-1.13612,2026-06-28 13:42:08.152
Crypto,SOL,71.75,72.9,70.21,-0.81016,2026-06-28 13:42:08.152
Crypto,ADA,0.1445,0.148902,0.143457,-2.32181,2026-06-28 13:42:08.152
Crypto,BTC,59996.0,60784.0,59741.0,-0.82841,2026-06-28 13:42:08.152
Crypto,ETH,1577.4,1605.68,1562.51,-0.62849,2026-06-28 13:42:08.152
Crypto,XRP,1.049,1.074,1.042,-1.13612,2026-06-28 13:42:08.152
Crypto,SOL,71.75,72.9,70.21,-0.81016,2026-06-28 13:42:08.152
Crypto,ADA,0.1445,0.148902,0.143457,-2.32181,2026-06-28 13:42:08.152
Crypto,BTC,60005.0,60784.0,59741.0,-0.81478,2026-06-28 13:43:47.561
Crypto,XRP,1.049,1.074,1.042,-1.13562,2026-06-28 13:43:47.561
Crypto,ADA,0.144395,0.148902,0.143457,-2.39276,2026-06-28 13:43:47.561
Crypto,BTC,60011.0,60784.0,59741.0,-0.76508,2026-06-28 13:55:36.346
Crypto,ETH,1579.4,1605.68,1562.51,-0.58644,2026-06-28 13:55:36.346
Crypto,XRP,1.049,1.074,1.042,-1.12804,2026-06-28 13:55:36.346
Crypto,SOL,71.81,72.9,70.21,-0.59789,2026-06-28 13:55:36.346
Crypto,ADA,0.144345,0.148902,0.143457,-2.30733,2026-06-28 13:55:36.347
Crypto,BTC,59975.0,60784.0,59741.0,-0.82609,2026-06-28 14:07:06.711
Crypto,XRP,1.048,1.074,1.042,-1.52983,2026-06-28 14:07:06.711
Crypto,ADA,0.144135,0.148902,0.143457,-2.52502,2026-06-28 14:07:06.711
Crypto,BTC,60070.0,60784.0,59741.0,-0.83881,2026-06-28 14:14:15.154
Crypto,XRP,1.05,1.074,1.042,-1.42387,2026-06-28 14:14:15.154
Crypto,ADA,0.144359,0.148902,0.143457,-2.57899,2026-06-28 14:14:15.154
Crypto,BTC,60053.0,60784.0,59741.0,-0.77444,2026-06-28 14:27:07.333
Crypto,ETH,1578.96,1605.68,1562.51,-0.81672,2026-06-28 14:27:07.333
Crypto,XRP,1.053,1.074,1.042,-1.11691,2026-06-28 14:27:07.333
Crypto,SOL,71.84,72.9,70.21,-1.06463,2026-06-28 14:27:07.333
Crypto,ADA,0.144872,0.148902,0.143457,-2.4169,2026-06-28 14:27:07.333
Crypto,SOL,71.76,72.9,70.21,-1.29224,2026-06-28 14:55:11.013
Crypto,BTC,59969.0,60784.0,59741.0,-0.90079,2026-06-28 14:55:11.013
Crypto,ETH,1580.07,1605.68,1562.51,-0.73455,2026-06-28 14:55:11.013
Crypto,XRP,1.053,1.074,1.042,-1.25465,2026-06-28 14:55:11.013
Crypto,SOL,71.76,72.9,70.21,-1.29224,2026-06-28 14:55:11.013
Crypto,ADA,0.144693,0.148902,0.143457,-2.52449,2026-06-28 14:55:11.013
Crypto,SOL,70.7,71.94,70.21,-0.62268,2026-06-28 20:55:10.321
Crypto,BTC,59631.0,60360.0,58935.0,-0.76211,2026-06-29 02:55:11.123
Crypto,ADA,0.1441,0.145996,0.141761,-0.40838,2026-06-29 02:55:11.123
Crypto,BTC,59812.0,60314.0,58935.0,-0.80575,2026-06-29 08:55:10.979
Crypto,ADA,0.144224,0.145993,0.141761,-1.10478,2026-06-29 08:55:10.979
Crypto,ETH,1569.88,1592.61,1553.81,-0.64596,2026-06-29 14:55:11.173
Crypto,ETH,1617.79,1630.03,1553.81,2.96799,2026-06-29 20:55:10.707
Crypto,SOL,74.63,75.93,71.13,3.68659,2026-06-30 02:55:10.949
Crypto,ETH,1580.08,1630.03,1559.22,0.58852,2026-06-30 08:55:11.045
Crypto,ETH,1580.08,1630.03,1559.22,0.58852,2026-06-30 08:55:11.045
Crypto,SOL,73.33,75.93,72.27,0.84433,2026-06-30 08:55:11.045
Crypto,BTC,59209.0,60644.0,59023.0,-0.9335,2026-06-30 08:55:11.045
Crypto,ETH,1580.08,1630.03,1559.22,0.58852,2026-06-30 08:55:11.045
Crypto,XRP,1.042,1.073,1.041,-0.16164,2026-06-30 08:55:11.045
Crypto,SOL,73.33,75.93,72.27,0.84433,2026-06-30 08:55:11.045
Crypto,ADA,0.144037,0.147928,0.143306,-0.06151,2026-06-30 08:55:11.045
Crypto,BTC,58476.0,60492.0,58226.0,-1.42625,2026-06-30 14:55:10.952
Crypto,ETH,1561.06,1630.03,1551.15,-0.47274,2026-06-30 14:55:10.952
Crypto,XRP,1.034,1.073,1.027,-0.75886,2026-06-30 14:55:10.952
Crypto,SOL,72.92,75.93,72.03,-0.10532,2026-06-30 14:55:10.952
Crypto,ADA,0.14389,0.147928,0.142122,-0.12874,2026-06-30 14:55:10.952
Crypto,ETH,1561.06,1630.03,1551.15,-0.47274,2026-06-30 14:55:10.952
Crypto,SOL,72.92,75.93,72.03,-0.10532,2026-06-30 14:55:10.952
Crypto,BTC,58629.0,60444.0,58149.0,-2.6242,2026-06-30 20:55:10.876
Crypto,ETH,1573.23,1619.5,1551.15,-2.61979,2026-06-30 20:55:10.876
Crypto,XRP,1.042,1.064,1.027,-1.99035,2026-06-30 20:55:10.876
Crypto,SOL,73.59,75.58,72.03,-2.25798,2026-06-30 20:55:10.876
Crypto,ADA,0.143708,0.147409,0.142122,-2.17149,2026-06-30 20:55:10.876
Crypto,XRP,1.044,1.05,1.027,-0.5836,2026-07-01 02:55:11.104
Crypto,BTC,58978.0,59913.0,57945.0,-1.50312,2026-07-01 02:55:11.104
Crypto,ETH,1583.37,1592.68,1551.15,-0.34569,2026-07-01 02:55:11.104
Crypto,XRP,1.044,1.05,1.027,-0.5836,2026-07-01 02:55:11.104
Crypto,SOL,74.66,74.8,72.03,0.04552,2026-07-01 02:55:11.104
Crypto,ADA,0.146042,0.14624,0.142122,0.99966,2026-07-01 02:55:11.104
Crypto,ETH,1574.19,1598.1,1551.15,-0.45639,2026-07-01 08:55:11.012
Crypto,BTC,59658.0,59950.0,57945.0,2.11176,2026-07-01 14:55:11.746
Crypto,ADA,0.155341,0.156411,0.142876,8.00673,2026-07-01 14:55:11.746
Crypto,ETH,1615.72,1625.09,1557.35,2.65707,2026-07-01 20:55:10.757
Crypto,BTC,60054.0,60359.0,57945.0,2.3616,2026-07-01 20:55:10.757
Crypto,ADA,0.153682,0.157108,0.142876,6.94435,2026-07-01 20:55:10.757
Crypto,BTC,60310.0,60978.0,58279.0,2.20715,2026-07-02 02:55:11.270
Crypto,ETH,1619.09,1636.76,1564.82,2.20112,2026-07-02 02:55:11.270
Crypto,XRP,1.058,1.069,1.034,1.3124,2026-07-02 02:55:11.270
Crypto,SOL,78.32,78.52,74.04,4.84585,2026-07-02 02:55:11.270
Crypto,ADA,0.154469,0.157404,0.146062,5.73437,2026-07-02 02:55:11.270
Crypto,BTC,60437.0,60978.0,58279.0,2.6368,2026-07-02 08:55:11.235
Crypto,ADA,0.156357,0.157404,0.149845,4.34593,2026-07-02 08:55:11.235
Crypto,BTC,61516.0,62060.0,59466.0,3.44652,2026-07-02 14:55:11.017
Crypto,ADA,0.159817,0.162092,0.15266,2.85845,2026-07-02 14:55:11.017
Crypto,SOL,80.83,82.4,76.9,4.57747,2026-07-02 20:55:10.266
Crypto,BTC,61347.0,62060.0,60055.0,1.59308,2026-07-03 02:55:11.207
Crypto,ADA,0.166344,0.167882,0.153825,7.6996,2026-07-03 02:55:11.207
Crypto,ETH,1701.52,1717.43,1613.3,5.06415,2026-07-03 02:55:11.207
Crypto,SOL,80.72,82.4,77.63,3.07394,2026-07-03 02:55:11.207
Crypto,BTC,61554.0,62060.0,60340.0,1.85786,2026-07-03 08:55:10.492
Crypto,XRP,1.1,1.11,1.062,3.53366,2026-07-03 08:55:10.492
Crypto,ADA,0.166068,0.167882,0.155711,6.20849,2026-07-03 08:55:10.492
Crypto,ETH,1734.6,1747.21,1686.78,2.21559,2026-07-03 14:55:11.220
Crypto,XRP,1.14,1.14,1.078,5.23318,2026-07-03 20:55:11.434
Crypto,SOL,82.21,82.82,80.37,1.83824,2026-07-04 02:55:10.821
Crypto,XRP,1.14,1.15,1.099,3.89313,2026-07-04 08:55:10.243
Crypto,ETH,1762.07,1768.38,1717.36,2.60361,2026-07-04 08:55:10.243
Crypto,SOL,82.38,83.74,80.68,1.81996,2026-07-04 08:55:10.243
Crypto,BTC,62584.0,62821.0,61514.0,1.7395,2026-07-04 08:55:10.243
Crypto,ETH,1762.07,1768.38,1717.36,2.60361,2026-07-04 08:55:10.243
Crypto,XRP,1.14,1.15,1.099,3.89313,2026-07-04 08:55:10.243
Crypto,SOL,82.38,83.74,80.68,1.81996,2026-07-04 08:55:10.243
Crypto,ADA,0.175979,0.182359,0.166054,5.87758,2026-07-04 08:55:10.243
Crypto,ETH,1768.73,1771.21,1728.23,1.86082,2026-07-04 14:55:11.386
Crypto,SOL,81.65,83.74,81.15,0.16098,2026-07-04 14:55:11.386
Crypto,SOL,81.94,83.74,81.37,-0.89605,2026-07-04 20:55:10.979
Crypto,XRP,1.13,1.18,1.13,-0.13893,2026-07-05 02:55:10.783
Crypto,BTC,62582.0,63383.0,62305.0,0.15875,2026-07-05 02:55:10.783
Crypto,ETH,1758.05,1801.59,1746.31,0.60046,2026-07-05 02:55:10.783
Crypto,XRP,1.13,1.18,1.13,-0.13893,2026-07-05 02:55:10.783
Crypto,SOL,80.21,83.74,80.24,-2.4469,2026-07-05 02:55:10.783
Crypto,ADA,0.190395,0.198594,0.175034,7.39913,2026-07-05 02:55:10.783
Crypto,ETH,1766.55,1801.59,1754.38,0.33477,2026-07-05 08:55:10.639
Crypto,ETH,1766.9,1801.59,1751.18,-0.18462,2026-07-05 14:55:10.688
Crypto,SOL,80.95,82.05,79.77,-1.20133,2026-07-05 20:55:10.859
Crypto,SOL,80.98,82.17,79.77,0.99265,2026-07-06 02:55:11.250
Crypto,ETH,1764.18,1800.61,1751.18,-0.13269,2026-07-06 08:55:10.952
Crypto,BTC,62840.0,63857.0,62462.0,-0.04395,2026-07-06 08:55:10.952
Crypto,ADA,0.18498,0.192313,0.183172,-3.81269,2026-07-06 08:55:10.952
Crypto,BTC,61951.0,63857.0,61339.0,-1.25713,2026-07-06 14:55:11.160
Crypto,ETH,1748.11,1800.61,1732.1,-1.23928,2026-07-06 14:55:11.160
Crypto,XRP,1.12,1.16,1.11,-1.27151,2026-07-06 14:55:11.160
Crypto,SOL,80.18,82.17,79.31,-1.31936,2026-07-06 14:55:11.160
Crypto,ADA,0.181301,0.19175,0.178499,-4.15301,2026-07-06 14:55:11.160
Crypto,SOL,81.99,82.17,79.31,1.28954,2026-07-06 20:55:11.425
Crypto,ETH,1777.73,1819.88,1732.1,-0.21037,2026-07-07 02:55:10.771
Crypto,ETH,1777.73,1819.88,1732.1,-0.21037,2026-07-07 02:55:10.771
Crypto,BTC,62997.0,64387.0,61339.0,0.25787,2026-07-07 08:55:11.371
Crypto,ETH,1768.16,1819.88,1732.1,0.25214,2026-07-07 08:55:11.371
Crypto,XRP,1.12,1.16,1.11,-1.44267,2026-07-07 08:55:11.371
Crypto,SOL,81.34,82.98,79.31,1.20782,2026-07-07 08:55:11.371
Crypto,ADA,0.178855,0.185757,0.178499,-3.23643,2026-07-07 08:55:11.371
Crypto,BTC,62997.0,64387.0,61339.0,0.25787,2026-07-07 08:55:11.371
Crypto,ETH,1768.16,1819.88,1732.1,0.25214,2026-07-07 08:55:11.371
Crypto,XRP,1.12,1.16,1.11,-1.44267,2026-07-07 08:55:11.371
Crypto,SOL,81.34,82.98,79.31,1.20782,2026-07-07 08:55:11.371
Crypto,ADA,0.178855,0.185757,0.178499,-3.23643,2026-07-07 08:55:11.371
Crypto,ETH,1782.08,1819.88,1749.16,1.88189,2026-07-07 14:55:11.804
Crypto,BTC,63255.0,64387.0,61968.0,2.07573,2026-07-07 14:55:11.804
Crypto,ETH,1782.08,1819.88,1749.16,1.88189,2026-07-07 14:55:11.804
Crypto,XRP,1.12,1.16,1.11,-0.35704,2026-07-07 14:55:11.804
Crypto,SOL,81.32,82.98,80.17,1.43794,2026-07-07 14:55:11.804
Crypto,ADA,0.175961,0.185757,0.175669,-2.99705,2026-07-07 14:55:11.804
Crypto,BTC,63603.0,64387.0,62815.0,-0.30107,2026-07-07 20:55:11.775
Crypto,ADA,0.175762,0.185668,0.17529,-3.88839,2026-07-07 20:55:11.775
Crypto,BTC,63603.0,64387.0,62815.0,-0.30107,2026-07-07 20:55:11.775
Crypto,ETH,1780.63,1819.88,1759.03,-0.68033,2026-07-07 20:55:11.775
Crypto,XRP,1.12,1.16,1.11,-2.35844,2026-07-07 20:55:11.775
Crypto,SOL,81.01,82.98,80.5,-1.22259,2026-07-07 20:55:11.775
Crypto,ADA,0.175762,0.185668,0.17529,-3.88839,2026-07-07 20:55:11.775
Crypto,XRP,1.099,1.13,1.093,-2.79767,2026-07-08 02:55:11.333
Crypto,SOL,77.44,82.62,76.98,-4.76713,2026-07-08 08:55:11.110
Crypto,BTC,62132.0,64134.0,61886.0,-1.48292,2026-07-08 08:55:11.110
Crypto,ETH,1738.54,1808.35,1727.1,-1.78018,2026-07-08 08:55:11.110
Crypto,XRP,1.082,1.13,1.077,-3.72121,2026-07-08 08:55:11.110
Crypto,SOL,77.44,82.62,76.98,-4.76713,2026-07-08 08:55:11.110
Crypto,ADA,0.166677,0.179338,0.166066,-6.77225,2026-07-08 08:55:11.110
Crypto,ETH,1728.49,1808.35,1725.22,-3.37274,2026-07-08 14:55:11.475
Crypto,SOL,76.88,82.62,76.72,-5.17399,2026-07-08 14:55:11.475
Crypto,ETH,1735.17,1786.15,1715.91,-2.63561,2026-07-08 20:55:11.658
Crypto,SOL,77.04,79.21,76.34,-2.44109,2026-07-09 02:55:10.329
Crypto,SOL,78.08,78.49,76.34,0.84081,2026-07-09 08:55:11.677
Crypto,ETH,1737.51,1756.08,1715.91,0.54439,2026-07-09 14:55:11.581
Crypto,BTC,63214.0,63344.0,61721.0,1.82218,2026-07-09 20:55:11.422
Crypto,ADA,0.166649,0.169592,0.165083,0.35448,2026-07-09 20:55:11.422
Crypto,BTC,63926.0,63927.0,61735.0,3.53895,2026-07-10 02:55:10.914
Crypto,ADA,0.168572,0.169592,0.165083,1.44999,2026-07-10 02:55:10.914
Crypto,BTC,64135.0,64265.0,62506.0,2.0656,2026-07-10 08:55:11.157
Crypto,ADA,0.167944,0.169552,0.165083,0.54251,2026-07-10 08:55:11.157
Crypto,SOL,77.92,79.5,77.32,0.21991,2026-07-10 14:55:10.602
Crypto,BTC,63827.0,64554.0,62955.0,0.90328,2026-07-10 20:55:11.028
Crypto,ADA,0.166844,0.169373,0.165383,0.09471,2026-07-10 20:55:11.028
Crypto,BTC,63827.0,64554.0,62955.0,0.90328,2026-07-10 20:55:11.028
Crypto,ETH,1791.34,1805.53,1737.51,2.51497,2026-07-10 20:55:11.028
Crypto,XRP,1.1,1.12,1.09,0.70739,2026-07-10 20:55:11.028
Crypto,SOL,77.82,79.5,77.34,-0.32148,2026-07-10 20:55:11.028
Crypto,ADA,0.166844,0.169373,0.165383,0.09471,2026-07-10 20:55:11.028
Crypto,ETH,1794.03,1805.53,1768.52,1.24992,2026-07-11 02:55:10.922
Crypto,XRP,1.11,1.12,1.097,-0.35184,2026-07-11 08:55:10.846
Crypto,ETH,1799.21,1805.53,1781.89,0.88866,2026-07-11 08:55:10.846
Crypto,SOL,78.02,79.5,77.34,-1.57244,2026-07-11 08:55:10.846
Crypto,BTC,64194.0,64554.0,63672.0,-0.02795,2026-07-11 08:55:10.846
Crypto,ETH,1799.21,1805.53,1781.89,0.88866,2026-07-11 08:55:10.846
Crypto,XRP,1.11,1.12,1.097,-0.35184,2026-07-11 08:55:10.846
Crypto,SOL,78.02,79.5,77.34,-1.57244,2026-07-11 08:55:10.846
Crypto,ADA,0.16745,0.169373,0.165383,-0.29322,2026-07-11 08:55:10.846
Crypto,ETH,1811.12,1812.25,1782.89,1.53494,2026-07-11 14:55:10.774
Crypto,SOL,78.47,78.51,77.34,0.67143,2026-07-11 14:55:10.774
Crypto,BTC,64328.0,64419.0,63672.0,0.70228,2026-07-11 14:55:10.774
Crypto,ETH,1811.12,1812.25,1782.89,1.53494,2026-07-11 14:55:10.774
Crypto,XRP,1.11,1.11,1.097,0.92249,2026-07-11 14:55:10.774
Crypto,SOL,78.47,78.51,77.34,0.67143,2026-07-11 14:55:10.774
Crypto,ADA,0.168939,0.169049,0.165383,1.88938,2026-07-11 14:55:10.774
Crypto,BTC,64328.0,64419.0,63672.0,0.70228,2026-07-11 14:55:10.774
Crypto,ETH,1811.12,1812.25,1782.89,1.53494,2026-07-11 14:55:10.774
Crypto,XRP,1.11,1.11,1.097,0.92249,2026-07-11 14:55:10.774
Crypto,SOL,78.47,78.51,77.34,0.67143,2026-07-11 14:55:10.774
Crypto,ADA,0.168939,0.169049,0.165383,1.88938,2026-07-11 14:55:10.774
FX,EUR,0.8756,,,,2026-07-11 14:55:10.999
FX,GBP,0.746,,,,2026-07-11 14:55:10.999
FX,JPY,161.7696,,,,2026-07-11 14:55:10.999
FX,CAD,1.4153,,,,2026-07-11 14:55:10.999
FX,CHF,0.8079,,,,2026-07-11 14:55:10.999
FX,MXN,17.4963,,,,2026-07-11 14:55:10.999
FX,BRL,5.1146,,,,2026-07-11 14:55:10.999
FX,EUR,0.8756,,,,2026-07-11 14:55:10.999
FX,GBP,0.746,,,,2026-07-11 14:55:10.999
FX,JPY,161.7696,,,,2026-07-11 14:55:10.999
FX,CAD,1.4153,,,,2026-07-11 14:55:10.999
FX,CHF,0.8079,,,,2026-07-11 14:55:10.999
FX,MXN,17.4963,,,,2026-07-11 14:55:10.999
FX,BRL,5.1146,,,,2026-07-11 14:55:10.999
FX,EUR,0.8756,,,,2026-07-11 14:55:10.999
FX,GBP,0.746,,,,2026-07-11 14:55:10.999
FX,JPY,161.7696,,,,2026-07-11 14:55:10.999
FX,CAD,1.4153,,,,2026-07-11 14:55:10.999
FX,CHF,0.8079,,,,2026-07-11 14:55:10.999
FX,MXN,17.4963,,,,2026-07-11 14:55:10.999
FX,BRL,5.1146,,,,2026-07-11 14:55:10.999
FX,GBP,0.746,,,,2026-07-11 14:55:10.999
FX,MXN,17.4963,,,,2026-07-11 14:55:10.999
FX,EUR,0.8756,,,,2026-07-11 08:55:11.092
FX,GBP,0.746,,,,2026-07-11 08:55:11.092
FX,JPY,161.7696,,,,2026-07-11 08:55:11.092
FX,CAD,1.4153,,,,2026-07-11 08:55:11.092
FX,CHF,0.8079,,,,2026-07-11 08:55:11.092
FX,MXN,17.4963,,,,2026-07-11 08:55:11.092
FX,BRL,5.1146,,,,2026-07-11 08:55:11.092
FX,EUR,0.8756,,,,2026-07-11 14:55:10.999
FX,CHF,0.8079,,,,2026-07-11 14:55:10.999
FX,EUR,0.8756,,,,2026-07-11 08:55:11.092
FX,GBP,0.746,,,,2026-07-11 08:55:11.092
FX,JPY,161.7696,,,,2026-07-11 08:55:11.092
FX,CAD,1.4153,,,,2026-07-11 08:55:11.092
FX,CHF,0.8079,,,,2026-07-11 08:55:11.092
FX,MXN,17.4963,,,,2026-07-11 08:55:11.092
FX,BRL,5.1146,,,,2026-07-11 08:55:11.092
FX,CAD,1.4153,,,,2026-07-11 14:55:10.999
FX,EUR,0.8756,,,,2026-07-11 08:55:11.092
FX,GBP,0.746,,,,2026-07-11 08:55:11.092
FX,JPY,161.7696,,,,2026-07-11 08:55:11.092
FX,CAD,1.4153,,,,2026-07-11 08:55:11.092
FX,CHF,0.8079,,,,2026-07-11 08:55:11.092
FX,MXN,17.4963,,,,2026-07-11 08:55:11.092
FX,BRL,5.1146,,,,2026-07-11 08:55:11.092
FX,EUR,0.8756,,,,2026-07-11 02:55:11.148
FX,GBP,0.746,,,,2026-07-11 02:55:11.148
FX,JPY,161.7696,,,,2026-07-11 02:55:11.148
FX,CAD,1.4153,,,,2026-07-11 02:55:11.148
FX,CHF,0.8079,,,,2026-07-11 02:55:11.148
FX,MXN,17.4963,,,,2026-07-11 02:55:11.148
FX,BRL,5.1146,,,,2026-07-11 02:55:11.148
FX,EUR,0.8756,,,,2026-07-11 08:55:11.092
FX,JPY,161.7696,,,,2026-07-11 08:55:11.092
FX,CHF,0.8079,,,,2026-07-11 08:55:11.092
FX,BRL,5.1146,,,,2026-07-11 08:55:11.092
FX,EUR,0.8756,,,,2026-07-11 02:55:11.148
FX,GBP,0.746,,,,2026-07-11 02:55:11.148
FX,JPY,161.7696,,,,2026-07-11 02:55:11.148
FX,CAD,1.4153,,,,2026-07-11 02:55:11.148
FX,CHF,0.8079,,,,2026-07-11 02:55:11.148
FX,MXN,17.4963,,,,2026-07-11 02:55:11.148
FX,BRL,5.1146,,,,2026-07-11 02:55:11.148
FX,EUR,0.8756,,,,2026-07-11 02:55:11.148
FX,JPY,161.7696,,,,2026-07-11 02:55:11.148
FX,CHF,0.8079,,,,2026-07-11 02:55:11.148
FX,BRL,5.1146,,,,2026-07-11 02:55:11.148
FX,EUR,0.8748,,,,2026-07-10 20:55:11.288
FX,GBP,0.746,,,,2026-07-10 20:55:11.288
FX,JPY,162.3789,,,,2026-07-10 20:55:11.288
FX,CAD,1.4172,,,,2026-07-10 20:55:11.288
FX,CHF,0.807,,,,2026-07-10 20:55:11.288
FX,MXN,17.5447,,,,2026-07-10 20:55:11.288
FX,BRL,5.1402,,,,2026-07-10 20:55:11.288
FX,GBP,0.746,,,,2026-07-11 02:55:11.148
FX,CAD,1.4153,,,,2026-07-11 02:55:11.148
FX,MXN,17.4963,,,,2026-07-11 02:55:11.148
FX,EUR,0.8748,,,,2026-07-10 20:55:11.288
FX,GBP,0.746,,,,2026-07-10 20:55:11.288
FX,JPY,162.3789,,,,2026-07-10 20:55:11.288
FX,CAD,1.4172,,,,2026-07-10 20:55:11.288
FX,CHF,0.807,,,,2026-07-10 20:55:11.288
FX,MXN,17.5447,,,,2026-07-10 20:55:11.288
FX,BRL,5.1402,,,,2026-07-10 20:55:11.288
FX,GBP,0.746,,,,2026-07-10 20:55:11.288
FX,CAD,1.4172,,,,2026-07-10 20:55:11.288
FX,MXN,17.5447,,,,2026-07-10 20:55:11.288
FX,EUR,0.8748,,,,2026-07-10 14:55:10.832
FX,GBP,0.746,,,,2026-07-10 14:55:10.832
FX,JPY,162.3789,,,,2026-07-10 14:55:10.832
FX,CAD,1.4172,,,,2026-07-10 14:55:10.832
FX,CHF,0.807,,,,2026-07-10 14:55:10.832
FX,MXN,17.5447,,,,2026-07-10 14:55:10.832
FX,BRL,5.1402,,,,2026-07-10 14:55:10.832
FX,EUR,0.8748,,,,2026-07-10 20:55:11.288
FX,JPY,162.3789,,,,2026-07-10 20:55:11.288
FX,CHF,0.807,,,,2026-07-10 20:55:11.288
FX,BRL,5.1402,,,,2026-07-10 20:55:11.288
FX,EUR,0.8748,,,,2026-07-10 14:55:10.832
FX,GBP,0.746,,,,2026-07-10 14:55:10.832
FX,JPY,162.3789,,,,2026-07-10 14:55:10.832
FX,CAD,1.4172,,,,2026-07-10 14:55:10.832
FX,CHF,0.807,,,,2026-07-10 14:55:10.832
FX,MXN,17.5447,,,,2026-07-10 14:55:10.832
FX,BRL,5.1402,,,,2026-07-10 14:55:10.832
FX,GBP,0.746,,,,2026-07-10 14:55:10.832
FX,CAD,1.4172,,,,2026-07-10 14:55:10.832
FX,MXN,17.5447,,,,2026-07-10 14:55:10.832
FX,GBP,0.746,,,,2026-07-10 08:55:11.387
FX,MXN,17.5447,,,,2026-07-10 08:55:11.387
FX,EUR,0.8748,,,,2026-07-10 08:55:11.387
FX,GBP,0.746,,,,2026-07-10 08:55:11.387
FX,JPY,162.3789,,,,2026-07-10 08:55:11.387
FX,CAD,1.4172,,,,2026-07-10 08:55:11.387
FX,CHF,0.807,,,,2026-07-10 08:55:11.387
FX,MXN,17.5447,,,,2026-07-10 08:55:11.387
FX,BRL,5.1402,,,,2026-07-10 08:55:11.387
FX,JPY,162.3789,,,,2026-07-10 08:55:11.387
FX,BRL,5.1402,,,,2026-07-10 08:55:11.387
FX,EUR,0.8748,,,,2026-07-10 08:55:11.387
FX,GBP,0.746,,,,2026-07-10 08:55:11.387
FX,JPY,162.3789,,,,2026-07-10 08:55:11.387
FX,CAD,1.4172,,,,2026-07-10 08:55:11.387
FX,CHF,0.807,,,,2026-07-10 08:55:11.387
FX,MXN,17.5447,,,,2026-07-10 08:55:11.387
FX,BRL,5.1402,,,,2026-07-10 08:55:11.387
FX,CAD,1.4172,,,,2026-07-10 08:55:11.387
FX,EUR,0.8748,,,,2026-07-10 02:55:11.317
FX,GBP,0.746,,,,2026-07-10 02:55:11.317
FX,JPY,162.3789,,,,2026-07-10 02:55:11.317
FX,CAD,1.4172,,,,2026-07-10 02:55:11.317
FX,CHF,0.807,,,,2026-07-10 02:55:11.317
FX,MXN,17.5447,,,,2026-07-10 02:55:11.317
FX,BRL,5.1402,,,,2026-07-10 02:55:11.317
FX,CAD,1.4172,,,,2026-07-10 08:55:11.387
FX,EUR,0.8748,,,,2026-07-10 02:55:11.317
FX,GBP,0.746,,,,2026-07-10 02:55:11.317
FX,JPY,162.3789,,,,2026-07-10 02:55:11.317
FX,CAD,1.4172,,,,2026-07-10 02:55:11.317
FX,CHF,0.807,,,,2026-07-10 02:55:11.317
FX,MXN,17.5447,,,,2026-07-10 02:55:11.317
FX,BRL,5.1402,,,,2026-07-10 02:55:11.317
FX,EUR,0.8748,,,,2026-07-10 02:55:11.317
FX,GBP,0.746,,,,2026-07-10 02:55:11.317
FX,JPY,162.3789,,,,2026-07-10 02:55:11.317
FX,CAD,1.4172,,,,2026-07-10 02:55:11.317
FX,CHF,0.807,,,,2026-07-10 02:55:11.317
FX,MXN,17.5447,,,,2026-07-10 02:55:11.317
FX,BRL,5.1402,,,,2026-07-10 02:55:11.317
FX,GBP,0.746,,,,2026-07-10 08:55:11.387
FX,MXN,17.5447,,,,2026-07-10 08:55:11.387
FX,JPY,162.3789,,,,2026-07-10 08:55:11.387
FX,BRL,5.1402,,,,2026-07-10 08:55:11.387
FX,EUR,0.8748,,,,2026-07-10 02:55:11.317
FX,JPY,162.3789,,,,2026-07-10 02:55:11.317
FX,CHF,0.807,,,,2026-07-10 02:55:11.317
FX,BRL,5.1402,,,,2026-07-10 02:55:11.317
FX,EUR,0.8762,,,,2026-07-09 20:55:11.668
FX,GBP,0.7477,,,,2026-07-09 20:55:11.668
FX,JPY,162.5238,,,,2026-07-09 20:55:11.668
FX,CAD,1.4173,,,,2026-07-09 20:55:11.668
FX,CHF,0.8086,,,,2026-07-09 20:55:11.668
FX,MXN,17.5788,,,,2026-07-09 20:55:11.668
FX,BRL,5.1562,,,,2026-07-09 20:55:11.668
FX,EUR,0.8762,,,,2026-07-09 20:55:11.668
FX,JPY,162.5238,,,,2026-07-09 20:55:11.668
FX,CHF,0.8086,,,,2026-07-09 20:55:11.668
FX,BRL,5.1562,,,,2026-07-09 20:55:11.668
FX,GBP,0.7477,,,,2026-07-09 20:55:11.668
FX,MXN,17.5788,,,,2026-07-09 20:55:11.668
FX,EUR,0.8762,,,,2026-07-09 14:55:11.811
FX,GBP,0.7477,,,,2026-07-09 14:55:11.811
FX,JPY,162.5238,,,,2026-07-09 14:55:11.811
FX,CAD,1.4173,,,,2026-07-09 14:55:11.811
FX,CHF,0.8086,,,,2026-07-09 14:55:11.811
FX,MXN,17.5788,,,,2026-07-09 14:55:11.811
FX,BRL,5.1562,,,,2026-07-09 14:55:11.811
FX,EUR,0.8762,,,,2026-07-09 14:55:11.811
FX,GBP,0.7477,,,,2026-07-09 14:55:11.811
FX,JPY,162.5238,,,,2026-07-09 14:55:11.811
FX,CAD,1.4173,,,,2026-07-09 14:55:11.811
FX,CHF,0.8086,,,,2026-07-09 14:55:11.811
FX,MXN,17.5788,,,,2026-07-09 14:55:11.811
FX,BRL,5.1562,,,,2026-07-09 14:55:11.811
FX,CAD,1.4173,,,,2026-07-09 20:55:11.668
FX,EUR,0.8762,,,,2026-07-09 14:55:11.811
FX,GBP,0.7477,,,,2026-07-09 14:55:11.811
FX,JPY,162.5238,,,,2026-07-09 14:55:11.811
FX,CAD,1.4173,,,,2026-07-09 14:55:11.811
FX,CHF,0.8086,,,,2026-07-09 14:55:11.811
FX,MXN,17.5788,,,,2026-07-09 14:55:11.811
FX,BRL,5.1562,,,,2026-07-09 14:55:11.811
FX,JPY,162.5238,,,,2026-07-09 20:55:11.668
FX,BRL,5.1562,,,,2026-07-09 20:55:11.668
FX,EUR,0.8762,,,,2026-07-09 14:55:11.811
FX,CHF,0.8086,,,,2026-07-09 14:55:11.811
FX,JPY,162.5238,,,,2026-07-09 14:55:11.811
FX,BRL,5.1562,,,,2026-07-09 14:55:11.811
FX,EUR,0.8762,,,,2026-07-09 08:55:11.905
FX,GBP,0.7477,,,,2026-07-09 08:55:11.905
FX,JPY,162.5238,,,,2026-07-09 08:55:11.905
FX,CAD,1.4173,,,,2026-07-09 08:55:11.905
FX,CHF,0.8086,,,,2026-07-09 08:55:11.905
FX,MXN,17.5788,,,,2026-07-09 08:55:11.905
FX,BRL,5.1562,,,,2026-07-09 08:55:11.905
FX,EUR,0.8762,,,,2026-07-09 08:55:11.905
FX,GBP,0.7477,,,,2026-07-09 08:55:11.905
FX,JPY,162.5238,,,,2026-07-09 08:55:11.905
FX,CAD,1.4173,,,,2026-07-09 08:55:11.905
FX,CHF,0.8086,,,,2026-07-09 08:55:11.905
FX,MXN,17.5788,,,,2026-07-09 08:55:11.905
FX,BRL,5.1562,,,,2026-07-09 08:55:11.905
FX,CAD,1.4173,,,,2026-07-09 14:55:11.811
FX,EUR,0.8762,,,,2026-07-09 02:55:10.572
FX,GBP,0.7477,,,,2026-07-09 02:55:10.572
FX,JPY,162.5238,,,,2026-07-09 02:55:10.572
FX,CAD,1.4173,,,,2026-07-09 02:55:10.572
FX,CHF,0.8086,,,,2026-07-09 02:55:10.572
FX,MXN,17.5788,,,,2026-07-09 02:55:10.572
FX,BRL,5.1562,,,,2026-07-09 02:55:10.572
FX,GBP,0.7477,,,,2026-07-09 08:55:11.905
FX,CAD,1.4173,,,,2026-07-09 08:55:11.905
FX,MXN,17.5788,,,,2026-07-09 08:55:11.905
FX,EUR,0.8762,,,,2026-07-09 02:55:10.572
FX,GBP,0.7477,,,,2026-07-09 02:55:10.572
FX,JPY,162.5238,,,,2026-07-09 02:55:10.572
FX,CAD,1.4173,,,,2026-07-09 02:55:10.572
FX,CHF,0.8086,,,,2026-07-09 02:55:10.572
FX,MXN,17.5788,,,,2026-07-09 02:55:10.572
FX,BRL,5.1562,,,,2026-07-09 02:55:10.572
FX,GBP,0.7477,,,,2026-07-09 02:55:10.572
FX,CAD,1.4173,,,,2026-07-09 02:55:10.572
FX,MXN,17.5788,,,,2026-07-09 02:55:10.572
FX,EUR,0.8758,,,,2026-07-08 20:55:11.921
FX,GBP,0.7483,,,,2026-07-08 20:55:11.921
FX,JPY,162.1027,,,,2026-07-08 20:55:11.921
FX,CAD,1.4204,,,,2026-07-08 20:55:11.921
FX,CHF,0.8077,,,,2026-07-08 20:55:11.921
FX,MXN,17.494,,,,2026-07-08 20:55:11.921
FX,BRL,5.1393,,,,2026-07-08 20:55:11.921
FX,JPY,162.1027,,,,2026-07-08 20:55:11.921
FX,BRL,5.1393,,,,2026-07-08 20:55:11.921
FX,EUR,0.8758,,,,2026-07-08 20:55:11.921
FX,GBP,0.7483,,,,2026-07-08 20:55:11.921
FX,JPY,162.1027,,,,2026-07-08 20:55:11.921
FX,CAD,1.4204,,,,2026-07-08 20:55:11.921
FX,CHF,0.8077,,,,2026-07-08 20:55:11.921
FX,MXN,17.494,,,,2026-07-08 20:55:11.921
FX,BRL,5.1393,,,,2026-07-08 20:55:11.921
FX,CAD,1.4204,,,,2026-07-08 20:55:11.921
FX,GBP,0.7483,,,,2026-07-08 20:55:11.921
FX,MXN,17.494,,,,2026-07-08 20:55:11.921
FX,CAD,1.4204,,,,2026-07-08 20:55:11.921
FX,EUR,0.8758,,,,2026-07-08 14:55:11.912
FX,GBP,0.7483,,,,2026-07-08 14:55:11.912
FX,JPY,162.1027,,,,2026-07-08 14:55:11.912
FX,CAD,1.4204,,,,2026-07-08 14:55:11.912
FX,CHF,0.8077,,,,2026-07-08 14:55:11.912
FX,MXN,17.494,,,,2026-07-08 14:55:11.912
FX,BRL,5.1393,,,,2026-07-08 14:55:11.912
FX,EUR,0.8758,,,,2026-07-08 20:55:11.921
FX,CHF,0.8077,,,,2026-07-08 20:55:11.921
FX,EUR,0.8758,,,,2026-07-08 14:55:11.912
FX,GBP,0.7483,,,,2026-07-08 14:55:11.912
FX,JPY,162.1027,,,,2026-07-08 14:55:11.912
FX,CAD,1.4204,,,,2026-07-08 14:55:11.912
FX,CHF,0.8077,,,,2026-07-08 14:55:11.912
FX,MXN,17.494,,,,2026-07-08 14:55:11.912
FX,BRL,5.1393,,,,2026-07-08 14:55:11.912
FX,EUR,0.8758,,,,2026-07-08 14:55:11.912
FX,GBP,0.7483,,,,2026-07-08 14:55:11.912
FX,JPY,162.1027,,,,2026-07-08 14:55:11.912
FX,CAD,1.4204,,,,2026-07-08 14:55:11.912
FX,CHF,0.8077,,,,2026-07-08 14:55:11.912
FX,MXN,17.494,,,,2026-07-08 14:55:11.912
FX,BRL,5.1393,,,,2026-07-08 14:55:11.912
FX,GBP,0.7483,,,,2026-07-08 20:55:11.921
FX,MXN,17.494,,,,2026-07-08 20:55:11.921
FX,EUR,0.8758,,,,2026-07-08 08:55:11.340
FX,GBP,0.7483,,,,2026-07-08 08:55:11.340
FX,JPY,162.1027,,,,2026-07-08 08:55:11.340
FX,CAD,1.4204,,,,2026-07-08 08:55:11.340
FX,CHF,0.8077,,,,2026-07-08 08:55:11.340
FX,MXN,17.494,,,,2026-07-08 08:55:11.340
FX,BRL,5.1393,,,,2026-07-08 08:55:11.340
FX,EUR,0.8758,,,,2026-07-08 14:55:11.912
FX,CHF,0.8077,,,,2026-07-08 14:55:11.912
FX,GBP,0.7483,,,,2026-07-08 14:55:11.912
FX,MXN,17.494,,,,2026-07-08 14:55:11.912
FX,EUR,0.8758,,,,2026-07-08 08:55:11.340
FX,GBP,0.7483,,,,2026-07-08 08:55:11.340
FX,JPY,162.1027,,,,2026-07-08 08:55:11.340
FX,CAD,1.4204,,,,2026-07-08 08:55:11.340
FX,CHF,0.8077,,,,2026-07-08 08:55:11.340
FX,MXN,17.494,,,,2026-07-08 08:55:11.340
FX,BRL,5.1393,,,,2026-07-08 08:55:11.340
FX,JPY,162.1027,,,,2026-07-08 14:55:11.912
FX,BRL,5.1393,,,,2026-07-08 14:55:11.912
FX,EUR,0.8758,,,,2026-07-08 08:55:11.340
FX,GBP,0.7483,,,,2026-07-08 08:55:11.340
FX,JPY,162.1027,,,,2026-07-08 08:55:11.340
FX,CAD,1.4204,,,,2026-07-08 08:55:11.340
FX,CHF,0.8077,,,,2026-07-08 08:55:11.340
FX,MXN,17.494,,,,2026-07-08 08:55:11.340
FX,BRL,5.1393,,,,2026-07-08 08:55:11.340
FX,EUR,0.8758,,,,2026-07-08 02:55:11.713
FX,GBP,0.7483,,,,2026-07-08 02:55:11.713
FX,JPY,162.1027,,,,2026-07-08 02:55:11.713
FX,CAD,1.4204,,,,2026-07-08 02:55:11.713
FX,CHF,0.8077,,,,2026-07-08 02:55:11.713
FX,MXN,17.494,,,,2026-07-08 02:55:11.713
FX,BRL,5.1393,,,,2026-07-08 02:55:11.713
FX,EUR,0.8758,,,,2026-07-08 08:55:11.340
FX,JPY,162.1027,,,,2026-07-08 08:55:11.340
FX,CHF,0.8077,,,,2026-07-08 08:55:11.340
FX,BRL,5.1393,,,,2026-07-08 08:55:11.340
FX,EUR,0.8758,,,,2026-07-08 02:55:11.713
FX,GBP,0.7483,,,,2026-07-08 02:55:11.713
FX,JPY,162.1027,,,,2026-07-08 02:55:11.713
FX,CAD,1.4204,,,,2026-07-08 02:55:11.713
FX,CHF,0.8077,,,,2026-07-08 02:55:11.713
FX,MXN,17.494,,,,2026-07-08 02:55:11.713
FX,BRL,5.1393,,,,2026-07-08 02:55:11.713
FX,EUR,0.8758,,,,2026-07-08 02:55:11.713
FX,JPY,162.1027,,,,2026-07-08 02:55:11.713
FX,CHF,0.8077,,,,2026-07-08 02:55:11.713
FX,BRL,5.1393,,,,2026-07-08 02:55:11.713
FX,EUR,0.8746,,,,2026-07-07 20:55:12.024
FX,GBP,0.748,,,,2026-07-07 20:55:12.024
FX,JPY,162.1289,,,,2026-07-07 20:55:12.024
FX,CAD,1.4212,,,,2026-07-07 20:55:12.024
FX,CHF,0.8056,,,,2026-07-07 20:55:12.024
FX,MXN,17.4302,,,,2026-07-07 20:55:12.024
FX,BRL,5.1671,,,,2026-07-07 20:55:12.024
FX,EUR,0.8758,,,,2026-07-08 02:55:11.713
FX,JPY,162.1027,,,,2026-07-08 02:55:11.713
FX,CHF,0.8077,,,,2026-07-08 02:55:11.713
FX,BRL,5.1393,,,,2026-07-08 02:55:11.713
FX,EUR,0.8746,,,,2026-07-07 20:55:12.024
FX,GBP,0.748,,,,2026-07-07 20:55:12.024
FX,JPY,162.1289,,,,2026-07-07 20:55:12.024
FX,CAD,1.4212,,,,2026-07-07 20:55:12.024
FX,CHF,0.8056,,,,2026-07-07 20:55:12.024
FX,MXN,17.4302,,,,2026-07-07 20:55:12.024
FX,BRL,5.1671,,,,2026-07-07 20:55:12.024
FX,GBP,0.748,,,,2026-07-07 20:55:12.024
FX,CAD,1.4212,,,,2026-07-07 20:55:12.024
FX,MXN,17.4302,,,,2026-07-07 20:55:12.024
FX,EUR,0.8746,,,,2026-07-07 14:55:12.195
FX,GBP,0.748,,,,2026-07-07 14:55:12.195
FX,JPY,162.1289,,,,2026-07-07 14:55:12.195
FX,CAD,1.4212,,,,2026-07-07 14:55:12.195
FX,CHF,0.8056,,,,2026-07-07 14:55:12.195
FX,MXN,17.4302,,,,2026-07-07 14:55:12.195
FX,BRL,5.1671,,,,2026-07-07 14:55:12.195
FX,JPY,162.1289,,,,2026-07-07 20:55:12.024
FX,BRL,5.1671,,,,2026-07-07 20:55:12.024
FX,EUR,0.8746,,,,2026-07-07 14:55:12.195
FX,GBP,0.748,,,,2026-07-07 14:55:12.195
FX,JPY,162.1289,,,,2026-07-07 14:55:12.195
FX,CAD,1.4212,,,,2026-07-07 14:55:12.195
FX,CHF,0.8056,,,,2026-07-07 14:55:12.195
FX,MXN,17.4302,,,,2026-07-07 14:55:12.195
FX,BRL,5.1671,,,,2026-07-07 14:55:12.195
FX,GBP,0.748,,,,2026-07-07 20:55:12.024
FX,MXN,17.4302,,,,2026-07-07 20:55:12.024
FX,EUR,0.8746,,,,2026-07-07 14:55:12.195
FX,GBP,0.748,,,,2026-07-07 14:55:12.195
FX,JPY,162.1289,,,,2026-07-07 14:55:12.195
FX,CAD,1.4212,,,,2026-07-07 14:55:12.195
FX,CHF,0.8056,,,,2026-07-07 14:55:12.195
FX,MXN,17.4302,,,,2026-07-07 14:55:12.195
FX,BRL,5.1671,,,,2026-07-07 14:55:12.195
FX,EUR,0.8746,,,,2026-07-07 20:55:12.024
FX,CHF,0.8056,,,,2026-07-07 20:55:12.024
FX,GBP,0.748,,,,2026-07-07 14:55:12.195
FX,MXN,17.4302,,,,2026-07-07 14:55:12.195
FX,EUR,0.8746,,,,2026-07-07 08:55:11.600
FX,GBP,0.748,,,,2026-07-07 08:55:11.600
FX,JPY,162.1289,,,,2026-07-07 08:55:11.600
FX,CAD,1.4212,,,,2026-07-07 08:55:11.600
FX,CHF,0.8056,,,,2026-07-07 08:55:11.600
FX,MXN,17.4302,,,,2026-07-07 08:55:11.600
FX,BRL,5.1671,,,,2026-07-07 08:55:11.600
FX,CAD,1.4212,,,,2026-07-07 14:55:12.195
FX,EUR,0.8746,,,,2026-07-07 08:55:11.600
FX,GBP,0.748,,,,2026-07-07 08:55:11.600
FX,JPY,162.1289,,,,2026-07-07 08:55:11.600
FX,CAD,1.4212,,,,2026-07-07 08:55:11.600
FX,CHF,0.8056,,,,2026-07-07 08:55:11.600
FX,MXN,17.4302,,,,2026-07-07 08:55:11.600
FX,BRL,5.1671,,,,2026-07-07 08:55:11.600
FX,EUR,0.8746,,,,2026-07-07 08:55:11.600
FX,GBP,0.748,,,,2026-07-07 08:55:11.600
FX,JPY,162.1289,,,,2026-07-07 08:55:11.600
FX,CAD,1.4212,,,,2026-07-07 08:55:11.600
FX,CHF,0.8056,,,,2026-07-07 08:55:11.600
FX,MXN,17.4302,,,,2026-07-07 08:55:11.600
FX,BRL,5.1671,,,,2026-07-07 08:55:11.600
FX,JPY,162.1289,,,,2026-07-07 14:55:12.195
FX,BRL,5.1671,,,,2026-07-07 14:55:12.195
FX,EUR,0.8746,,,,2026-07-07 02:55:11.020
FX,GBP,0.748,,,,2026-07-07 02:55:11.020
FX,JPY,162.1289,,,,2026-07-07 02:55:11.020
FX,CAD,1.4212,,,,2026-07-07 02:55:11.020
FX,CHF,0.8056,,,,2026-07-07 02:55:11.020
FX,MXN,17.4302,,,,2026-07-07 02:55:11.020
FX,BRL,5.1671,,,,2026-07-07 02:55:11.020
FX,EUR,0.8746,,,,2026-07-07 08:55:11.600
FX,CHF,0.8056,,,,2026-07-07 08:55:11.600
FX,GBP,0.748,,,,2026-07-07 08:55:11.600
FX,MXN,17.4302,,,,2026-07-07 08:55:11.600
FX,EUR,0.8746,,,,2026-07-07 02:55:11.020
FX,GBP,0.748,,,,2026-07-07 02:55:11.020
FX,JPY,162.1289,,,,2026-07-07 02:55:11.020
FX,CAD,1.4212,,,,2026-07-07 02:55:11.020
FX,CHF,0.8056,,,,2026-07-07 02:55:11.020
FX,MXN,17.4302,,,,2026-07-07 02:55:11.020
FX,BRL,5.1671,,,,2026-07-07 02:55:11.020
FX,JPY,162.1289,,,,2026-07-07 08:55:11.600
FX,BRL,5.1671,,,,2026-07-07 08:55:11.600
FX,EUR,0.8746,,,,2026-07-07 02:55:11.020
FX,GBP,0.748,,,,2026-07-07 02:55:11.020
FX,JPY,162.1289,,,,2026-07-07 02:55:11.020
FX,CAD,1.4212,,,,2026-07-07 02:55:11.020
FX,CHF,0.8056,,,,2026-07-07 02:55:11.020
FX,MXN,17.4302,,,,2026-07-07 02:55:11.020
FX,BRL,5.1671,,,,2026-07-07 02:55:11.020
FX,EUR,0.8743,,,,2026-07-06 20:55:11.657
FX,GBP,0.7491,,,,2026-07-06 20:55:11.657
FX,JPY,161.3867,,,,2026-07-06 20:55:11.657
FX,CAD,1.4203,,,,2026-07-06 20:55:11.657
FX,CHF,0.8037,,,,2026-07-06 20:55:11.657
FX,MXN,17.476,,,,2026-07-06 20:55:11.657
FX,BRL,5.1784,,,,2026-07-06 20:55:11.657
FX,EUR,0.8743,,,,2026-07-06 20:55:11.657
FX,GBP,0.7491,,,,2026-07-06 20:55:11.657
FX,JPY,161.3867,,,,2026-07-06 20:55:11.657
FX,CAD,1.4203,,,,2026-07-06 20:55:11.657
FX,CHF,0.8037,,,,2026-07-06 20:55:11.657
FX,MXN,17.476,,,,2026-07-06 20:55:11.657
FX,BRL,5.1784,,,,2026-07-06 20:55:11.657
FX,EUR,0.8746,,,,2026-07-07 02:55:11.020
FX,CHF,0.8056,,,,2026-07-07 02:55:11.020
FX,GBP,0.748,,,,2026-07-07 02:55:11.020
FX,MXN,17.4302,,,,2026-07-07 02:55:11.020
FX,EUR,0.8743,,,,2026-07-06 20:55:11.657
FX,GBP,0.7491,,,,2026-07-06 20:55:11.657
FX,JPY,161.3867,,,,2026-07-06 20:55:11.657
FX,CAD,1.4203,,,,2026-07-06 20:55:11.657
FX,CHF,0.8037,,,,2026-07-06 20:55:11.657
FX,MXN,17.476,,,,2026-07-06 20:55:11.657
FX,BRL,5.1784,,,,2026-07-06 20:55:11.657
FX,JPY,162.1289,,,,2026-07-07 02:55:11.020
FX,BRL,5.1671,,,,2026-07-07 02:55:11.020
FX,CAD,1.4203,,,,2026-07-06 20:55:11.657
FX,EUR,0.8743,,,,2026-07-06 20:55:11.657
FX,CHF,0.8037,,,,2026-07-06 20:55:11.657
FX,EUR,0.8743,,,,2026-07-06 14:55:11.414
FX,GBP,0.7491,,,,2026-07-06 14:55:11.414
FX,JPY,161.3867,,,,2026-07-06 14:55:11.414
FX,CAD,1.4203,,,,2026-07-06 14:55:11.414
FX,CHF,0.8037,,,,2026-07-06 14:55:11.414
FX,MXN,17.476,,,,2026-07-06 14:55:11.414
FX,BRL,5.1784,,,,2026-07-06 14:55:11.414
FX,EUR,0.8743,,,,2026-07-06 14:55:11.414
FX,GBP,0.7491,,,,2026-07-06 14:55:11.414
FX,JPY,161.3867,,,,2026-07-06 14:55:11.414
FX,CAD,1.4203,,,,2026-07-06 14:55:11.414
FX,CHF,0.8037,,,,2026-07-06 14:55:11.414
FX,MXN,17.476,,,,2026-07-06 14:55:11.414
FX,BRL,5.1784,,,,2026-07-06 14:55:11.414
FX,GBP,0.7491,,,,2026-07-06 20:55:11.657
FX,MXN,17.476,,,,2026-07-06 20:55:11.657
FX,CAD,1.4203,,,,2026-07-06 14:55:11.414
FX,EUR,0.8743,,,,2026-07-06 08:55:11.359
FX,GBP,0.7491,,,,2026-07-06 08:55:11.359
FX,JPY,161.3867,,,,2026-07-06 08:55:11.359
FX,CAD,1.4203,,,,2026-07-06 08:55:11.359
FX,CHF,0.8037,,,,2026-07-06 08:55:11.359
FX,MXN,17.476,,,,2026-07-06 08:55:11.359
FX,BRL,5.1784,,,,2026-07-06 08:55:11.359
FX,EUR,0.8743,,,,2026-07-06 08:55:11.359
FX,GBP,0.7491,,,,2026-07-06 08:55:11.359
FX,JPY,161.3867,,,,2026-07-06 08:55:11.359
FX,CAD,1.4203,,,,2026-07-06 08:55:11.359
FX,CHF,0.8037,,,,2026-07-06 08:55:11.359
FX,MXN,17.476,,,,2026-07-06 08:55:11.359
FX,BRL,5.1784,,,,2026-07-06 08:55:11.359
FX,GBP,0.7491,,,,2026-07-06 14:55:11.414
FX,MXN,17.476,,,,2026-07-06 14:55:11.414
FX,EUR,0.8743,,,,2026-07-06 08:55:11.359
FX,GBP,0.7491,,,,2026-07-06 08:55:11.359
FX,JPY,161.3867,,,,2026-07-06 08:55:11.359
FX,CAD,1.4203,,,,2026-07-06 08:55:11.359
FX,CHF,0.8037,,,,2026-07-06 08:55:11.359
FX,MXN,17.476,,,,2026-07-06 08:55:11.359
FX,BRL,5.1784,,,,2026-07-06 08:55:11.359
FX,EUR,0.8743,,,,2026-07-06 14:55:11.414
FX,CHF,0.8037,,,,2026-07-06 14:55:11.414
FX,EUR,0.8743,,,,2026-07-06 02:55:11.485
FX,GBP,0.7491,,,,2026-07-06 02:55:11.485
FX,JPY,161.3867,,,,2026-07-06 02:55:11.485
FX,CAD,1.4203,,,,2026-07-06 02:55:11.485
FX,CHF,0.8037,,,,2026-07-06 02:55:11.485
FX,MXN,17.476,,,,2026-07-06 02:55:11.485
FX,BRL,5.1784,,,,2026-07-06 02:55:11.485
FX,GBP,0.7491,,,,2026-07-06 08:55:11.359
FX,CAD,1.4203,,,,2026-07-06 08:55:11.359
FX,MXN,17.476,,,,2026-07-06 08:55:11.359
FX,EUR,0.8743,,,,2026-07-06 02:55:11.485
FX,GBP,0.7491,,,,2026-07-06 02:55:11.485
FX,JPY,161.3867,,,,2026-07-06 02:55:11.485
FX,CAD,1.4203,,,,2026-07-06 02:55:11.485
FX,CHF,0.8037,,,,2026-07-06 02:55:11.485
FX,MXN,17.476,,,,2026-07-06 02:55:11.485
FX,BRL,5.1784,,,,2026-07-06 02:55:11.485
FX,GBP,0.7491,,,,2026-07-06 02:55:11.485
FX,CAD,1.4203,,,,2026-07-06 02:55:11.485
FX,MXN,17.476,,,,2026-07-06 02:55:11.485
FX,EUR,0.8743,,,,2026-07-05 20:55:11.108
FX,GBP,0.749,,,,2026-07-05 20:55:11.108
FX,JPY,161.2708,,,,2026-07-05 20:55:11.108
FX,CAD,1.4196,,,,2026-07-05 20:55:11.108
FX,CHF,0.8036,,,,2026-07-05 20:55:11.108
FX,MXN,17.4678,,,,2026-07-05 20:55:11.108
FX,BRL,5.2002,,,,2026-07-05 20:55:11.108
FX,EUR,0.8743,,,,2026-07-06 02:55:11.485
FX,CHF,0.8037,,,,2026-07-06 02:55:11.485
FX,EUR,0.8743,,,,2026-07-05 20:55:11.108
FX,GBP,0.749,,,,2026-07-05 20:55:11.108
FX,JPY,161.2708,,,,2026-07-05 20:55:11.108
FX,CAD,1.4196,,,,2026-07-05 20:55:11.108
FX,CHF,0.8036,,,,2026-07-05 20:55:11.108
FX,MXN,17.4678,,,,2026-07-05 20:55:11.108
FX,BRL,5.2002,,,,2026-07-05 20:55:11.108
FX,JPY,161.3867,,,,2026-07-06 02:55:11.485
FX,BRL,5.1784,,,,2026-07-06 02:55:11.485
FX,EUR,0.8743,,,,2026-07-05 20:55:11.108
FX,GBP,0.749,,,,2026-07-05 20:55:11.108
FX,JPY,161.2708,,,,2026-07-05 20:55:11.108
FX,CAD,1.4196,,,,2026-07-05 20:55:11.108
FX,CHF,0.8036,,,,2026-07-05 20:55:11.108
FX,MXN,17.4678,,,,2026-07-05 20:55:11.108
FX,BRL,5.2002,,,,2026-07-05 20:55:11.108
FX,CAD,1.4203,,,,2026-07-06 02:55:11.485
FX,GBP,0.749,,,,2026-07-05 20:55:11.108
FX,MXN,17.4678,,,,2026-07-05 20:55:11.108
FX,EUR,0.8743,,,,2026-07-05 14:55:11.111
FX,GBP,0.749,,,,2026-07-05 14:55:11.111
FX,JPY,161.2708,,,,2026-07-05 14:55:11.111
FX,CAD,1.4196,,,,2026-07-05 14:55:11.111
FX,CHF,0.8036,,,,2026-07-05 14:55:11.111
FX,MXN,17.4678,,,,2026-07-05 14:55:11.111
FX,BRL,5.2002,,,,2026-07-05 14:55:11.111
FX,EUR,0.8743,,,,2026-07-05 14:55:11.111
FX,GBP,0.749,,,,2026-07-05 14:55:11.111
FX,JPY,161.2708,,,,2026-07-05 14:55:11.111
FX,CAD,1.4196,,,,2026-07-05 14:55:11.111
FX,CHF,0.8036,,,,2026-07-05 14:55:11.111
FX,MXN,17.4678,,,,2026-07-05 14:55:11.111
FX,BRL,5.2002,,,,2026-07-05 14:55:11.111
FX,EUR,0.8743,,,,2026-07-05 20:55:11.108
FX,CHF,0.8036,,,,2026-07-05 20:55:11.108
FX,EUR,0.8743,,,,2026-07-05 14:55:11.111
FX,GBP,0.749,,,,2026-07-05 14:55:11.111
FX,JPY,161.2708,,,,2026-07-05 14:55:11.111
FX,CAD,1.4196,,,,2026-07-05 14:55:11.111
FX,CHF,0.8036,,,,2026-07-05 14:55:11.111
FX,MXN,17.4678,,,,2026-07-05 14:55:11.111
FX,BRL,5.2002,,,,2026-07-05 14:55:11.111
FX,CAD,1.4196,,,,2026-07-05 20:55:11.108
FX,EUR,0.8743,,,,2026-07-05 14:55:11.111
FX,CHF,0.8036,,,,2026-07-05 14:55:11.111
FX,EUR,0.8743,,,,2026-07-05 08:55:10.850
FX,GBP,0.749,,,,2026-07-05 08:55:10.850
FX,JPY,161.2708,,,,2026-07-05 08:55:10.850
FX,CAD,1.4196,,,,2026-07-05 08:55:10.850
FX,CHF,0.8036,,,,2026-07-05 08:55:10.850
FX,MXN,17.4678,,,,2026-07-05 08:55:10.850
FX,BRL,5.2002,,,,2026-07-05 08:55:10.850
FX,EUR,0.8743,,,,2026-07-05 08:55:10.850
FX,GBP,0.749,,,,2026-07-05 08:55:10.850
FX,JPY,161.2708,,,,2026-07-05 08:55:10.850
FX,CAD,1.4196,,,,2026-07-05 08:55:10.850
FX,CHF,0.8036,,,,2026-07-05 08:55:10.850
FX,MXN,17.4678,,,,2026-07-05 08:55:10.850
FX,BRL,5.2002,,,,2026-07-05 08:55:10.850
FX,GBP,0.749,,,,2026-07-05 14:55:11.111
FX,MXN,17.4678,,,,2026-07-05 14:55:11.111
FX,JPY,161.2708,,,,2026-07-05 14:55:11.111
FX,BRL,5.2002,,,,2026-07-05 14:55:11.111
FX,EUR,0.8743,,,,2026-07-05 08:55:10.850
FX,GBP,0.749,,,,2026-07-05 08:55:10.850
FX,JPY,161.2708,,,,2026-07-05 08:55:10.850
FX,CAD,1.4196,,,,2026-07-05 08:55:10.850
FX,CHF,0.8036,,,,2026-07-05 08:55:10.850
FX,MXN,17.4678,,,,2026-07-05 08:55:10.850
FX,BRL,5.2002,,,,2026-07-05 08:55:10.850
FX,EUR,0.8743,,,,2026-07-05 02:55:11.008
FX,GBP,0.749,,,,2026-07-05 02:55:11.008
FX,JPY,161.2708,,,,2026-07-05 02:55:11.008
FX,CAD,1.4196,,,,2026-07-05 02:55:11.008
FX,CHF,0.8036,,,,2026-07-05 02:55:11.008
FX,MXN,17.4678,,,,2026-07-05 02:55:11.008
FX,BRL,5.2002,,,,2026-07-05 02:55:11.008
FX,JPY,161.2708,,,,2026-07-05 08:55:10.850
FX,BRL,5.2002,,,,2026-07-05 08:55:10.850
FX,CAD,1.4196,,,,2026-07-05 08:55:10.850
FX,EUR,0.8743,,,,2026-07-05 02:55:11.008
FX,GBP,0.749,,,,2026-07-05 02:55:11.008
FX,JPY,161.2708,,,,2026-07-05 02:55:11.008
FX,CAD,1.4196,,,,2026-07-05 02:55:11.008
FX,CHF,0.8036,,,,2026-07-05 02:55:11.008
FX,MXN,17.4678,,,,2026-07-05 02:55:11.008
FX,BRL,5.2002,,,,2026-07-05 02:55:11.008
FX,GBP,0.749,,,,2026-07-05 08:55:10.850
FX,MXN,17.4678,,,,2026-07-05 08:55:10.850
FX,EUR,0.8743,,,,2026-07-04 20:55:11.248
FX,GBP,0.749,,,,2026-07-04 20:55:11.248
FX,JPY,161.2967,,,,2026-07-04 20:55:11.248
FX,CAD,1.4197,,,,2026-07-04 20:55:11.248
FX,CHF,0.8035,,,,2026-07-04 20:55:11.248
FX,MXN,17.4683,,,,2026-07-04 20:55:11.248
FX,BRL,5.2012,,,,2026-07-04 20:55:11.248
FX,CAD,1.4196,,,,2026-07-05 02:55:11.008
FX,EUR,0.8743,,,,2026-07-04 20:55:11.248
FX,GBP,0.749,,,,2026-07-04 20:55:11.248
FX,JPY,161.2967,,,,2026-07-04 20:55:11.248
FX,CAD,1.4197,,,,2026-07-04 20:55:11.248
FX,CHF,0.8035,,,,2026-07-04 20:55:11.248
FX,MXN,17.4683,,,,2026-07-04 20:55:11.248
FX,BRL,5.2012,,,,2026-07-04 20:55:11.248
FX,EUR,0.8743,,,,2026-07-04 20:55:11.248
FX,GBP,0.749,,,,2026-07-04 20:55:11.248
FX,JPY,161.2967,,,,2026-07-04 20:55:11.248
FX,CAD,1.4197,,,,2026-07-04 20:55:11.248
FX,CHF,0.8035,,,,2026-07-04 20:55:11.248
FX,MXN,17.4683,,,,2026-07-04 20:55:11.248
FX,BRL,5.2012,,,,2026-07-04 20:55:11.248
FX,GBP,0.749,,,,2026-07-05 02:55:11.008
FX,MXN,17.4678,,,,2026-07-05 02:55:11.008
FX,JPY,161.2708,,,,2026-07-05 02:55:11.008
FX,BRL,5.2002,,,,2026-07-05 02:55:11.008
FX,CAD,1.4197,,,,2026-07-04 14:55:11.781
FX,JPY,161.2967,,,,2026-07-04 14:55:11.781
FX,BRL,5.2012,,,,2026-07-04 14:55:11.781
FX,EUR,0.8743,,,,2026-07-04 14:55:11.781
FX,CHF,0.8035,,,,2026-07-04 14:55:11.781
FX,EUR,0.8743,,,,2026-07-04 14:55:11.781
FX,GBP,0.749,,,,2026-07-04 14:55:11.781
FX,JPY,161.2967,,,,2026-07-04 14:55:11.781
FX,CAD,1.4197,,,,2026-07-04 14:55:11.781
FX,CHF,0.8035,,,,2026-07-04 14:55:11.781
FX,MXN,17.4683,,,,2026-07-04 14:55:11.781
FX,BRL,5.2012,,,,2026-07-04 14:55:11.781
FX,EUR,0.8743,,,,2026-07-04 14:55:11.781
FX,GBP,0.749,,,,2026-07-04 14:55:11.781
FX,JPY,161.2967,,,,2026-07-04 14:55:11.781
FX,CAD,1.4197,,,,2026-07-04 14:55:11.781
FX,CHF,0.8035,,,,2026-07-04 14:55:11.781
FX,MXN,17.4683,,,,2026-07-04 14:55:11.781
FX,BRL,5.2012,,,,2026-07-04 14:55:11.781
FX,CAD,1.4197,,,,2026-07-04 14:55:11.781
FX,EUR,0.8743,,,,2026-07-04 08:55:10.452
FX,GBP,0.749,,,,2026-07-04 08:55:10.452
FX,JPY,161.2967,,,,2026-07-04 08:55:10.452
FX,CAD,1.4197,,,,2026-07-04 08:55:10.452
FX,CHF,0.8035,,,,2026-07-04 08:55:10.452
FX,MXN,17.4683,,,,2026-07-04 08:55:10.452
FX,BRL,5.2012,,,,2026-07-04 08:55:10.452
FX,GBP,0.749,,,,2026-07-04 14:55:11.781
FX,MXN,17.4683,,,,2026-07-04 14:55:11.781
FX,EUR,0.8743,,,,2026-07-04 08:55:10.452
FX,GBP,0.749,,,,2026-07-04 08:55:10.452
FX,JPY,161.2967,,,,2026-07-04 08:55:10.452
FX,CAD,1.4197,,,,2026-07-04 08:55:10.452
FX,CHF,0.8035,,,,2026-07-04 08:55:10.452
FX,MXN,17.4683,,,,2026-07-04 08:55:10.452
FX,BRL,5.2012,,,,2026-07-04 08:55:10.452
FX,EUR,0.8743,,,,2026-07-04 14:55:11.781
FX,CHF,0.8035,,,,2026-07-04 14:55:11.781
FX,EUR,0.8743,,,,2026-07-04 02:55:11.251
FX,GBP,0.749,,,,2026-07-04 02:55:11.251
FX,JPY,161.2967,,,,2026-07-04 02:55:11.251
FX,CAD,1.4197,,,,2026-07-04 02:55:11.251
FX,CHF,0.8035,,,,2026-07-04 02:55:11.251
FX,MXN,17.4683,,,,2026-07-04 02:55:11.251
FX,BRL,5.2012,,,,2026-07-04 02:55:11.251
FX,JPY,161.2967,,,,2026-07-04 08:55:10.452
FX,BRL,5.2012,,,,2026-07-04 08:55:10.452
FX,EUR,0.8743,,,,2026-07-04 02:55:11.251
FX,GBP,0.749,,,,2026-07-04 02:55:11.251
FX,JPY,161.2967,,,,2026-07-04 02:55:11.251
FX,CAD,1.4197,,,,2026-07-04 02:55:11.251
FX,CHF,0.8035,,,,2026-07-04 02:55:11.251
FX,MXN,17.4683,,,,2026-07-04 02:55:11.251
FX,BRL,5.2012,,,,2026-07-04 02:55:11.251
FX,EUR,0.8743,,,,2026-07-04 02:55:11.251
FX,GBP,0.749,,,,2026-07-04 02:55:11.251
FX,JPY,161.2967,,,,2026-07-04 02:55:11.251
FX,CAD,1.4197,,,,2026-07-04 02:55:11.251
FX,CHF,0.8035,,,,2026-07-04 02:55:11.251
FX,MXN,17.4683,,,,2026-07-04 02:55:11.251
FX,BRL,5.2012,,,,2026-07-04 02:55:11.251
FX,GBP,0.749,,,,2026-07-04 08:55:10.452
FX,MXN,17.4683,,,,2026-07-04 08:55:10.452
FX,EUR,0.8743,,,,2026-07-04 08:55:10.452
FX,CHF,0.8035,,,,2026-07-04 08:55:10.452
FX,EUR,0.8754,,,,2026-07-03 20:55:11.659
FX,GBP,0.7498,,,,2026-07-03 20:55:11.659
FX,JPY,161.3337,,,,2026-07-03 20:55:11.659
FX,CAD,1.4188,,,,2026-07-03 20:55:11.659
FX,CHF,0.8044,,,,2026-07-03 20:55:11.659
FX,MXN,17.4859,,,,2026-07-03 20:55:11.659
FX,BRL,5.2028,,,,2026-07-03 20:55:11.659
FX,JPY,161.2967,,,,2026-07-04 02:55:11.251
FX,BRL,5.2012,,,,2026-07-04 02:55:11.251
FX,GBP,0.749,,,,2026-07-04 02:55:11.251
FX,MXN,17.4683,,,,2026-07-04 02:55:11.251
FX,EUR,0.8743,,,,2026-07-04 02:55:11.251
FX,CHF,0.8035,,,,2026-07-04 02:55:11.251
FX,EUR,0.8754,,,,2026-07-03 20:55:11.659
FX,GBP,0.7498,,,,2026-07-03 20:55:11.659
FX,JPY,161.3337,,,,2026-07-03 20:55:11.659
FX,CAD,1.4188,,,,2026-07-03 20:55:11.659
FX,CHF,0.8044,,,,2026-07-03 20:55:11.659
FX,MXN,17.4859,,,,2026-07-03 20:55:11.659
FX,BRL,5.2028,,,,2026-07-03 20:55:11.659
FX,EUR,0.8754,,,,2026-07-03 14:55:11.435
FX,GBP,0.7498,,,,2026-07-03 14:55:11.435
FX,JPY,161.3337,,,,2026-07-03 14:55:11.435
FX,CAD,1.4188,,,,2026-07-03 14:55:11.435
FX,CHF,0.8044,,,,2026-07-03 14:55:11.435
FX,MXN,17.4859,,,,2026-07-03 14:55:11.435
FX,BRL,5.2028,,,,2026-07-03 14:55:11.435
FX,CAD,1.4188,,,,2026-07-03 20:55:11.659
FX,EUR,0.8754,,,,2026-07-03 14:55:11.435
FX,GBP,0.7498,,,,2026-07-03 14:55:11.435
FX,JPY,161.3337,,,,2026-07-03 14:55:11.435
FX,CAD,1.4188,,,,2026-07-03 14:55:11.435
FX,CHF,0.8044,,,,2026-07-03 14:55:11.435
FX,MXN,17.4859,,,,2026-07-03 14:55:11.435
FX,BRL,5.2028,,,,2026-07-03 14:55:11.435
FX,JPY,161.3337,,,,2026-07-03 20:55:11.659
FX,BRL,5.2028,,,,2026-07-03 20:55:11.659
FX,EUR,0.8754,,,,2026-07-03 20:55:11.659
FX,CHF,0.8044,,,,2026-07-03 20:55:11.659
FX,EUR,0.8754,,,,2026-07-03 08:55:10.896
FX,GBP,0.7498,,,,2026-07-03 08:55:10.896
FX,JPY,161.3337,,,,2026-07-03 08:55:10.896
FX,CAD,1.4188,,,,2026-07-03 08:55:10.896
FX,CHF,0.8044,,,,2026-07-03 08:55:10.896
FX,MXN,17.4859,,,,2026-07-03 08:55:10.896
FX,BRL,5.2028,,,,2026-07-03 08:55:10.896
FX,CAD,1.4188,,,,2026-07-03 14:55:11.435
FX,EUR,0.8754,,,,2026-07-03 08:55:10.896
FX,GBP,0.7498,,,,2026-07-03 08:55:10.896
FX,JPY,161.3337,,,,2026-07-03 08:55:10.896
FX,CAD,1.4188,,,,2026-07-03 08:55:10.896
FX,CHF,0.8044,,,,2026-07-03 08:55:10.896
FX,MXN,17.4859,,,,2026-07-03 08:55:10.896
FX,BRL,5.2028,,,,2026-07-03 08:55:10.896
FX,GBP,0.7498,,,,2026-07-03 14:55:11.435
FX,MXN,17.4859,,,,2026-07-03 14:55:11.435
FX,JPY,161.3337,,,,2026-07-03 14:55:11.435
FX,BRL,5.2028,,,,2026-07-03 14:55:11.435
FX,EUR,0.8754,,,,2026-07-03 02:55:11.428
FX,GBP,0.7498,,,,2026-07-03 02:55:11.428
FX,JPY,161.3337,,,,2026-07-03 02:55:11.428
FX,CAD,1.4188,,,,2026-07-03 02:55:11.428
FX,CHF,0.8044,,,,2026-07-03 02:55:11.428
FX,MXN,17.4859,,,,2026-07-03 02:55:11.428
FX,BRL,5.2028,,,,2026-07-03 02:55:11.428
FX,EUR,0.8754,,,,2026-07-03 08:55:10.896
FX,CHF,0.8044,,,,2026-07-03 08:55:10.896
FX,EUR,0.8754,,,,2026-07-03 02:55:11.428
FX,GBP,0.7498,,,,2026-07-03 02:55:11.428
FX,JPY,161.3337,,,,2026-07-03 02:55:11.428
FX,CAD,1.4188,,,,2026-07-03 02:55:11.428
FX,CHF,0.8044,,,,2026-07-03 02:55:11.428
FX,MXN,17.4859,,,,2026-07-03 02:55:11.428
FX,BRL,5.2028,,,,2026-07-03 02:55:11.428
FX,CAD,1.4188,,,,2026-07-03 08:55:10.896
FX,JPY,161.3337,,,,2026-07-03 08:55:10.896
FX,BRL,5.2028,,,,2026-07-03 08:55:10.896
FX,EUR,0.8754,,,,2026-07-03 02:55:11.428
FX,GBP,0.7498,,,,2026-07-03 02:55:11.428
FX,JPY,161.3337,,,,2026-07-03 02:55:11.428
FX,CAD,1.4188,,,,2026-07-03 02:55:11.428
FX,CHF,0.8044,,,,2026-07-03 02:55:11.428
FX,MXN,17.4859,,,,2026-07-03 02:55:11.428
FX,BRL,5.2028,,,,2026-07-03 02:55:11.428
FX,EUR,0.8783,,,,2026-07-02 20:55:10.508
FX,GBP,0.7537,,,,2026-07-02 20:55:10.508
FX,JPY,162.5478,,,,2026-07-02 20:55:10.508
FX,CAD,1.4214,,,,2026-07-02 20:55:10.508
FX,CHF,0.8096,,,,2026-07-02 20:55:10.508
FX,MXN,17.5448,,,,2026-07-02 20:55:10.508
FX,BRL,5.1748,,,,2026-07-02 20:55:10.508
FX,JPY,161.3337,,,,2026-07-03 02:55:11.428
FX,BRL,5.2028,,,,2026-07-03 02:55:11.428
FX,CAD,1.4188,,,,2026-07-03 02:55:11.428
FX,GBP,0.7498,,,,2026-07-03 02:55:11.428
FX,MXN,17.4859,,,,2026-07-03 02:55:11.428
FX,EUR,0.8783,,,,2026-07-02 14:55:11.275
FX,GBP,0.7537,,,,2026-07-02 14:55:11.275
FX,JPY,162.5478,,,,2026-07-02 14:55:11.275
FX,CAD,1.4214,,,,2026-07-02 14:55:11.275
FX,CHF,0.8096,,,,2026-07-02 14:55:11.275
FX,MXN,17.5448,,,,2026-07-02 14:55:11.275
FX,BRL,5.1748,,,,2026-07-02 14:55:11.275
FX,JPY,162.5478,,,,2026-07-02 14:55:11.275
FX,BRL,5.1748,,,,2026-07-02 14:55:11.275
FX,CAD,1.4214,,,,2026-07-02 14:55:11.275
FX,EUR,0.8783,,,,2026-07-02 14:55:11.275
FX,CHF,0.8096,,,,2026-07-02 14:55:11.275
FX,EUR,0.8783,,,,2026-07-02 14:55:11.275
FX,GBP,0.7537,,,,2026-07-02 14:55:11.275
FX,JPY,162.5478,,,,2026-07-02 14:55:11.275
FX,CAD,1.4214,,,,2026-07-02 14:55:11.275
FX,CHF,0.8096,,,,2026-07-02 14:55:11.275
FX,MXN,17.5448,,,,2026-07-02 14:55:11.275
FX,BRL,5.1748,,,,2026-07-02 14:55:11.275
FX,JPY,162.5478,,,,2026-07-02 14:55:11.275
FX,BRL,5.1748,,,,2026-07-02 14:55:11.275
FX,EUR,0.8783,,,,2026-07-02 08:55:11.460
FX,GBP,0.7537,,,,2026-07-02 08:55:11.460
FX,JPY,162.5478,,,,2026-07-02 08:55:11.460
FX,CAD,1.4214,,,,2026-07-02 08:55:11.460
FX,CHF,0.8096,,,,2026-07-02 08:55:11.460
FX,MXN,17.5448,,,,2026-07-02 08:55:11.460
FX,BRL,5.1748,,,,2026-07-02 08:55:11.460
FX,GBP,0.7537,,,,2026-07-02 14:55:11.275
FX,MXN,17.5448,,,,2026-07-02 14:55:11.275
FX,GBP,0.7537,,,,2026-07-02 08:55:11.460
FX,CAD,1.4214,,,,2026-07-02 08:55:11.460
FX,MXN,17.5448,,,,2026-07-02 08:55:11.460
FX,EUR,0.8783,,,,2026-07-02 02:55:11.514
FX,GBP,0.7537,,,,2026-07-02 02:55:11.514
FX,JPY,162.5478,,,,2026-07-02 02:55:11.514
FX,CAD,1.4214,,,,2026-07-02 02:55:11.514
FX,CHF,0.8096,,,,2026-07-02 02:55:11.514
FX,MXN,17.5448,,,,2026-07-02 02:55:11.514
FX,BRL,5.1748,,,,2026-07-02 02:55:11.514
FX,EUR,0.8783,,,,2026-07-02 02:55:11.514
FX,GBP,0.7537,,,,2026-07-02 02:55:11.514
FX,JPY,162.5478,,,,2026-07-02 02:55:11.514
FX,CAD,1.4214,,,,2026-07-02 02:55:11.514
FX,CHF,0.8096,,,,2026-07-02 02:55:11.514
FX,MXN,17.5448,,,,2026-07-02 02:55:11.514
FX,BRL,5.1748,,,,2026-07-02 02:55:11.514
FX,EUR,0.8783,,,,2026-07-02 02:55:11.514
FX,JPY,162.5478,,,,2026-07-02 02:55:11.514
FX,CHF,0.8096,,,,2026-07-02 02:55:11.514
FX,BRL,5.1748,,,,2026-07-02 02:55:11.514
FX,EUR,0.8766,,,,2026-07-01 20:55:10.989
FX,GBP,0.7549,,,,2026-07-01 20:55:10.989
FX,JPY,162.4997,,,,2026-07-01 20:55:10.989
FX,CAD,1.4208,,,,2026-07-01 20:55:10.989
FX,CHF,0.8086,,,,2026-07-01 20:55:10.989
FX,MXN,17.4796,,,,2026-07-01 20:55:10.989
FX,BRL,5.1756,,,,2026-07-01 20:55:10.989
FX,EUR,0.8783,,,,2026-07-02 02:55:11.514
FX,CHF,0.8096,,,,2026-07-02 02:55:11.514
FX,EUR,0.8766,,,,2026-07-01 20:55:10.989
FX,GBP,0.7549,,,,2026-07-01 20:55:10.989
FX,JPY,162.4997,,,,2026-07-01 20:55:10.989
FX,CAD,1.4208,,,,2026-07-01 20:55:10.989
FX,CHF,0.8086,,,,2026-07-01 20:55:10.989
FX,MXN,17.4796,,,,2026-07-01 20:55:10.989
FX,BRL,5.1756,,,,2026-07-01 20:55:10.989
FX,EUR,0.8766,,,,2026-07-01 20:55:10.989
FX,GBP,0.7549,,,,2026-07-01 20:55:10.989
FX,JPY,162.4997,,,,2026-07-01 20:55:10.989
FX,CAD,1.4208,,,,2026-07-01 20:55:10.989
FX,CHF,0.8086,,,,2026-07-01 20:55:10.989
FX,MXN,17.4796,,,,2026-07-01 20:55:10.989
FX,BRL,5.1756,,,,2026-07-01 20:55:10.989
FX,GBP,0.7537,,,,2026-07-02 02:55:11.514
FX,MXN,17.5448,,,,2026-07-02 02:55:11.514
FX,JPY,162.5478,,,,2026-07-02 02:55:11.514
FX,BRL,5.1748,,,,2026-07-02 02:55:11.514
FX,EUR,0.8766,,,,2026-07-01 14:55:11.995
FX,GBP,0.7549,,,,2026-07-01 14:55:11.995
FX,JPY,162.4997,,,,2026-07-01 14:55:11.995
FX,CAD,1.4208,,,,2026-07-01 14:55:11.995
FX,CHF,0.8086,,,,2026-07-01 14:55:11.995
FX,MXN,17.4796,,,,2026-07-01 14:55:11.995
FX,BRL,5.1756,,,,2026-07-01 14:55:11.995
FX,EUR,0.8766,,,,2026-07-01 20:55:10.989
FX,CHF,0.8086,,,,2026-07-01 20:55:10.989
FX,EUR,0.8766,,,,2026-07-01 14:55:11.995
FX,GBP,0.7549,,,,2026-07-01 14:55:11.995
FX,JPY,162.4997,,,,2026-07-01 14:55:11.995
FX,CAD,1.4208,,,,2026-07-01 14:55:11.995
FX,CHF,0.8086,,,,2026-07-01 14:55:11.995
FX,MXN,17.4796,,,,2026-07-01 14:55:11.995
FX,BRL,5.1756,,,,2026-07-01 14:55:11.995
FX,EUR,0.8766,,,,2026-07-01 14:55:11.995
FX,GBP,0.7549,,,,2026-07-01 14:55:11.995
FX,JPY,162.4997,,,,2026-07-01 14:55:11.995
FX,CAD,1.4208,,,,2026-07-01 14:55:11.995
FX,CHF,0.8086,,,,2026-07-01 14:55:11.995
FX,MXN,17.4796,,,,2026-07-01 14:55:11.995
FX,BRL,5.1756,,,,2026-07-01 14:55:11.995
FX,CAD,1.4208,,,,2026-07-01 20:55:10.989
FX,JPY,162.4997,,,,2026-07-01 20:55:10.989
FX,BRL,5.1756,,,,2026-07-01 20:55:10.989
FX,GBP,0.7549,,,,2026-07-01 14:55:11.995
FX,MXN,17.4796,,,,2026-07-01 14:55:11.995
FX,EUR,0.8766,,,,2026-07-01 08:55:11.411
FX,GBP,0.7549,,,,2026-07-01 08:55:11.411
FX,JPY,162.4997,,,,2026-07-01 08:55:11.411
FX,CAD,1.4208,,,,2026-07-01 08:55:11.411
FX,CHF,0.8086,,,,2026-07-01 08:55:11.411
FX,MXN,17.4796,,,,2026-07-01 08:55:11.411
FX,BRL,5.1756,,,,2026-07-01 08:55:11.411
FX,JPY,162.4997,,,,2026-07-01 14:55:11.995
FX,BRL,5.1756,,,,2026-07-01 14:55:11.995
FX,EUR,0.8766,,,,2026-07-01 08:55:11.411
FX,GBP,0.7549,,,,2026-07-01 08:55:11.411
FX,JPY,162.4997,,,,2026-07-01 08:55:11.411
FX,CAD,1.4208,,,,2026-07-01 08:55:11.411
FX,CHF,0.8086,,,,2026-07-01 08:55:11.411
FX,MXN,17.4796,,,,2026-07-01 08:55:11.411
FX,BRL,5.1756,,,,2026-07-01 08:55:11.411
FX,EUR,0.8766,,,,2026-07-01 14:55:11.995
FX,CHF,0.8086,,,,2026-07-01 14:55:11.995
FX,EUR,0.8766,,,,2026-07-01 08:55:11.411
FX,GBP,0.7549,,,,2026-07-01 08:55:11.411
FX,JPY,162.4997,,,,2026-07-01 08:55:11.411
FX,CAD,1.4208,,,,2026-07-01 08:55:11.411
FX,CHF,0.8086,,,,2026-07-01 08:55:11.411
FX,MXN,17.4796,,,,2026-07-01 08:55:11.411
FX,BRL,5.1756,,,,2026-07-01 08:55:11.411
FX,CAD,1.4208,,,,2026-07-01 08:55:11.411
FX,EUR,0.8766,,,,2026-07-01 02:55:11.349
FX,GBP,0.7549,,,,2026-07-01 02:55:11.349
FX,JPY,162.4997,,,,2026-07-01 02:55:11.349
FX,CAD,1.4208,,,,2026-07-01 02:55:11.349
FX,CHF,0.8086,,,,2026-07-01 02:55:11.349
FX,MXN,17.4796,,,,2026-07-01 02:55:11.349
FX,BRL,5.1756,,,,2026-07-01 02:55:11.349
FX,EUR,0.8766,,,,2026-07-01 08:55:11.411
FX,CHF,0.8086,,,,2026-07-01 08:55:11.411
FX,EUR,0.8766,,,,2026-07-01 02:55:11.349
FX,GBP,0.7549,,,,2026-07-01 02:55:11.349
FX,JPY,162.4997,,,,2026-07-01 02:55:11.349
FX,CAD,1.4208,,,,2026-07-01 02:55:11.349
FX,CHF,0.8086,,,,2026-07-01 02:55:11.349
FX,MXN,17.4796,,,,2026-07-01 02:55:11.349
FX,BRL,5.1756,,,,2026-07-01 02:55:11.349
FX,JPY,162.4997,,,,2026-07-01 08:55:11.411
FX,BRL,5.1756,,,,2026-07-01 08:55:11.411
FX,EUR,0.876,,,,2026-06-30 20:55:11.103
FX,GBP,0.7551,,,,2026-06-30 20:55:11.103
FX,JPY,161.8905,,,,2026-06-30 20:55:11.103
FX,CAD,1.4204,,,,2026-06-30 20:55:11.103
FX,CHF,0.8081,,,,2026-06-30 20:55:11.103
FX,MXN,17.4831,,,,2026-06-30 20:55:11.103
FX,BRL,5.1714,,,,2026-06-30 20:55:11.103
FX,EUR,0.876,,,,2026-06-30 20:55:11.103
FX,GBP,0.7551,,,,2026-06-30 20:55:11.103
FX,JPY,161.8905,,,,2026-06-30 20:55:11.103
FX,CAD,1.4204,,,,2026-06-30 20:55:11.103
FX,CHF,0.8081,,,,2026-06-30 20:55:11.103
FX,MXN,17.4831,,,,2026-06-30 20:55:11.103
FX,BRL,5.1714,,,,2026-06-30 20:55:11.103
FX,CAD,1.4208,,,,2026-07-01 02:55:11.349
FX,EUR,0.8766,,,,2026-07-01 02:55:11.349
FX,CHF,0.8086,,,,2026-07-01 02:55:11.349
FX,EUR,0.876,,,,2026-06-30 20:55:11.103
FX,GBP,0.7551,,,,2026-06-30 20:55:11.103
FX,JPY,161.8905,,,,2026-06-30 20:55:11.103
FX,CAD,1.4204,,,,2026-06-30 20:55:11.103
FX,CHF,0.8081,,,,2026-06-30 20:55:11.103
FX,MXN,17.4831,,,,2026-06-30 20:55:11.103
FX,BRL,5.1714,,,,2026-06-30 20:55:11.103
FX,JPY,162.4997,,,,2026-07-01 02:55:11.349
FX,BRL,5.1756,,,,2026-07-01 02:55:11.349
FX,GBP,0.7551,,,,2026-06-30 20:55:11.103
FX,CAD,1.4204,,,,2026-06-30 20:55:11.103
FX,MXN,17.4831,,,,2026-06-30 20:55:11.103
FX,EUR,0.876,,,,2026-06-30 14:55:11.351
FX,GBP,0.7551,,,,2026-06-30 14:55:11.351
FX,JPY,161.8905,,,,2026-06-30 14:55:11.351
FX,CAD,1.4204,,,,2026-06-30 14:55:11.351
FX,CHF,0.8081,,,,2026-06-30 14:55:11.351
FX,MXN,17.4831,,,,2026-06-30 14:55:11.351
FX,BRL,5.1714,,,,2026-06-30 14:55:11.351
FX,EUR,0.876,,,,2026-06-30 14:55:11.351
FX,GBP,0.7551,,,,2026-06-30 14:55:11.351
FX,JPY,161.8905,,,,2026-06-30 14:55:11.351
FX,CAD,1.4204,,,,2026-06-30 14:55:11.351
FX,CHF,0.8081,,,,2026-06-30 14:55:11.351
FX,MXN,17.4831,,,,2026-06-30 14:55:11.351
FX,BRL,5.1714,,,,2026-06-30 14:55:11.351
FX,GBP,0.7551,,,,2026-06-30 14:55:11.351
FX,CAD,1.4204,,,,2026-06-30 14:55:11.351
FX,MXN,17.4831,,,,2026-06-30 14:55:11.351
FX,EUR,0.876,,,,2026-06-30 08:55:11.294
FX,GBP,0.7551,,,,2026-06-30 08:55:11.294
FX,JPY,161.8905,,,,2026-06-30 08:55:11.294
FX,CAD,1.4204,,,,2026-06-30 08:55:11.294
FX,CHF,0.8081,,,,2026-06-30 08:55:11.294
FX,MXN,17.4831,,,,2026-06-30 08:55:11.294
FX,BRL,5.1714,,,,2026-06-30 08:55:11.294
FX,GBP,0.7551,,,,2026-06-30 08:55:11.294
FX,CAD,1.4204,,,,2026-06-30 08:55:11.294
FX,MXN,17.4831,,,,2026-06-30 08:55:11.294
FX,GBP,0.7551,,,,2026-06-30 08:55:11.294
FX,MXN,17.4831,,,,2026-06-30 08:55:11.294
FX,EUR,0.876,,,,2026-06-30 02:55:11.330
FX,GBP,0.7551,,,,2026-06-30 02:55:11.330
FX,JPY,161.8905,,,,2026-06-30 02:55:11.330
FX,CAD,1.4204,,,,2026-06-30 02:55:11.330
FX,CHF,0.8081,,,,2026-06-30 02:55:11.330
FX,MXN,17.4831,,,,2026-06-30 02:55:11.330
FX,BRL,5.1714,,,,2026-06-30 02:55:11.330
FX,EUR,0.876,,,,2026-06-30 08:55:11.294
FX,CHF,0.8081,,,,2026-06-30 08:55:11.294
FX,EUR,0.876,,,,2026-06-30 02:55:11.330
FX,GBP,0.7551,,,,2026-06-30 02:55:11.330
FX,JPY,161.8905,,,,2026-06-30 02:55:11.330
FX,CAD,1.4204,,,,2026-06-30 02:55:11.330
FX,CHF,0.8081,,,,2026-06-30 02:55:11.330
FX,MXN,17.4831,,,,2026-06-30 02:55:11.330
FX,BRL,5.1714,,,,2026-06-30 02:55:11.330
FX,CAD,1.4204,,,,2026-06-30 08:55:11.294
FX,CAD,1.4189,,,,2026-06-29 20:55:10.937
FX,EUR,0.8782,,,,2026-06-29 20:55:10.937
FX,GBP,0.7577,,,,2026-06-29 20:55:10.937
FX,JPY,161.7669,,,,2026-06-29 20:55:10.937
FX,CAD,1.4189,,,,2026-06-29 20:55:10.937
FX,CHF,0.8099,,,,2026-06-29 20:55:10.937
FX,MXN,17.5049,,,,2026-06-29 20:55:10.937
FX,BRL,5.1732,,,,2026-06-29 20:55:10.937
FX,JPY,161.7669,,,,2026-06-29 20:55:10.937
FX,BRL,5.1732,,,,2026-06-29 20:55:10.937
FX,GBP,0.7577,,,,2026-06-29 20:55:10.937
FX,MXN,17.5049,,,,2026-06-29 20:55:10.937
FX,EUR,0.8782,,,,2026-06-29 20:55:10.937
FX,GBP,0.7577,,,,2026-06-29 20:55:10.937
FX,JPY,161.7669,,,,2026-06-29 20:55:10.937
FX,CAD,1.4189,,,,2026-06-29 20:55:10.937
FX,CHF,0.8099,,,,2026-06-29 20:55:10.937
FX,MXN,17.5049,,,,2026-06-29 20:55:10.937
FX,BRL,5.1732,,,,2026-06-29 20:55:10.937
FX,CAD,1.4189,,,,2026-06-29 20:55:10.937
FX,EUR,0.8782,,,,2026-06-29 14:55:11.394
FX,GBP,0.7577,,,,2026-06-29 14:55:11.394
FX,JPY,161.7669,,,,2026-06-29 14:55:11.394
FX,CAD,1.4189,,,,2026-06-29 14:55:11.394
FX,CHF,0.8099,,,,2026-06-29 14:55:11.394
FX,MXN,17.5049,,,,2026-06-29 14:55:11.394
FX,BRL,5.1732,,,,2026-06-29 14:55:11.394
FX,JPY,161.7669,,,,2026-06-29 20:55:10.937
FX,BRL,5.1732,,,,2026-06-29 20:55:10.937
FX,EUR,0.8782,,,,2026-06-29 14:55:11.394
FX,GBP,0.7577,,,,2026-06-29 14:55:11.394
FX,JPY,161.7669,,,,2026-06-29 14:55:11.394
FX,CAD,1.4189,,,,2026-06-29 14:55:11.394
FX,CHF,0.8099,,,,2026-06-29 14:55:11.394
FX,MXN,17.5049,,,,2026-06-29 14:55:11.394
FX,BRL,5.1732,,,,2026-06-29 14:55:11.394
FX,EUR,0.8782,,,,2026-06-29 14:55:11.394
FX,GBP,0.7577,,,,2026-06-29 14:55:11.394
FX,JPY,161.7669,,,,2026-06-29 14:55:11.394
FX,CAD,1.4189,,,,2026-06-29 14:55:11.394
FX,CHF,0.8099,,,,2026-06-29 14:55:11.394
FX,MXN,17.5049,,,,2026-06-29 14:55:11.394
FX,BRL,5.1732,,,,2026-06-29 14:55:11.394
FX,GBP,0.7577,,,,2026-06-29 20:55:10.937
FX,MXN,17.5049,,,,2026-06-29 20:55:10.937
FX,EUR,0.878,,,,2026-06-28 20:55:10.546
FX,GBP,0.7574,,,,2026-06-28 20:55:10.546
FX,JPY,161.7085,,,,2026-06-28 20:55:10.546
FX,CAD,1.4187,,,,2026-06-28 20:55:10.546
FX,CHF,0.8095,,,,2026-06-28 20:55:10.546
FX,MXN,17.5064,,,,2026-06-28 20:55:10.546
FX,BRL,5.1761,,,,2026-06-28 20:55:10.546
FX,EUR,0.8782,,,,2026-06-29 02:55:11.372
FX,CHF,0.8099,,,,2026-06-29 02:55:11.372
FX,EUR,0.878,,,,2026-06-28 20:55:10.546
FX,GBP,0.7574,,,,2026-06-28 20:55:10.546
FX,JPY,161.7085,,,,2026-06-28 20:55:10.546
FX,CAD,1.4187,,,,2026-06-28 20:55:10.546
FX,CHF,0.8095,,,,2026-06-28 20:55:10.546
FX,MXN,17.5064,,,,2026-06-28 20:55:10.546
FX,BRL,5.1761,,,,2026-06-28 20:55:10.546
FX,GBP,0.7577,,,,2026-06-29 02:55:11.372
FX,MXN,17.5049,,,,2026-06-29 02:55:11.372
FX,EUR,0.878,,,,2026-06-28 20:55:10.546
FX,GBP,0.7574,,,,2026-06-28 20:55:10.546
FX,JPY,161.7085,,,,2026-06-28 20:55:10.546
FX,CAD,1.4187,,,,2026-06-28 20:55:10.546
FX,CHF,0.8095,,,,2026-06-28 20:55:10.546
FX,MXN,17.5064,,,,2026-06-28 20:55:10.546
FX,BRL,5.1761,,,,2026-06-28 20:55:10.546
FX,CAD,1.4189,,,,2026-06-29 02:55:11.372
FX,GBP,0.7574,,,,2026-06-28 20:55:10.546
FX,MXN,17.5064,,,,2026-06-28 20:55:10.546
FX,CAD,1.4187,,,,2026-06-28 20:55:10.546
FX,EUR,0.878,,,,2026-06-28 14:55:11.246
FX,GBP,0.7574,,,,2026-06-28 14:55:11.246
FX,JPY,161.7085,,,,2026-06-28 14:55:11.246
FX,CAD,1.4187,,,,2026-06-28 14:55:11.246
FX,CHF,0.8095,,,,2026-06-28 14:55:11.246
FX,MXN,17.5064,,,,2026-06-28 14:55:11.246
FX,BRL,5.1761,,,,2026-06-28 14:55:11.246
FX,EUR,0.878,,,,2026-06-28 14:55:11.246
FX,GBP,0.7574,,,,2026-06-28 14:55:11.246
FX,JPY,161.7085,,,,2026-06-28 14:55:11.246
FX,CAD,1.4187,,,,2026-06-28 14:55:11.246
FX,CHF,0.8095,,,,2026-06-28 14:55:11.246
FX,MXN,17.5064,,,,2026-06-28 14:55:11.246
FX,BRL,5.1761,,,,2026-06-28 14:55:11.246
FX,EUR,0.878,,,,2026-06-28 20:55:10.546
FX,CHF,0.8095,,,,2026-06-28 20:55:10.546
FX,EUR,0.878,,,,2026-06-28 14:27:07.556
FX,GBP,0.7574,,,,2026-06-28 14:27:07.556
FX,JPY,161.7085,,,,2026-06-28 14:27:07.556
FX,CAD,1.4187,,,,2026-06-28 14:27:07.556
FX,CHF,0.8095,,,,2026-06-28 14:27:07.556
FX,MXN,17.5064,,,,2026-06-28 14:27:07.556
FX,BRL,5.1761,,,,2026-06-28 14:27:07.556
FX,EUR,0.878,,,,2026-06-28 14:27:07.556
FX,GBP,0.7574,,,,2026-06-28 14:27:07.556
FX,JPY,161.7085,,,,2026-06-28 14:27:07.556
FX,CAD,1.4187,,,,2026-06-28 14:27:07.556
FX,CHF,0.8095,,,,2026-06-28 14:27:07.556
FX,MXN,17.5064,,,,2026-06-28 14:27:07.556
FX,BRL,5.1761,,,,2026-06-28 14:27:07.556
FX,JPY,161.7085,,,,2026-06-28 14:55:11.246
FX,BRL,5.1761,,,,2026-06-28 14:55:11.246
FX,EUR,0.878,,,,2026-06-28 14:55:11.246
FX,CHF,0.8095,,,,2026-06-28 14:55:11.246
FX,GBP,0.7574,,,,2026-06-28 14:14:16.363
FX,CAD,1.4187,,,,2026-06-28 14:14:16.363
FX,MXN,17.5064,,,,2026-06-28 14:14:16.363
FX,EUR,0.878,,,,2026-06-28 14:07:06.938
FX,GBP,0.7574,,,,2026-06-28 14:07:06.938
FX,JPY,161.7085,,,,2026-06-28 14:07:06.938
FX,CAD,1.4187,,,,2026-06-28 14:07:06.938
FX,CHF,0.8095,,,,2026-06-28 14:07:06.938
FX,MXN,17.5064,,,,2026-06-28 14:07:06.938
FX,BRL,5.1761,,,,2026-06-28 14:07:06.938
FX,GBP,0.7574,,,,2026-06-28 13:55:36.612
FX,CAD,1.4187,,,,2026-06-28 13:55:36.612
FX,MXN,17.5064,,,,2026-06-28 13:55:36.612
FX,EUR,0.878,,,,2026-06-28 13:43:48.808
FX,GBP,0.7574,,,,2026-06-28 13:43:48.808
FX,JPY,161.7085,,,,2026-06-28 13:43:48.808
FX,CAD,1.4187,,,,2026-06-28 13:43:48.808
FX,CHF,0.8095,,,,2026-06-28 13:43:48.808
FX,MXN,17.5064,,,,2026-06-28 13:43:48.808
FX,BRL,5.1761,,,,2026-06-28 13:43:48.808
FX,EUR,0.8778,,,,2026-06-27 19:40:46.355
FX,GBP,0.7573,,,,2026-06-27 19:40:46.355
FX,JPY,161.7164,,,,2026-06-27 19:40:46.355
FX,CAD,1.4189,,,,2026-06-27 19:40:46.355
FX,CHF,0.8094,,,,2026-06-27 19:40:46.355
FX,MXN,17.5033,,,,2026-06-27 19:40:46.355
FX,BRL,5.1758,,,,2026-06-27 19:40:46.355
FX,EUR,0.8778,,,,2026-06-27 21:40:31.610
FX,GBP,0.7573,,,,2026-06-27 21:40:31.610
FX,JPY,161.7164,,,,2026-06-27 21:40:31.610
FX,CAD,1.4189,,,,2026-06-27 21:40:31.610
FX,CHF,0.8094,,,,2026-06-27 21:40:31.610
FX,MXN,17.5033,,,,2026-06-27 21:40:31.610
FX,BRL,5.1758,,,,2026-06-27 21:40:31.610
FX,EUR,0.878,,,,2026-06-28 02:55:11.324
FX,GBP,0.7574,,,,2026-06-28 02:55:11.324
FX,JPY,161.7085,,,,2026-06-28 02:55:11.324
FX,CAD,1.4187,,,,2026-06-28 02:55:11.324
FX,CHF,0.8095,,,,2026-06-28 02:55:11.324
FX,MXN,17.5064,,,,2026-06-28 02:55:11.324
FX,BRL,5.1761,,,,2026-06-28 02:55:11.324
FX,EUR,0.878,,,,2026-06-28 08:55:11.361
FX,GBP,0.7574,,,,2026-06-28 08:55:11.361
FX,JPY,161.7085,,,,2026-06-28 08:55:11.361
FX,CAD,1.4187,,,,2026-06-28 08:55:11.361
FX,CHF,0.8095,,,,2026-06-28 08:55:11.361
FX,MXN,17.5064,,,,2026-06-28 08:55:11.361
FX,BRL,5.1761,,,,2026-06-28 08:55:11.361
FX,EUR,0.8782,,,,2026-06-29 08:55:11.265
FX,GBP,0.7577,,,,2026-06-29 08:55:11.265
FX,JPY,161.7669,,,,2026-06-29 08:55:11.265
FX,CAD,1.4189,,,,2026-06-29 08:55:11.265
FX,CHF,0.8099,,,,2026-06-29 08:55:11.265
FX,MXN,17.5049,,,,2026-06-29 08:55:11.265
FX,BRL,5.1732,,,,2026-06-29 08:55:11.265
FX,EUR,0.8782,,,,2026-06-29 14:55:11.394
FX,CHF,0.8099,,,,2026-06-29 14:55:11.394
FX,EUR,0.8782,,,,2026-06-29 08:55:11.265
FX,GBP,0.7577,,,,2026-06-29 08:55:11.265
FX,JPY,161.7669,,,,2026-06-29 08:55:11.265
FX,CAD,1.4189,,,,2026-06-29 08:55:11.265
FX,CHF,0.8099,,,,2026-06-29 08:55:11.265
FX,MXN,17.5049,,,,2026-06-29 08:55:11.265
FX,BRL,5.1732,,,,2026-06-29 08:55:11.265
FX,GBP,0.7577,,,,2026-06-29 14:55:11.394
FX,MXN,17.5049,,,,2026-06-29 14:55:11.394
FX,EUR,0.8782,,,,2026-06-29 08:55:11.265
FX,GBP,0.7577,,,,2026-06-29 08:55:11.265
FX,JPY,161.7669,,,,2026-06-29 08:55:11.265
FX,CAD,1.4189,,,,2026-06-29 08:55:11.265
FX,CHF,0.8099,,,,2026-06-29 08:55:11.265
FX,MXN,17.5049,,,,2026-06-29 08:55:11.265
FX,BRL,5.1732,,,,2026-06-29 08:55:11.265
FX,CAD,1.4189,,,,2026-06-29 14:55:11.394
FX,JPY,161.7669,,,,2026-06-29 08:55:11.265
FX,BRL,5.1732,,,,2026-06-29 08:55:11.265
FX,EUR,0.8782,,,,2026-06-29 02:55:11.372
FX,GBP,0.7577,,,,2026-06-29 02:55:11.372
FX,JPY,161.7669,,,,2026-06-29 02:55:11.372
FX,CAD,1.4189,,,,2026-06-29 02:55:11.372
FX,CHF,0.8099,,,,2026-06-29 02:55:11.372
FX,MXN,17.5049,,,,2026-06-29 02:55:11.372
FX,BRL,5.1732,,,,2026-06-29 02:55:11.372
FX,GBP,0.7577,,,,2026-06-29 08:55:11.265
FX,MXN,17.5049,,,,2026-06-29 08:55:11.265
FX,EUR,0.8782,,,,2026-06-29 02:55:11.372
FX,GBP,0.7577,,,,2026-06-29 02:55:11.372
FX,JPY,161.7669,,,,2026-06-29 02:55:11.372
FX,CAD,1.4189,,,,2026-06-29 02:55:11.372
FX,CHF,0.8099,,,,2026-06-29 02:55:11.372
FX,MXN,17.5049,,,,2026-06-29 02:55:11.372
FX,BRL,5.1732,,,,2026-06-29 02:55:11.372
FX,EUR,0.8782,,,,2026-06-29 08:55:11.265
FX,CHF,0.8099,,,,2026-06-29 08:55:11.265
FX,EUR,0.878,,,,2026-06-28 13:28:27.631
FX,GBP,0.7574,,,,2026-06-28 13:28:27.631
FX,JPY,161.7085,,,,2026-06-28 13:28:27.631
FX,CAD,1.4187,,,,2026-06-28 13:28:27.631
FX,CHF,0.8095,,,,2026-06-28 13:28:27.631
FX,MXN,17.5064,,,,2026-06-28 13:28:27.631
FX,BRL,5.1761,,,,2026-06-28 13:28:27.631
FX,EUR,0.878,,,,2026-06-28 13:42:08.373
FX,GBP,0.7574,,,,2026-06-28 13:42:08.373
FX,JPY,161.7085,,,,2026-06-28 13:42:08.373
FX,CAD,1.4187,,,,2026-06-28 13:42:08.373
FX,CHF,0.8095,,,,2026-06-28 13:42:08.373
FX,MXN,17.5064,,,,2026-06-28 13:42:08.373
FX,BRL,5.1761,,,,2026-06-28 13:42:08.373
FX,EUR,0.878,,,,2026-06-28 13:43:48.808
FX,JPY,161.7085,,,,2026-06-28 13:43:48.808
FX,CHF,0.8095,,,,2026-06-28 13:43:48.808
FX,BRL,5.1761,,,,2026-06-28 13:43:48.808
FX,EUR,0.878,,,,2026-06-28 13:42:08.373
FX,GBP,0.7574,,,,2026-06-28 13:42:08.373
FX,JPY,161.7085,,,,2026-06-28 13:42:08.373
FX,CAD,1.4187,,,,2026-06-28 13:42:08.373
FX,CHF,0.8095,,,,2026-06-28 13:42:08.373
FX,MXN,17.5064,,,,2026-06-28 13:42:08.373
FX,BRL,5.1761,,,,2026-06-28 13:42:08.373
FX,GBP,0.7574,,,,2026-06-28 13:43:48.808
FX,CAD,1.4187,,,,2026-06-28 13:43:48.808
FX,MXN,17.5064,,,,2026-06-28 13:43:48.808
FX,EUR,0.878,,,,2026-06-28 13:55:36.612
FX,JPY,161.7085,,,,2026-06-28 13:55:36.612
FX,CHF,0.8095,,,,2026-06-28 13:55:36.612
FX,BRL,5.1761,,,,2026-06-28 13:55:36.612
FX,EUR,0.878,,,,2026-06-28 14:07:06.938
FX,JPY,161.7085,,,,2026-06-28 14:07:06.938
FX,CHF,0.8095,,,,2026-06-28 14:07:06.938
FX,BRL,5.1761,,,,2026-06-28 14:07:06.938
FX,EUR,0.878,,,,2026-06-28 13:55:36.612
FX,GBP,0.7574,,,,2026-06-28 13:55:36.612
FX,JPY,161.7085,,,,2026-06-28 13:55:36.612
FX,CAD,1.4187,,,,2026-06-28 13:55:36.612
FX,CHF,0.8095,,,,2026-06-28 13:55:36.612
FX,MXN,17.5064,,,,2026-06-28 13:55:36.612
FX,BRL,5.1761,,,,2026-06-28 13:55:36.612
FX,GBP,0.7574,,,,2026-06-28 14:07:06.938
FX,CAD,1.4187,,,,2026-06-28 14:07:06.938
FX,MXN,17.5064,,,,2026-06-28 14:07:06.938
FX,EUR,0.878,,,,2026-06-28 14:14:16.363
FX,JPY,161.7085,,,,2026-06-28 14:14:16.363
FX,CHF,0.8095,,,,2026-06-28 14:14:16.363
FX,BRL,5.1761,,,,2026-06-28 14:14:16.363
FX,EUR,0.878,,,,2026-06-28 14:27:07.556
FX,GBP,0.7574,,,,2026-06-28 14:27:07.556
FX,JPY,161.7085,,,,2026-06-28 14:27:07.556
FX,CAD,1.4187,,,,2026-06-28 14:27:07.556
FX,CHF,0.8095,,,,2026-06-28 14:27:07.556
FX,MXN,17.5064,,,,2026-06-28 14:27:07.556
FX,BRL,5.1761,,,,2026-06-28 14:27:07.556
FX,GBP,0.7574,,,,2026-06-28 14:55:11.246
FX,MXN,17.5064,,,,2026-06-28 14:55:11.246
FX,EUR,0.878,,,,2026-06-28 14:27:07.556
FX,GBP,0.7574,,,,2026-06-28 14:27:07.556
FX,JPY,161.7085,,,,2026-06-28 14:27:07.556
FX,CAD,1.4187,,,,2026-06-28 14:27:07.556
FX,CHF,0.8095,,,,2026-06-28 14:27:07.556
FX,MXN,17.5064,,,,2026-06-28 14:27:07.556
FX,BRL,5.1761,,,,2026-06-28 14:27:07.556
FX,CAD,1.4187,,,,2026-06-28 14:55:11.246
FX,EUR,0.878,,,,2026-06-28 14:55:11.246
FX,GBP,0.7574,,,,2026-06-28 14:55:11.246
FX,JPY,161.7085,,,,2026-06-28 14:55:11.246
FX,CAD,1.4187,,,,2026-06-28 14:55:11.246
FX,CHF,0.8095,,,,2026-06-28 14:55:11.246
FX,MXN,17.5064,,,,2026-06-28 14:55:11.246
FX,BRL,5.1761,,,,2026-06-28 14:55:11.246
FX,JPY,161.7085,,,,2026-06-28 20:55:10.546
FX,BRL,5.1761,,,,2026-06-28 20:55:10.546
FX,JPY,161.7669,,,,2026-06-29 02:55:11.372
FX,BRL,5.1732,,,,2026-06-29 02:55:11.372
FX,EUR,0.8782,,,,2026-06-29 02:55:11.372
FX,GBP,0.7577,,,,2026-06-29 02:55:11.372
FX,JPY,161.7669,,,,2026-06-29 02:55:11.372
FX,CAD,1.4189,,,,2026-06-29 02:55:11.372
FX,CHF,0.8099,,,,2026-06-29 02:55:11.372
FX,MXN,17.5049,,,,2026-06-29 02:55:11.372
FX,BRL,5.1732,,,,2026-06-29 02:55:11.372
FX,CAD,1.4189,,,,2026-06-29 08:55:11.265
FX,JPY,161.7669,,,,2026-06-29 14:55:11.394
FX,BRL,5.1732,,,,2026-06-29 14:55:11.394
FX,EUR,0.8782,,,,2026-06-29 20:55:10.937
FX,CHF,0.8099,,,,2026-06-29 20:55:10.937
FX,EUR,0.8782,,,,2026-06-29 20:55:10.937
FX,CHF,0.8099,,,,2026-06-29 20:55:10.937
FX,EUR,0.876,,,,2026-06-30 02:55:11.330
FX,GBP,0.7551,,,,2026-06-30 02:55:11.330
FX,JPY,161.8905,,,,2026-06-30 02:55:11.330
FX,CAD,1.4204,,,,2026-06-30 02:55:11.330
FX,CHF,0.8081,,,,2026-06-30 02:55:11.330
FX,MXN,17.4831,,,,2026-06-30 02:55:11.330
FX,BRL,5.1714,,,,2026-06-30 02:55:11.330
FX,EUR,0.876,,,,2026-06-30 02:55:11.330
FX,GBP,0.7551,,,,2026-06-30 02:55:11.330
FX,JPY,161.8905,,,,2026-06-30 02:55:11.330
FX,CAD,1.4204,,,,2026-06-30 02:55:11.330
FX,CHF,0.8081,,,,2026-06-30 02:55:11.330
FX,MXN,17.4831,,,,2026-06-30 02:55:11.330
FX,BRL,5.1714,,,,2026-06-30 02:55:11.330
FX,JPY,161.8905,,,,2026-06-30 08:55:11.294
FX,BRL,5.1714,,,,2026-06-30 08:55:11.294
FX,EUR,0.876,,,,2026-06-30 08:55:11.294
FX,JPY,161.8905,,,,2026-06-30 08:55:11.294
FX,CHF,0.8081,,,,2026-06-30 08:55:11.294
FX,BRL,5.1714,,,,2026-06-30 08:55:11.294
FX,EUR,0.876,,,,2026-06-30 14:55:11.351
FX,GBP,0.7551,,,,2026-06-30 14:55:11.351
FX,JPY,161.8905,,,,2026-06-30 14:55:11.351
FX,CAD,1.4204,,,,2026-06-30 14:55:11.351
FX,CHF,0.8081,,,,2026-06-30 14:55:11.351
FX,MXN,17.4831,,,,2026-06-30 14:55:11.351
FX,BRL,5.1714,,,,2026-06-30 14:55:11.351
FX,EUR,0.876,,,,2026-06-30 14:55:11.351
FX,JPY,161.8905,,,,2026-06-30 14:55:11.351
FX,CHF,0.8081,,,,2026-06-30 14:55:11.351
FX,BRL,5.1714,,,,2026-06-30 14:55:11.351
FX,EUR,0.876,,,,2026-06-30 20:55:11.103
FX,JPY,161.8905,,,,2026-06-30 20:55:11.103
FX,CHF,0.8081,,,,2026-06-30 20:55:11.103
FX,BRL,5.1714,,,,2026-06-30 20:55:11.103
FX,GBP,0.7549,,,,2026-07-01 02:55:11.349
FX,MXN,17.4796,,,,2026-07-01 02:55:11.349
FX,EUR,0.8766,,,,2026-07-01 02:55:11.349
FX,GBP,0.7549,,,,2026-07-01 02:55:11.349
FX,JPY,162.4997,,,,2026-07-01 02:55:11.349
FX,CAD,1.4208,,,,2026-07-01 02:55:11.349
FX,CHF,0.8086,,,,2026-07-01 02:55:11.349
FX,MXN,17.4796,,,,2026-07-01 02:55:11.349
FX,BRL,5.1756,,,,2026-07-01 02:55:11.349
FX,GBP,0.7549,,,,2026-07-01 08:55:11.411
FX,MXN,17.4796,,,,2026-07-01 08:55:11.411
FX,CAD,1.4208,,,,2026-07-01 14:55:11.995
FX,GBP,0.7549,,,,2026-07-01 20:55:10.989
FX,MXN,17.4796,,,,2026-07-01 20:55:10.989
FX,CAD,1.4214,,,,2026-07-02 02:55:11.514
FX,GBP,0.7537,,,,2026-07-02 02:55:11.514
FX,CAD,1.4214,,,,2026-07-02 02:55:11.514
FX,MXN,17.5448,,,,2026-07-02 02:55:11.514
FX,EUR,0.8783,,,,2026-07-02 08:55:11.460
FX,JPY,162.5478,,,,2026-07-02 08:55:11.460
FX,CHF,0.8096,,,,2026-07-02 08:55:11.460
FX,BRL,5.1748,,,,2026-07-02 08:55:11.460
FX,EUR,0.8783,,,,2026-07-02 08:55:11.460
FX,GBP,0.7537,,,,2026-07-02 08:55:11.460
FX,JPY,162.5478,,,,2026-07-02 08:55:11.460
FX,CAD,1.4214,,,,2026-07-02 08:55:11.460
FX,CHF,0.8096,,,,2026-07-02 08:55:11.460
FX,MXN,17.5448,,,,2026-07-02 08:55:11.460
FX,BRL,5.1748,,,,2026-07-02 08:55:11.460
FX,CAD,1.4214,,,,2026-07-02 14:55:11.275
FX,EUR,0.8783,,,,2026-07-02 08:55:11.460
FX,GBP,0.7537,,,,2026-07-02 08:55:11.460
FX,JPY,162.5478,,,,2026-07-02 08:55:11.460
FX,CAD,1.4214,,,,2026-07-02 08:55:11.460
FX,CHF,0.8096,,,,2026-07-02 08:55:11.460
FX,MXN,17.5448,,,,2026-07-02 08:55:11.460
FX,BRL,5.1748,,,,2026-07-02 08:55:11.460
FX,EUR,0.8783,,,,2026-07-02 14:55:11.275
FX,CHF,0.8096,,,,2026-07-02 14:55:11.275
FX,GBP,0.7537,,,,2026-07-02 14:55:11.275
FX,MXN,17.5448,,,,2026-07-02 14:55:11.275
FX,EUR,0.8783,,,,2026-07-02 20:55:10.508
FX,GBP,0.7537,,,,2026-07-02 20:55:10.508
FX,JPY,162.5478,,,,2026-07-02 20:55:10.508
FX,CAD,1.4214,,,,2026-07-02 20:55:10.508
FX,CHF,0.8096,,,,2026-07-02 20:55:10.508
FX,MXN,17.5448,,,,2026-07-02 20:55:10.508
FX,BRL,5.1748,,,,2026-07-02 20:55:10.508
FX,EUR,0.8783,,,,2026-07-02 20:55:10.508
FX,GBP,0.7537,,,,2026-07-02 20:55:10.508
FX,JPY,162.5478,,,,2026-07-02 20:55:10.508
FX,CAD,1.4214,,,,2026-07-02 20:55:10.508
FX,CHF,0.8096,,,,2026-07-02 20:55:10.508
FX,MXN,17.5448,,,,2026-07-02 20:55:10.508
FX,BRL,5.1748,,,,2026-07-02 20:55:10.508
FX,EUR,0.8783,,,,2026-07-02 20:55:10.508
FX,GBP,0.7537,,,,2026-07-02 20:55:10.508
FX,JPY,162.5478,,,,2026-07-02 20:55:10.508
FX,CAD,1.4214,,,,2026-07-02 20:55:10.508
FX,CHF,0.8096,,,,2026-07-02 20:55:10.508
FX,MXN,17.5448,,,,2026-07-02 20:55:10.508
FX,BRL,5.1748,,,,2026-07-02 20:55:10.508
FX,EUR,0.8754,,,,2026-07-03 02:55:11.428
FX,CHF,0.8044,,,,2026-07-03 02:55:11.428
FX,GBP,0.7498,,,,2026-07-03 08:55:10.896
FX,MXN,17.4859,,,,2026-07-03 08:55:10.896
FX,EUR,0.8754,,,,2026-07-03 08:55:10.896
FX,GBP,0.7498,,,,2026-07-03 08:55:10.896
FX,JPY,161.3337,,,,2026-07-03 08:55:10.896
FX,CAD,1.4188,,,,2026-07-03 08:55:10.896
FX,CHF,0.8044,,,,2026-07-03 08:55:10.896
FX,MXN,17.4859,,,,2026-07-03 08:55:10.896
FX,BRL,5.2028,,,,2026-07-03 08:55:10.896
FX,EUR,0.8754,,,,2026-07-03 14:55:11.435
FX,CHF,0.8044,,,,2026-07-03 14:55:11.435
FX,EUR,0.8754,,,,2026-07-03 14:55:11.435
FX,GBP,0.7498,,,,2026-07-03 14:55:11.435
FX,JPY,161.3337,,,,2026-07-03 14:55:11.435
FX,CAD,1.4188,,,,2026-07-03 14:55:11.435
FX,CHF,0.8044,,,,2026-07-03 14:55:11.435
FX,MXN,17.4859,,,,2026-07-03 14:55:11.435
FX,BRL,5.2028,,,,2026-07-03 14:55:11.435
FX,GBP,0.7498,,,,2026-07-03 20:55:11.659
FX,MXN,17.4859,,,,2026-07-03 20:55:11.659
FX,EUR,0.8754,,,,2026-07-03 20:55:11.659
FX,GBP,0.7498,,,,2026-07-03 20:55:11.659
FX,JPY,161.3337,,,,2026-07-03 20:55:11.659
FX,CAD,1.4188,,,,2026-07-03 20:55:11.659
FX,CHF,0.8044,,,,2026-07-03 20:55:11.659
FX,MXN,17.4859,,,,2026-07-03 20:55:11.659
FX,BRL,5.2028,,,,2026-07-03 20:55:11.659
FX,CAD,1.4197,,,,2026-07-04 02:55:11.251
FX,CAD,1.4197,,,,2026-07-04 08:55:10.452
FX,EUR,0.8743,,,,2026-07-04 08:55:10.452
FX,GBP,0.749,,,,2026-07-04 08:55:10.452
FX,JPY,161.2967,,,,2026-07-04 08:55:10.452
FX,CAD,1.4197,,,,2026-07-04 08:55:10.452
FX,CHF,0.8035,,,,2026-07-04 08:55:10.452
FX,MXN,17.4683,,,,2026-07-04 08:55:10.452
FX,BRL,5.2012,,,,2026-07-04 08:55:10.452
FX,JPY,161.2967,,,,2026-07-04 14:55:11.781
FX,BRL,5.2012,,,,2026-07-04 14:55:11.781
FX,GBP,0.749,,,,2026-07-04 14:55:11.781
FX,MXN,17.4683,,,,2026-07-04 14:55:11.781
FX,EUR,0.8743,,,,2026-07-04 20:55:11.248
FX,GBP,0.749,,,,2026-07-04 20:55:11.248
FX,JPY,161.2967,,,,2026-07-04 20:55:11.248
FX,CAD,1.4197,,,,2026-07-04 20:55:11.248
FX,CHF,0.8035,,,,2026-07-04 20:55:11.248
FX,MXN,17.4683,,,,2026-07-04 20:55:11.248
FX,BRL,5.2012,,,,2026-07-04 20:55:11.248
FX,EUR,0.8743,,,,2026-07-05 02:55:11.008
FX,CHF,0.8036,,,,2026-07-05 02:55:11.008
FX,EUR,0.8743,,,,2026-07-05 02:55:11.008
FX,GBP,0.749,,,,2026-07-05 02:55:11.008
FX,JPY,161.2708,,,,2026-07-05 02:55:11.008
FX,CAD,1.4196,,,,2026-07-05 02:55:11.008
FX,CHF,0.8036,,,,2026-07-05 02:55:11.008
FX,MXN,17.4678,,,,2026-07-05 02:55:11.008
FX,BRL,5.2002,,,,2026-07-05 02:55:11.008
FX,EUR,0.8743,,,,2026-07-05 08:55:10.850
FX,CHF,0.8036,,,,2026-07-05 08:55:10.850
FX,CAD,1.4196,,,,2026-07-05 14:55:11.111
FX,JPY,161.2708,,,,2026-07-05 20:55:11.108
FX,BRL,5.2002,,,,2026-07-05 20:55:11.108
FX,GBP,0.7491,,,,2026-07-06 02:55:11.485
FX,MXN,17.476,,,,2026-07-06 02:55:11.485
FX,EUR,0.8743,,,,2026-07-06 02:55:11.485
FX,JPY,161.3867,,,,2026-07-06 02:55:11.485
FX,CHF,0.8037,,,,2026-07-06 02:55:11.485
FX,BRL,5.1784,,,,2026-07-06 02:55:11.485
FX,EUR,0.8743,,,,2026-07-06 08:55:11.359
FX,JPY,161.3867,,,,2026-07-06 08:55:11.359
FX,CHF,0.8037,,,,2026-07-06 08:55:11.359
FX,BRL,5.1784,,,,2026-07-06 08:55:11.359
FX,JPY,161.3867,,,,2026-07-06 14:55:11.414
FX,BRL,5.1784,,,,2026-07-06 14:55:11.414
FX,EUR,0.8743,,,,2026-07-06 14:55:11.414
FX,GBP,0.7491,,,,2026-07-06 14:55:11.414
FX,JPY,161.3867,,,,2026-07-06 14:55:11.414
FX,CAD,1.4203,,,,2026-07-06 14:55:11.414
FX,CHF,0.8037,,,,2026-07-06 14:55:11.414
FX,MXN,17.476,,,,2026-07-06 14:55:11.414
FX,BRL,5.1784,,,,2026-07-06 14:55:11.414
FX,JPY,161.3867,,,,2026-07-06 20:55:11.657
FX,BRL,5.1784,,,,2026-07-06 20:55:11.657
FX,CAD,1.4212,,,,2026-07-07 02:55:11.020
FX,CAD,1.4212,,,,2026-07-07 08:55:11.600
FX,EUR,0.8746,,,,2026-07-07 14:55:12.195
FX,CHF,0.8056,,,,2026-07-07 14:55:12.195
FX,CAD,1.4212,,,,2026-07-07 20:55:12.024
FX,EUR,0.8746,,,,2026-07-07 20:55:12.024
FX,JPY,162.1289,,,,2026-07-07 20:55:12.024
FX,CHF,0.8056,,,,2026-07-07 20:55:12.024
FX,BRL,5.1671,,,,2026-07-07 20:55:12.024
FX,GBP,0.7483,,,,2026-07-08 02:55:11.713
FX,CAD,1.4204,,,,2026-07-08 02:55:11.713
FX,MXN,17.494,,,,2026-07-08 02:55:11.713
FX,GBP,0.7483,,,,2026-07-08 02:55:11.713
FX,CAD,1.4204,,,,2026-07-08 02:55:11.713
FX,MXN,17.494,,,,2026-07-08 02:55:11.713
FX,GBP,0.7483,,,,2026-07-08 08:55:11.340
FX,CAD,1.4204,,,,2026-07-08 08:55:11.340
FX,MXN,17.494,,,,2026-07-08 08:55:11.340
FX,CAD,1.4204,,,,2026-07-08 14:55:11.912
FX,JPY,162.1027,,,,2026-07-08 20:55:11.921
FX,BRL,5.1393,,,,2026-07-08 20:55:11.921
FX,EUR,0.8758,,,,2026-07-08 20:55:11.921
FX,CHF,0.8077,,,,2026-07-08 20:55:11.921
FX,EUR,0.8762,,,,2026-07-09 02:55:10.572
FX,GBP,0.7477,,,,2026-07-09 02:55:10.572
FX,JPY,162.5238,,,,2026-07-09 02:55:10.572
FX,CAD,1.4173,,,,2026-07-09 02:55:10.572
FX,CHF,0.8086,,,,2026-07-09 02:55:10.572
FX,MXN,17.5788,,,,2026-07-09 02:55:10.572
FX,BRL,5.1562,,,,2026-07-09 02:55:10.572
FX,EUR,0.8762,,,,2026-07-09 02:55:10.572
FX,JPY,162.5238,,,,2026-07-09 02:55:10.572
FX,CHF,0.8086,,,,2026-07-09 02:55:10.572
FX,BRL,5.1562,,,,2026-07-09 02:55:10.572
FX,EUR,0.8762,,,,2026-07-09 08:55:11.905
FX,JPY,162.5238,,,,2026-07-09 08:55:11.905
FX,CHF,0.8086,,,,2026-07-09 08:55:11.905
FX,BRL,5.1562,,,,2026-07-09 08:55:11.905
FX,EUR,0.8762,,,,2026-07-09 08:55:11.905
FX,GBP,0.7477,,,,2026-07-09 08:55:11.905
FX,JPY,162.5238,,,,2026-07-09 08:55:11.905
FX,CAD,1.4173,,,,2026-07-09 08:55:11.905
FX,CHF,0.8086,,,,2026-07-09 08:55:11.905
FX,MXN,17.5788,,,,2026-07-09 08:55:11.905
FX,BRL,5.1562,,,,2026-07-09 08:55:11.905
FX,GBP,0.7477,,,,2026-07-09 14:55:11.811
FX,MXN,17.5788,,,,2026-07-09 14:55:11.811
FX,EUR,0.8762,,,,2026-07-09 20:55:11.668
FX,CHF,0.8086,,,,2026-07-09 20:55:11.668
FX,GBP,0.7477,,,,2026-07-09 20:55:11.668
FX,CAD,1.4173,,,,2026-07-09 20:55:11.668
FX,MXN,17.5788,,,,2026-07-09 20:55:11.668
FX,EUR,0.8762,,,,2026-07-09 20:55:11.668
FX,GBP,0.7477,,,,2026-07-09 20:55:11.668
FX,JPY,162.5238,,,,2026-07-09 20:55:11.668
FX,CAD,1.4173,,,,2026-07-09 20:55:11.668
FX,CHF,0.8086,,,,2026-07-09 20:55:11.668
FX,MXN,17.5788,,,,2026-07-09 20:55:11.668
FX,BRL,5.1562,,,,2026-07-09 20:55:11.668
FX,GBP,0.746,,,,2026-07-10 02:55:11.317
FX,CAD,1.4172,,,,2026-07-10 02:55:11.317
FX,MXN,17.5447,,,,2026-07-10 02:55:11.317
FX,EUR,0.8748,,,,2026-07-10 08:55:11.387
FX,CHF,0.807,,,,2026-07-10 08:55:11.387
FX,EUR,0.8748,,,,2026-07-10 08:55:11.387
FX,CHF,0.807,,,,2026-07-10 08:55:11.387
FX,EUR,0.8748,,,,2026-07-10 14:55:10.832
FX,GBP,0.746,,,,2026-07-10 14:55:10.832
FX,JPY,162.3789,,,,2026-07-10 14:55:10.832
FX,CAD,1.4172,,,,2026-07-10 14:55:10.832
FX,CHF,0.807,,,,2026-07-10 14:55:10.832
FX,MXN,17.5447,,,,2026-07-10 14:55:10.832
FX,BRL,5.1402,,,,2026-07-10 14:55:10.832
FX,EUR,0.8748,,,,2026-07-10 14:55:10.832
FX,JPY,162.3789,,,,2026-07-10 14:55:10.832
FX,CHF,0.807,,,,2026-07-10 14:55:10.832
FX,BRL,5.1402,,,,2026-07-10 14:55:10.832
FX,GBP,0.746,,,,2026-07-10 20:55:11.288
FX,CAD,1.4172,,,,2026-07-10 20:55:11.288
FX,MXN,17.5447,,,,2026-07-10 20:55:11.288
FX,EUR,0.8748,,,,2026-07-10 20:55:11.288
FX,JPY,162.3789,,,,2026-07-10 20:55:11.288
FX,CHF,0.807,,,,2026-07-10 20:55:11.288
FX,BRL,5.1402,,,,2026-07-10 20:55:11.288
FX,EUR,0.8756,,,,2026-07-11 02:55:11.148
FX,JPY,161.7696,,,,2026-07-11 02:55:11.148
FX,CHF,0.8079,,,,2026-07-11 02:55:11.148
FX,BRL,5.1146,,,,2026-07-11 02:55:11.148
FX,GBP,0.746,,,,2026-07-11 02:55:11.148
FX,CAD,1.4153,,,,2026-07-11 02:55:11.148
FX,MXN,17.4963,,,,2026-07-11 02:55:11.148
FX,GBP,0.746,,,,2026-07-11 08:55:11.092
FX,CAD,1.4153,,,,2026-07-11 08:55:11.092
FX,MXN,17.4963,,,,2026-07-11 08:55:11.092
FX,JPY,161.7696,,,,2026-07-11 14:55:10.999
FX,BRL,5.1146,,,,2026-07-11 14:55:10.999
Metales,XAU,4104.100097656,4125.799804688,4090.600097656,0.8998,2026-07-11 14:55:11.032
Metales,XAG,59.808998108,60.345001221,59.720001221,0.57,2026-07-11 14:55:11.032
Metales,XPT,1618.099975586,1618.099975586,1618.099975586,-0.4307,2026-07-11 14:55:11.032
Metales,XPD,1266.300048828,1266.300048828,1266.300048828,0.3487,2026-07-11 14:55:11.032
Metales,XAU,4104.100097656,4125.799804688,4090.600097656,0.8998,2026-07-11 14:55:11.032
Metales,XAG,59.808998108,60.345001221,59.720001221,0.57,2026-07-11 14:55:11.032
Metales,XPT,1618.099975586,1618.099975586,1618.099975586,-0.4307,2026-07-11 14:55:11.032
Metales,XPD,1266.300048828,1266.300048828,1266.300048828,0.3487,2026-07-11 14:55:11.032
Metales,XAU,4104.100097656,4125.799804688,4090.600097656,0.8998,2026-07-11 14:55:11.032
Metales,XAG,59.808998108,60.345001221,59.720001221,0.57,2026-07-11 14:55:11.032
Metales,XPT,1618.099975586,1618.099975586,1618.099975586,-0.4307,2026-07-11 14:55:11.032
Metales,XPD,1266.300048828,1266.300048828,1266.300048828,0.3487,2026-07-11 14:55:11.032
Metales,XAU,4104.100097656,4125.799804688,4090.600097656,0.8998,2026-07-11 14:55:11.032
Metales,XAU,4104.100097656,4125.799804688,4090.600097656,0.8998,2026-07-11 08:55:11.136
Metales,XAG,59.808998108,60.345001221,59.720001221,0.57,2026-07-11 08:55:11.136
Metales,XPT,1618.099975586,1618.099975586,1618.099975586,-0.4307,2026-07-11 08:55:11.136
Metales,XPD,1266.300048828,1266.300048828,1266.300048828,0.3487,2026-07-11 08:55:11.136
Metales,XPD,1266.300048828,1266.300048828,1266.300048828,0.3487,2026-07-11 14:55:11.032
Metales,XAU,4104.100097656,4125.799804688,4090.600097656,0.8998,2026-07-11 08:55:11.136
Metales,XAG,59.808998108,60.345001221,59.720001221,0.57,2026-07-11 08:55:11.136
Metales,XPT,1618.099975586,1618.099975586,1618.099975586,-0.4307,2026-07-11 08:55:11.136
Metales,XPD,1266.300048828,1266.300048828,1266.300048828,0.3487,2026-07-11 08:55:11.136
Metales,XPT,1618.099975586,1618.099975586,1618.099975586,-0.4307,2026-07-11 14:55:11.032
Metales,XAU,4104.100097656,4125.799804688,4090.600097656,0.8998,2026-07-11 08:55:11.136
Metales,XAG,59.808998108,60.345001221,59.720001221,0.57,2026-07-11 08:55:11.136
Metales,XPT,1618.099975586,1618.099975586,1618.099975586,-0.4307,2026-07-11 08:55:11.136
Metales,XPD,1266.300048828,1266.300048828,1266.300048828,0.3487,2026-07-11 08:55:11.136
Metales,XPT,1638.599975586,1652.5,1614.400024414,0.8307,2026-07-11 02:55:11.182
Metales,XAU,4128.899902344,4144.600097656,4081.699951172,1.5095,2026-07-11 02:55:11.182
Metales,XAG,60.299999237,61.194999695,59.244998932,1.3957,2026-07-11 02:55:11.182
Metales,XPT,1638.599975586,1652.5,1614.400024414,0.8307,2026-07-11 02:55:11.182
Metales,XPD,1280.5,1289.0,1250.5,1.474,2026-07-11 02:55:11.182
Metales,XAU,4128.899902344,4144.600097656,4081.699951172,1.5095,2026-07-11 02:55:11.182
Metales,XAU,4128.899902344,4144.600097656,4081.699951172,1.5095,2026-07-11 02:55:11.182
Metales,XAG,60.299999237,61.194999695,59.244998932,1.3957,2026-07-11 02:55:11.182
Metales,XPT,1638.599975586,1652.5,1614.400024414,0.8307,2026-07-11 02:55:11.182
Metales,XPD,1280.5,1289.0,1250.5,1.474,2026-07-11 02:55:11.182
Metales,XPD,1280.5,1289.0,1250.5,1.474,2026-07-11 02:55:11.182
Metales,XAG,60.299999237,61.194999695,59.244998932,1.3957,2026-07-11 02:55:11.182
Metales,XAU,4120.399902344,4144.600097656,4081.699951172,1.3006,2026-07-10 20:55:11.330
Metales,XAG,60.189998627,61.194999695,59.244998932,1.2107,2026-07-10 20:55:11.330
Metales,XPT,1638.699951172,1652.5,1614.400024414,0.8369,2026-07-10 20:55:11.330
Metales,XPD,1280.0,1289.0,1250.5,1.4343,2026-07-10 20:55:11.330
Metales,XPD,1280.5,1289.0,1250.5,1.474,2026-07-11 02:55:11.182
Metales,XAU,4120.399902344,4144.600097656,4081.699951172,1.3006,2026-07-10 20:55:11.330
Metales,XAG,60.189998627,61.194999695,59.244998932,1.2107,2026-07-10 20:55:11.330
Metales,XPT,1638.699951172,1652.5,1614.400024414,0.8369,2026-07-10 20:55:11.330
Metales,XPD,1280.0,1289.0,1250.5,1.4343,2026-07-10 20:55:11.330
Metales,XAU,4128.899902344,4144.600097656,4081.699951172,1.5095,2026-07-11 02:55:11.182
Metales,XAG,60.189998627,61.194999695,59.244998932,1.2107,2026-07-10 20:55:11.330
Metales,XPD,1280.0,1289.0,1250.5,1.4343,2026-07-10 20:55:11.330
Metales,XAU,4108.799804688,4144.600097656,4081.699951172,1.0154,2026-07-10 14:55:10.863
Metales,XAG,60.01499939,61.194999695,59.244998932,0.9164,2026-07-10 14:55:10.863
Metales,XPT,1632.0,1652.5,1614.400024414,0.4246,2026-07-10 14:55:10.863
Metales,XPD,1284.5,1288.0,1250.5,1.791,2026-07-10 14:55:10.863
Metales,XAU,4108.799804688,4144.600097656,4081.699951172,1.0154,2026-07-10 14:55:10.863
Metales,XAG,60.01499939,61.194999695,59.244998932,0.9164,2026-07-10 14:55:10.863
Metales,XPT,1632.0,1652.5,1614.400024414,0.4246,2026-07-10 14:55:10.863
Metales,XPD,1284.5,1288.0,1250.5,1.791,2026-07-10 14:55:10.863
Metales,XAG,60.01499939,61.194999695,59.244998932,0.9164,2026-07-10 14:55:10.863
Metales,XPD,1284.5,1288.0,1250.5,1.791,2026-07-10 14:55:10.863
Metales,XAU,4108.799804688,4144.600097656,4081.699951172,1.0154,2026-07-10 14:55:10.863
Metales,XAU,4110.0,4144.600097656,4108.200195312,1.0449,2026-07-10 08:55:11.424
Metales,XAG,59.990001678,61.194999695,59.86000061,0.8744,2026-07-10 08:55:11.424
Metales,XPT,1626.800048828,1652.5,1614.400024414,0.1046,2026-07-10 08:55:11.424
Metales,XPD,1268.5,1277.0,1250.5,0.523,2026-07-10 08:55:11.424
Metales,XPD,1284.5,1288.0,1250.5,1.791,2026-07-10 14:55:10.863
Metales,XAU,4110.0,4144.600097656,4108.200195312,1.0449,2026-07-10 08:55:11.424
Metales,XAG,59.990001678,61.194999695,59.86000061,0.8744,2026-07-10 08:55:11.424
Metales,XPT,1626.800048828,1652.5,1614.400024414,0.1046,2026-07-10 08:55:11.424
Metales,XPD,1268.5,1277.0,1250.5,0.523,2026-07-10 08:55:11.424
Metales,XAG,60.01499939,61.194999695,59.244998932,0.9164,2026-07-10 14:55:10.863
Metales,XAG,59.990001678,61.194999695,59.86000061,0.8744,2026-07-10 08:55:11.424
Metales,XPD,1268.5,1277.0,1250.5,0.523,2026-07-10 08:55:11.424
Metales,XAU,4135.200195312,4140.799804688,4118.299804688,3.0425,2026-07-10 02:55:11.348
Metales,XAG,60.715000153,60.784999847,60.150001526,3.1428,2026-07-10 02:55:11.348
Metales,XPT,1642.0,1643.199951172,1614.400024414,7.2292,2026-07-10 02:55:11.348
Metales,XPD,1268.5,1268.5,1250.5,4.5927,2026-07-10 02:55:11.348
Metales,XAU,4135.200195312,4140.799804688,4118.299804688,3.0425,2026-07-10 02:55:11.348
Metales,XPT,1642.0,1643.199951172,1614.400024414,7.2292,2026-07-10 02:55:11.348
Metales,XAU,4135.200195312,4140.799804688,4118.299804688,3.0425,2026-07-10 02:55:11.348
Metales,XPT,1642.0,1643.199951172,1614.400024414,7.2292,2026-07-10 02:55:11.348
Metales,XAU,4133.399902344,4148.399902344,4063.399902344,2.9977,2026-07-09 20:55:11.704
Metales,XAG,60.380001068,61.029998779,57.955001831,2.5737,2026-07-09 20:55:11.704
Metales,XPT,1622.300048828,1642.099975586,1584.900024414,5.9427,2026-07-09 20:55:11.704
Metales,XPD,1252.5,1263.0,1217.0,3.2734,2026-07-09 20:55:11.704
Metales,XAU,4133.399902344,4148.399902344,4063.399902344,2.9977,2026-07-09 20:55:11.704
Metales,XPT,1622.300048828,1642.099975586,1584.900024414,5.9427,2026-07-09 20:55:11.704
Metales,XAU,4133.299804688,4147.399902344,4063.399902344,2.9952,2026-07-09 14:55:11.868
Metales,XAG,60.51499939,60.904998779,57.955001831,2.803,2026-07-09 14:55:11.868
Metales,XPT,1636.900024414,1640.199951172,1584.900024414,6.8961,2026-07-09 14:55:11.868
Metales,XPD,1256.0,1261.0,1217.0,3.562,2026-07-09 14:55:11.868
Metales,XPD,1252.5,1263.0,1217.0,3.2734,2026-07-09 20:55:11.704
Metales,XAU,4133.299804688,4147.399902344,4063.399902344,2.9952,2026-07-09 14:55:11.868
Metales,XAG,60.51499939,60.904998779,57.955001831,2.803,2026-07-09 14:55:11.868
Metales,XPT,1636.900024414,1640.199951172,1584.900024414,6.8961,2026-07-09 14:55:11.868
Metales,XPD,1256.0,1261.0,1217.0,3.562,2026-07-09 14:55:11.868
Metales,XAU,4133.399902344,4148.399902344,4063.399902344,2.9977,2026-07-09 20:55:11.704
Metales,XAU,4133.299804688,4147.399902344,4063.399902344,2.9952,2026-07-09 14:55:11.868
Metales,XAG,60.51499939,60.904998779,57.955001831,2.803,2026-07-09 14:55:11.868
Metales,XPT,1636.900024414,1640.199951172,1584.900024414,6.8961,2026-07-09 14:55:11.868
Metales,XPD,1256.0,1261.0,1217.0,3.562,2026-07-09 14:55:11.868
Metales,XAG,60.380001068,61.029998779,57.955001831,2.5737,2026-07-09 20:55:11.704
Metales,XAU,4133.299804688,4147.399902344,4063.399902344,2.9952,2026-07-09 14:55:11.868
Metales,XAU,4122.5,4127.399902344,4063.399902344,2.7261,2026-07-09 08:55:11.938
Metales,XAG,59.705001831,59.854999542,57.955001831,1.427,2026-07-09 08:55:11.938
Metales,XPT,1632.199951172,1632.300048828,1584.900024414,6.5892,2026-07-09 08:55:11.938
Metales,XPD,1252.0,1254.5,1217.0,3.2322,2026-07-09 08:55:11.938
Metales,XPD,1256.0,1261.0,1217.0,3.562,2026-07-09 14:55:11.868
Metales,XAU,4122.5,4127.399902344,4063.399902344,2.7261,2026-07-09 08:55:11.938
Metales,XAG,59.705001831,59.854999542,57.955001831,1.427,2026-07-09 08:55:11.938
Metales,XPT,1632.199951172,1632.300048828,1584.900024414,6.5892,2026-07-09 08:55:11.938
Metales,XPD,1252.0,1254.5,1217.0,3.2322,2026-07-09 08:55:11.938
Metales,XAU,4122.5,4127.399902344,4063.399902344,2.7261,2026-07-09 08:55:11.938
Metales,XAG,59.705001831,59.854999542,57.955001831,1.427,2026-07-09 08:55:11.938
Metales,XPT,1632.199951172,1632.300048828,1584.900024414,6.5892,2026-07-09 08:55:11.938
Metales,XPD,1252.0,1254.5,1217.0,3.2322,2026-07-09 08:55:11.938
Metales,XAG,60.51499939,60.904998779,57.955001831,2.803,2026-07-09 14:55:11.868
Metales,XAU,4079.800048828,4099.100097656,4071.399902344,1.9287,2026-07-09 02:55:10.625
Metales,XAG,58.520000458,58.974998474,58.185001373,0.3085,2026-07-09 02:55:10.625
Metales,XPT,1601.699951172,1612.5,1584.900024414,1.7534,2026-07-09 02:55:10.625
Metales,XPD,1228.0,1235.0,1217.0,2.3333,2026-07-09 02:55:10.625
Metales,XAU,4122.5,4127.399902344,4063.399902344,2.7261,2026-07-09 08:55:11.938
Metales,XPT,1632.199951172,1632.300048828,1584.900024414,6.5892,2026-07-09 08:55:11.938
Metales,XAG,58.520000458,58.974998474,58.185001373,0.3085,2026-07-09 02:55:10.625
Metales,XPD,1228.0,1235.0,1217.0,2.3333,2026-07-09 02:55:10.625
Metales,XPT,1588.5,1653.0,1572.900024414,0.9148,2026-07-08 20:55:11.958
Metales,XPD,1219.5,1277.5,1206.0,1.625,2026-07-08 20:55:11.958
Metales,XAU,4047.699951172,4144.700195312,4045.100097656,1.1268,2026-07-08 14:55:11.951
Metales,XAG,58.044998169,61.455001831,58.029998779,-0.5057,2026-07-08 14:55:11.951
Metales,XPT,1586.800048828,1653.0,1572.900024414,0.8068,2026-07-08 14:55:11.951
Metales,XPD,1223.5,1277.5,1206.0,1.9583,2026-07-08 14:55:11.951
Metales,XAG,58.555000305,61.455001831,57.604999542,0.3685,2026-07-08 20:55:11.958
Metales,XAU,4047.699951172,4144.700195312,4045.100097656,1.1268,2026-07-08 14:55:11.951
Metales,XAG,58.044998169,61.455001831,58.029998779,-0.5057,2026-07-08 14:55:11.951
Metales,XPT,1586.800048828,1653.0,1572.900024414,0.8068,2026-07-08 14:55:11.951
Metales,XPD,1223.5,1277.5,1206.0,1.9583,2026-07-08 14:55:11.951
Metales,XAU,4047.699951172,4144.700195312,4045.100097656,1.1268,2026-07-08 14:55:11.951
Metales,XAG,58.044998169,61.455001831,58.029998779,-0.5057,2026-07-08 14:55:11.951
Metales,XPT,1586.800048828,1653.0,1572.900024414,0.8068,2026-07-08 14:55:11.951
Metales,XPD,1223.5,1277.5,1206.0,1.9583,2026-07-08 14:55:11.951
Metales,XPT,1601.5,1653.0,1598.199951172,1.7407,2026-07-08 08:55:11.378
Metales,XAU,4077.300048828,4144.700195312,4071.5,1.8663,2026-07-08 08:55:11.378
Metales,XAG,59.220001221,61.455001831,59.11000061,1.5084,2026-07-08 08:55:11.378
Metales,XPT,1601.5,1653.0,1598.199951172,1.7407,2026-07-08 08:55:11.378
Metales,XPD,1229.0,1277.5,1228.0,2.4167,2026-07-08 08:55:11.378
Metales,XAU,4077.300048828,4144.700195312,4071.5,1.8663,2026-07-08 08:55:11.378
Metales,XAU,4077.300048828,4144.700195312,4071.5,1.8663,2026-07-08 08:55:11.378
Metales,XAG,59.220001221,61.455001831,59.11000061,1.5084,2026-07-08 08:55:11.378
Metales,XPT,1601.5,1653.0,1598.199951172,1.7407,2026-07-08 08:55:11.378
Metales,XPD,1229.0,1277.5,1228.0,2.4167,2026-07-08 08:55:11.378
Metales,XAG,59.220001221,61.455001831,59.11000061,1.5084,2026-07-08 08:55:11.378
Metales,XAU,4131.100097656,4137.100097656,4104.0,1.8139,2026-07-08 02:55:11.750
Metales,XAU,4131.100097656,4137.100097656,4104.0,1.8139,2026-07-08 02:55:11.750
Metales,XAG,60.555000305,60.720001221,60.009998322,3.1953,2026-07-08 02:55:11.750
Metales,XPT,1642.900024414,1653.0,1628.199951172,1.9106,2026-07-08 02:55:11.750
Metales,XPD,1270.0,1272.5,1252.0,5.6572,2026-07-08 02:55:11.750
Metales,XPD,1270.0,1272.5,1252.0,5.6572,2026-07-08 02:55:11.750
Metales,XAU,4131.100097656,4137.100097656,4104.0,1.8139,2026-07-08 02:55:11.750
Metales,XAG,60.555000305,60.720001221,60.009998322,3.1953,2026-07-08 02:55:11.750
Metales,XPT,1642.900024414,1653.0,1628.199951172,1.9106,2026-07-08 02:55:11.750
Metales,XPD,1270.0,1272.5,1252.0,5.6572,2026-07-08 02:55:11.750
Metales,XPT,1642.900024414,1653.0,1628.199951172,1.9106,2026-07-08 02:55:11.750
Metales,XAU,4131.100097656,4137.100097656,4104.0,1.8139,2026-07-08 02:55:11.750
Metales,XPD,1270.0,1272.5,1252.0,5.6572,2026-07-08 02:55:11.750
Metales,XAU,4116.899902344,4192.399902344,4102.700195312,1.464,2026-07-07 20:55:12.069
Metales,XAG,60.400001526,62.590000153,59.849998474,2.9312,2026-07-07 20:55:12.069
Metales,XPT,1645.199951172,1673.5,1613.099975586,2.0532,2026-07-07 20:55:12.069
Metales,XPD,1268.5,1291.5,1250.5,5.5324,2026-07-07 20:55:12.069
Metales,XAG,60.555000305,60.720001221,60.009998322,3.1953,2026-07-08 02:55:11.750
Metales,XAU,4116.899902344,4192.399902344,4102.700195312,1.464,2026-07-07 20:55:12.069
Metales,XAG,60.400001526,62.590000153,59.849998474,2.9312,2026-07-07 20:55:12.069
Metales,XPT,1645.199951172,1673.5,1613.099975586,2.0532,2026-07-07 20:55:12.069
Metales,XPD,1268.5,1291.5,1250.5,5.5324,2026-07-07 20:55:12.069
Metales,XAU,4163.600097656,4192.399902344,4127.700195312,2.6149,2026-07-07 14:55:12.229
Metales,XAG,61.380001068,62.590000153,60.709999084,4.6012,2026-07-07 14:55:12.229
Metales,XPT,1652.300048828,1673.5,1613.099975586,2.4936,2026-07-07 14:55:12.229
Metales,XPD,1274.0,1291.5,1250.5,5.99,2026-07-07 14:55:12.229
Metales,XAG,60.400001526,62.590000153,59.849998474,2.9312,2026-07-07 20:55:12.069
Metales,XAU,4163.600097656,4192.399902344,4127.700195312,2.6149,2026-07-07 14:55:12.229
Metales,XAG,61.380001068,62.590000153,60.709999084,4.6012,2026-07-07 14:55:12.229
Metales,XPT,1652.300048828,1673.5,1613.099975586,2.4936,2026-07-07 14:55:12.229
Metales,XPD,1274.0,1291.5,1250.5,5.99,2026-07-07 14:55:12.229
Metales,XAU,4116.899902344,4192.399902344,4102.700195312,1.464,2026-07-07 20:55:12.069
Metales,XAU,4163.600097656,4192.399902344,4127.700195312,2.6149,2026-07-07 14:55:12.229
Metales,XAG,61.380001068,62.590000153,60.709999084,4.6012,2026-07-07 14:55:12.229
Metales,XPT,1652.300048828,1673.5,1613.099975586,2.4936,2026-07-07 14:55:12.229
Metales,XPD,1274.0,1291.5,1250.5,5.99,2026-07-07 14:55:12.229
Metales,XPT,1645.199951172,1673.5,1613.099975586,2.0532,2026-07-07 20:55:12.069
Metales,XAG,61.380001068,62.590000153,60.709999084,4.6012,2026-07-07 14:55:12.229
Metales,XAU,4141.799804688,4179.5,4127.700195312,2.0776,2026-07-07 08:55:11.633
Metales,XAG,61.450000763,62.590000153,60.709999084,4.7205,2026-07-07 08:55:11.633
Metales,XPT,1641.0,1648.800048828,1613.099975586,1.7927,2026-07-07 08:55:11.633
Metales,XPD,1268.5,1278.0,1250.5,5.5324,2026-07-07 08:55:11.633
Metales,XPT,1652.300048828,1673.5,1613.099975586,2.4936,2026-07-07 14:55:12.229
Metales,XAU,4141.799804688,4179.5,4127.700195312,2.0776,2026-07-07 08:55:11.633
Metales,XAG,61.450000763,62.590000153,60.709999084,4.7205,2026-07-07 08:55:11.633
Metales,XPT,1641.0,1648.800048828,1613.099975586,1.7927,2026-07-07 08:55:11.633
Metales,XPD,1268.5,1278.0,1250.5,5.5324,2026-07-07 08:55:11.633
Metales,XAU,4163.600097656,4192.399902344,4127.700195312,2.6149,2026-07-07 14:55:12.229
Metales,XAU,4141.799804688,4179.5,4127.700195312,2.0776,2026-07-07 08:55:11.633
Metales,XAG,61.450000763,62.590000153,60.709999084,4.7205,2026-07-07 08:55:11.633
Metales,XPT,1641.0,1648.800048828,1613.099975586,1.7927,2026-07-07 08:55:11.633
Metales,XPD,1268.5,1278.0,1250.5,5.5324,2026-07-07 08:55:11.633
Metales,XAU,4151.299804688,4179.5,4137.600097656,2.3118,2026-07-07 02:55:11.052
Metales,XAU,4151.299804688,4179.5,4137.600097656,2.3118,2026-07-07 02:55:11.052
Metales,XAG,61.959999084,62.590000153,61.259998322,5.5896,2026-07-07 02:55:11.052
Metales,XPT,1642.099975586,1648.800048828,1627.400024414,1.8609,2026-07-07 02:55:11.052
Metales,XPD,1274.0,1278.0,1263.0,5.99,2026-07-07 02:55:11.052
Metales,XPD,1274.0,1278.0,1263.0,5.99,2026-07-07 02:55:11.052
Metales,XAU,4151.299804688,4179.5,4137.600097656,2.3118,2026-07-07 02:55:11.052
Metales,XAG,61.959999084,62.590000153,61.259998322,5.5896,2026-07-07 02:55:11.052
Metales,XPT,1642.099975586,1648.800048828,1627.400024414,1.8609,2026-07-07 02:55:11.052
Metales,XPD,1274.0,1278.0,1263.0,5.99,2026-07-07 02:55:11.052
Metales,XAG,61.959999084,62.590000153,61.259998322,5.5896,2026-07-07 02:55:11.052
Metales,XAU,4151.299804688,4179.5,4137.600097656,2.3118,2026-07-07 02:55:11.052
Metales,XAU,4175.0,4215.5,4133.799804688,2.8959,2026-07-06 20:55:11.696
Metales,XAG,62.465000153,63.729999542,61.384998322,6.4502,2026-07-06 20:55:11.696
Metales,XPT,1641.199951172,1675.099975586,1620.699951172,1.8051,2026-07-06 20:55:11.696
Metales,XPD,1273.5,1294.5,1259.5,5.9484,2026-07-06 20:55:11.696
Metales,XAG,61.959999084,62.590000153,61.259998322,5.5896,2026-07-07 02:55:11.052
Metales,XAU,4175.0,4215.5,4133.799804688,2.8959,2026-07-06 20:55:11.696
Metales,XAG,62.465000153,63.729999542,61.384998322,6.4502,2026-07-06 20:55:11.696
Metales,XPT,1641.199951172,1675.099975586,1620.699951172,1.8051,2026-07-06 20:55:11.696
Metales,XPD,1273.5,1294.5,1259.5,5.9484,2026-07-06 20:55:11.696
Metales,XPT,1642.099975586,1648.800048828,1627.400024414,1.8609,2026-07-07 02:55:11.052
Metales,XAG,61.98500061,63.729999542,61.384998322,5.6322,2026-07-06 14:55:11.450
Metales,XAU,4142.5,4215.5,4133.799804688,2.0949,2026-07-06 14:55:11.450
Metales,XAG,61.98500061,63.729999542,61.384998322,5.6322,2026-07-06 14:55:11.450
Metales,XPT,1633.599975586,1675.099975586,1620.699951172,1.3337,2026-07-06 14:55:11.450
Metales,XPD,1273.0,1294.5,1259.5,5.9068,2026-07-06 14:55:11.450
Metales,XAU,4142.5,4215.5,4133.799804688,2.0949,2026-07-06 14:55:11.450
Metales,XAU,4142.5,4215.5,4133.799804688,2.0949,2026-07-06 14:55:11.450
Metales,XAG,61.98500061,63.729999542,61.384998322,5.6322,2026-07-06 14:55:11.450
Metales,XPT,1633.599975586,1675.099975586,1620.699951172,1.3337,2026-07-06 14:55:11.450
Metales,XPD,1273.0,1294.5,1259.5,5.9068,2026-07-06 14:55:11.450
Metales,XPD,1273.0,1294.5,1259.5,5.9068,2026-07-06 14:55:11.450
Metales,XAU,4142.5,4215.5,4133.799804688,2.0949,2026-07-06 14:55:11.450
Metales,XAU,4161.0,4215.5,4133.799804688,2.5508,2026-07-06 08:55:11.391
Metales,XAG,62.404998779,63.729999542,61.384998322,6.348,2026-07-06 08:55:11.391
Metales,XPT,1644.400024414,1675.099975586,1630.400024414,2.0036,2026-07-06 08:55:11.391
Metales,XPD,1277.5,1294.5,1264.0,6.2812,2026-07-06 08:55:11.391
Metales,XPT,1633.599975586,1675.099975586,1620.699951172,1.3337,2026-07-06 14:55:11.450
Metales,XAU,4161.0,4215.5,4133.799804688,2.5508,2026-07-06 08:55:11.391
Metales,XAG,62.404998779,63.729999542,61.384998322,6.348,2026-07-06 08:55:11.391
Metales,XPT,1644.400024414,1675.099975586,1630.400024414,2.0036,2026-07-06 08:55:11.391
Metales,XPD,1277.5,1294.5,1264.0,6.2812,2026-07-06 08:55:11.391
Metales,XAG,61.98500061,63.729999542,61.384998322,5.6322,2026-07-06 14:55:11.450
Metales,XAU,4161.0,4215.5,4133.799804688,2.5508,2026-07-06 08:55:11.391
Metales,XAG,62.404998779,63.729999542,61.384998322,6.348,2026-07-06 08:55:11.391
Metales,XPT,1644.400024414,1675.099975586,1630.400024414,2.0036,2026-07-06 08:55:11.391
Metales,XPD,1277.5,1294.5,1264.0,6.2812,2026-07-06 08:55:11.391
Metales,XAU,4184.899902344,4215.5,4133.799804688,2.6038,2026-07-06 02:55:11.521
Metales,XAG,62.384998322,63.729999542,61.384998322,5.3979,2026-07-06 02:55:11.521
Metales,XPT,1645.400024414,1675.099975586,1630.400024414,0.8891,2026-07-06 02:55:11.521
Metales,XPD,1269.0,1294.5,1267.5,4.9628,2026-07-06 02:55:11.521
Metales,XAG,62.404998779,63.729999542,61.384998322,6.348,2026-07-06 08:55:11.391
Metales,XPD,1277.5,1294.5,1264.0,6.2812,2026-07-06 08:55:11.391
Metales,XAU,4184.899902344,4215.5,4133.799804688,2.6038,2026-07-06 02:55:11.521
Metales,XPT,1645.400024414,1675.099975586,1630.400024414,0.8891,2026-07-06 02:55:11.521
Metales,XAU,4187.299804688,4208.299804688,4133.799804688,2.6626,2026-07-05 20:55:11.142
Metales,XAG,62.814998627,63.349998474,61.384998322,6.1243,2026-07-05 20:55:11.142
Metales,XPT,1651.900024414,1675.099975586,1630.400024414,1.2876,2026-07-05 20:55:11.142
Metales,XPD,1272.5,1294.5,1269.5,5.2523,2026-07-05 20:55:11.142
Metales,XAG,62.814998627,63.349998474,61.384998322,6.1243,2026-07-05 20:55:11.142
Metales,XPD,1272.5,1294.5,1269.5,5.2523,2026-07-05 20:55:11.142
Metales,XAG,62.814998627,63.349998474,61.384998322,6.1243,2026-07-05 20:55:11.142
Metales,XAU,4187.299804688,4208.299804688,4133.799804688,2.6626,2026-07-05 14:55:11.146
Metales,XAG,62.814998627,63.349998474,61.384998322,6.1243,2026-07-05 14:55:11.146
Metales,XPT,1651.900024414,1675.099975586,1630.400024414,1.2876,2026-07-05 14:55:11.146
Metales,XPD,1272.5,1294.5,1269.5,5.2523,2026-07-05 14:55:11.146
Metales,XAU,4187.299804688,4208.299804688,4133.799804688,2.6626,2026-07-05 14:55:11.146
Metales,XAG,62.814998627,63.349998474,61.384998322,6.1243,2026-07-05 14:55:11.146
Metales,XPT,1651.900024414,1675.099975586,1630.400024414,1.2876,2026-07-05 14:55:11.146
Metales,XPD,1272.5,1294.5,1269.5,5.2523,2026-07-05 14:55:11.146
Metales,XAU,4187.299804688,4208.299804688,4133.799804688,2.6626,2026-07-05 20:55:11.142
Metales,XAU,4187.299804688,4208.299804688,4133.799804688,2.6626,2026-07-05 14:55:11.146
Metales,XAG,62.814998627,63.349998474,61.384998322,6.1243,2026-07-05 14:55:11.146
Metales,XPT,1651.900024414,1675.099975586,1630.400024414,1.2876,2026-07-05 14:55:11.146
Metales,XPD,1272.5,1294.5,1269.5,5.2523,2026-07-05 14:55:11.146
Metales,XPD,1272.5,1294.5,1269.5,5.2523,2026-07-05 20:55:11.142
Metales,XPD,1272.5,1294.5,1269.5,5.2523,2026-07-05 14:55:11.146
Metales,XPT,1651.900024414,1675.099975586,1630.400024414,1.2876,2026-07-05 14:55:11.146
Metales,XAU,4187.299804688,4208.299804688,4133.799804688,2.6626,2026-07-05 08:55:10.883
Metales,XAG,62.814998627,63.349998474,61.384998322,6.1243,2026-07-05 08:55:10.883
Metales,XPT,1651.900024414,1675.099975586,1630.400024414,1.2876,2026-07-05 08:55:10.883
Metales,XPD,1272.5,1294.5,1269.5,5.2523,2026-07-05 08:55:10.883
Metales,XAU,4187.299804688,4208.299804688,4133.799804688,2.6626,2026-07-05 14:55:11.146
Metales,XAU,4187.299804688,4208.299804688,4133.799804688,2.6626,2026-07-05 08:55:10.883
Metales,XAG,62.814998627,63.349998474,61.384998322,6.1243,2026-07-05 08:55:10.883
Metales,XPT,1651.900024414,1675.099975586,1630.400024414,1.2876,2026-07-05 08:55:10.883
Metales,XPD,1272.5,1294.5,1269.5,5.2523,2026-07-05 08:55:10.883
Metales,XAU,4187.299804688,4208.299804688,4133.799804688,2.6626,2026-07-05 08:55:10.883
Metales,XPD,1272.5,1294.5,1269.5,5.2523,2026-07-05 08:55:10.883
Metales,XAU,4187.299804688,4208.299804688,4133.799804688,4.987,2026-07-05 02:55:11.044
Metales,XAG,62.814998627,63.349998474,61.384998322,7.5876,2026-07-05 02:55:11.044
Metales,XPT,1651.900024414,1675.099975586,1630.400024414,3.1342,2026-07-05 02:55:11.044
Metales,XPD,1272.5,1294.5,1269.5,7.9304,2026-07-05 02:55:11.044
Metales,XPT,1651.900024414,1675.099975586,1630.400024414,1.2876,2026-07-05 08:55:10.883
Metales,XAU,4187.299804688,4208.299804688,4133.799804688,4.987,2026-07-05 02:55:11.044
Metales,XAG,62.814998627,63.349998474,61.384998322,7.5876,2026-07-05 02:55:11.044
Metales,XPT,1651.900024414,1675.099975586,1630.400024414,3.1342,2026-07-05 02:55:11.044
Metales,XPD,1272.5,1294.5,1269.5,7.9304,2026-07-05 02:55:11.044
Metales,XAG,62.814998627,63.349998474,61.384998322,7.5876,2026-07-05 02:55:11.044
Metales,XPD,1272.5,1294.5,1269.5,7.9304,2026-07-05 02:55:11.044
Metales,XAU,4187.299804688,4208.299804688,4133.799804688,4.987,2026-07-04 20:55:11.283
Metales,XAG,62.814998627,63.349998474,61.384998322,7.5876,2026-07-04 20:55:11.283
Metales,XPT,1651.900024414,1675.099975586,1630.400024414,3.1342,2026-07-04 20:55:11.283
Metales,XPD,1272.5,1294.5,1269.5,7.9304,2026-07-04 20:55:11.283
Metales,XAU,4187.299804688,4208.299804688,4133.799804688,4.987,2026-07-04 20:55:11.283
Metales,XAG,62.814998627,63.349998474,61.384998322,7.5876,2026-07-04 20:55:11.283
Metales,XPT,1651.900024414,1675.099975586,1630.400024414,3.1342,2026-07-04 20:55:11.283
Metales,XPD,1272.5,1294.5,1269.5,7.9304,2026-07-04 20:55:11.283
Metales,XAU,4187.299804688,4208.299804688,4133.799804688,4.987,2026-07-04 20:55:11.283
Metales,XPT,1651.900024414,1675.099975586,1630.400024414,3.1342,2026-07-04 20:55:11.283
Metales,XAG,62.814998627,63.349998474,61.384998322,7.5876,2026-07-04 20:55:11.283
Metales,XPD,1272.5,1294.5,1269.5,7.9304,2026-07-04 20:55:11.283
Metales,XAU,4187.299804688,4208.299804688,4133.799804688,4.987,2026-07-04 14:55:11.817
Metales,XAG,62.814998627,63.349998474,61.384998322,7.5876,2026-07-04 14:55:11.817
Metales,XPT,1651.900024414,1675.099975586,1630.400024414,3.1342,2026-07-04 14:55:11.817
Metales,XPD,1272.5,1294.5,1269.5,7.9304,2026-07-04 14:55:11.817
Metales,XAG,62.814998627,63.349998474,61.384998322,7.5876,2026-07-04 14:55:11.817
Metales,XPD,1272.5,1294.5,1269.5,7.9304,2026-07-04 14:55:11.817
Metales,XPD,1272.5,1294.5,1269.5,7.9304,2026-07-04 14:55:11.817
Metales,XAU,4187.299804688,4208.299804688,4133.799804688,4.987,2026-07-04 08:55:10.486
Metales,XAG,62.814998627,63.349998474,61.384998322,7.5876,2026-07-04 08:55:10.486
Metales,XPT,1651.900024414,1675.099975586,1630.400024414,3.1342,2026-07-04 08:55:10.486
Metales,XPD,1272.5,1294.5,1269.5,7.9304,2026-07-04 08:55:10.486
Metales,XAU,4187.299804688,4208.299804688,4133.799804688,4.987,2026-07-04 08:55:10.486
Metales,XAG,62.814998627,63.349998474,61.384998322,7.5876,2026-07-04 08:55:10.486
Metales,XPT,1651.900024414,1675.099975586,1630.400024414,3.1342,2026-07-04 08:55:10.486
Metales,XPD,1272.5,1294.5,1269.5,7.9304,2026-07-04 08:55:10.486
Metales,XPT,1651.900024414,1675.099975586,1630.400024414,3.1342,2026-07-04 14:55:11.817
Metales,XAU,4187.299804688,4208.299804688,4133.799804688,4.987,2026-07-04 08:55:10.486
Metales,XAG,62.814998627,63.349998474,61.384998322,7.5876,2026-07-04 08:55:10.486
Metales,XPT,1651.900024414,1675.099975586,1630.400024414,3.1342,2026-07-04 08:55:10.486
Metales,XPD,1272.5,1294.5,1269.5,7.9304,2026-07-04 08:55:10.486
Metales,XAG,62.814998627,63.349998474,61.384998322,7.5876,2026-07-04 14:55:11.817
Metales,XAU,4187.299804688,4208.299804688,4133.799804688,4.987,2026-07-04 08:55:10.486
Metales,XAU,4187.299804688,4208.299804688,4133.799804688,4.987,2026-07-04 02:55:11.287
Metales,XAG,62.814998627,63.349998474,61.384998322,7.5876,2026-07-04 02:55:11.287
Metales,XPT,1651.900024414,1675.099975586,1630.400024414,3.1342,2026-07-04 02:55:11.287
Metales,XPD,1272.5,1294.5,1269.5,7.9304,2026-07-04 02:55:11.287
Metales,XAU,4187.299804688,4208.299804688,4133.799804688,4.987,2026-07-04 02:55:11.287
Metales,XAG,62.814998627,63.349998474,61.384998322,7.5876,2026-07-04 02:55:11.287
Metales,XPT,1651.900024414,1675.099975586,1630.400024414,3.1342,2026-07-04 02:55:11.287
Metales,XPD,1272.5,1294.5,1269.5,7.9304,2026-07-04 02:55:11.287
Metales,XAG,62.814998627,63.349998474,61.384998322,7.5876,2026-07-04 08:55:10.486
Metales,XAU,4187.299804688,4208.299804688,4133.799804688,4.987,2026-07-04 02:55:11.287
Metales,XAG,62.814998627,63.349998474,61.384998322,7.5876,2026-07-04 02:55:11.287
Metales,XPT,1651.900024414,1675.099975586,1630.400024414,3.1342,2026-07-04 02:55:11.287
Metales,XPD,1272.5,1294.5,1269.5,7.9304,2026-07-04 02:55:11.287
Metales,XPD,1272.5,1294.5,1269.5,7.9304,2026-07-04 08:55:10.486
Metales,XAG,62.814998627,63.349998474,61.384998322,7.5876,2026-07-04 02:55:11.287
Metales,XAU,4187.299804688,4208.299804688,4133.799804688,4.987,2026-07-03 20:55:11.693
Metales,XAG,62.814998627,63.349998474,61.384998322,7.5876,2026-07-03 20:55:11.693
Metales,XPT,1651.900024414,1675.099975586,1630.400024414,3.1342,2026-07-03 20:55:11.693
Metales,XPD,1272.5,1294.5,1269.5,7.9304,2026-07-03 20:55:11.693
Metales,XPD,1272.5,1294.5,1269.5,7.9304,2026-07-04 02:55:11.287
Metales,XAU,4187.299804688,4208.299804688,4133.799804688,4.987,2026-07-03 20:55:11.693
Metales,XAG,62.814998627,63.349998474,61.384998322,7.5876,2026-07-03 20:55:11.693
Metales,XPT,1651.900024414,1675.099975586,1630.400024414,3.1342,2026-07-03 20:55:11.693
Metales,XPD,1272.5,1294.5,1269.5,7.9304,2026-07-03 20:55:11.693
Metales,XAU,4187.299804688,4208.299804688,4133.799804688,4.987,2026-07-04 02:55:11.287
Metales,XAU,4176.299804688,4208.299804688,4133.799804688,4.7112,2026-07-03 14:55:11.486
Metales,XAG,62.650001526,63.349998474,61.384998322,7.305,2026-07-03 14:55:11.486
Metales,XPT,1658.199951172,1675.099975586,1630.400024414,3.5275,2026-07-03 14:55:11.486
Metales,XPD,1281.5,1294.5,1269.5,8.6938,2026-07-03 14:55:11.486
Metales,XPD,1281.5,1294.5,1269.5,8.6938,2026-07-03 14:55:11.486
Metales,XAG,62.650001526,63.349998474,61.384998322,7.305,2026-07-03 14:55:11.486
Metales,XAU,4176.299804688,4208.299804688,4133.799804688,4.7112,2026-07-03 14:55:11.486
Metales,XAG,62.650001526,63.349998474,61.384998322,7.305,2026-07-03 14:55:11.486
Metales,XPT,1658.199951172,1675.099975586,1630.400024414,3.5275,2026-07-03 14:55:11.486
Metales,XPD,1281.5,1294.5,1269.5,8.6938,2026-07-03 14:55:11.486
Metales,XPT,1658.199951172,1675.099975586,1630.400024414,3.5275,2026-07-03 14:55:11.486
Metales,XAU,4176.299804688,4208.299804688,4133.799804688,4.7112,2026-07-03 14:55:11.486
Metales,XAU,4197.0,4208.299804688,4133.799804688,5.2302,2026-07-03 08:55:10.933
Metales,XAG,63.165000916,63.349998474,61.384998322,8.187,2026-07-03 08:55:10.933
Metales,XPT,1674.400024414,1674.900024414,1630.400024414,4.5389,2026-07-03 08:55:10.933
Metales,XPD,1288.0,1294.5,1269.5,9.2451,2026-07-03 08:55:10.933
Metales,XPD,1281.5,1294.5,1269.5,8.6938,2026-07-03 14:55:11.486
Metales,XAU,4197.0,4208.299804688,4133.799804688,5.2302,2026-07-03 08:55:10.933
Metales,XAG,63.165000916,63.349998474,61.384998322,8.187,2026-07-03 08:55:10.933
Metales,XPT,1674.400024414,1674.900024414,1630.400024414,4.5389,2026-07-03 08:55:10.933
Metales,XPD,1288.0,1294.5,1269.5,9.2451,2026-07-03 08:55:10.933
Metales,XAU,4197.0,4208.299804688,4133.799804688,5.2302,2026-07-03 08:55:10.933
Metales,XAG,63.165000916,63.349998474,61.384998322,8.187,2026-07-03 08:55:10.933
Metales,XPT,1674.400024414,1674.900024414,1630.400024414,4.5389,2026-07-03 08:55:10.933
Metales,XPD,1288.0,1294.5,1269.5,9.2451,2026-07-03 08:55:10.933
Metales,XAG,62.650001526,63.349998474,61.384998322,7.305,2026-07-03 14:55:11.486
Metales,XAU,4197.0,4208.299804688,4133.799804688,5.2302,2026-07-03 08:55:10.933
Metales,XPT,1674.400024414,1674.900024414,1630.400024414,4.5389,2026-07-03 08:55:10.933
Metales,XAU,4196.399902344,4208.299804688,4133.799804688,5.2151,2026-07-03 02:55:11.474
Metales,XAG,63.01499939,63.095001221,61.384998322,7.9301,2026-07-03 02:55:11.474
Metales,XPT,1670.800048828,1674.199951172,1630.400024414,4.3142,2026-07-03 02:55:11.474
Metales,XPD,1288.0,1294.5,1269.5,9.2451,2026-07-03 02:55:11.474
Metales,XPD,1288.0,1294.5,1269.5,9.2451,2026-07-03 08:55:10.933
Metales,XAU,4133.399902344,4157.100097656,4042.800048828,3.6355,2026-07-02 20:55:10.538
Metales,XAG,61.330001831,62.580001831,59.415000916,5.0441,2026-07-02 20:55:10.538
Metales,XPT,1631.199951172,1649.0,1582.599975586,1.8418,2026-07-02 20:55:10.538
Metales,XPD,1268.5,1282.5,1217.0,7.5912,2026-07-02 20:55:10.538
Metales,XAG,61.330001831,62.580001831,59.415000916,5.0441,2026-07-02 20:55:10.538
Metales,XPD,1268.5,1282.5,1217.0,7.5912,2026-07-02 20:55:10.538
Metales,XAU,4133.399902344,4157.100097656,4042.800048828,3.6355,2026-07-02 20:55:10.538
Metales,XPT,1631.199951172,1649.0,1582.599975586,1.8418,2026-07-02 20:55:10.538
Metales,XAG,61.759998322,62.580001831,59.415000916,5.7806,2026-07-02 14:55:11.310
Metales,XPD,1270.0,1282.5,1217.0,7.7184,2026-07-02 14:55:11.310
Metales,XAU,4088.399902344,4092.5,4042.800048828,2.5073,2026-07-02 08:55:11.503
Metales,XAG,60.619998932,60.865001678,59.415000916,3.828,2026-07-02 08:55:11.503
Metales,XPT,1628.900024414,1631.400024414,1582.599975586,1.6982,2026-07-02 08:55:11.503
Metales,XPD,1237.0,1239.0,1217.0,4.9194,2026-07-02 08:55:11.503
Metales,XAU,4088.399902344,4092.5,4042.800048828,2.5073,2026-07-02 08:55:11.503
Metales,XAG,60.619998932,60.865001678,59.415000916,3.828,2026-07-02 08:55:11.503
Metales,XPT,1628.900024414,1631.400024414,1582.599975586,1.6982,2026-07-02 08:55:11.503
Metales,XPD,1237.0,1239.0,1217.0,4.9194,2026-07-02 08:55:11.503
Metales,XAU,4088.399902344,4092.5,4042.800048828,2.5073,2026-07-02 08:55:11.503
Metales,XPT,1628.900024414,1631.400024414,1582.599975586,1.6982,2026-07-02 08:55:11.503
Metales,XAU,4068.0,4080.5,4042.800048828,-0.8869,2026-07-02 02:55:11.559
Metales,XAG,60.494998932,60.625,59.415000916,1.8606,2026-07-02 02:55:11.559
Metales,XPT,1614.5,1616.0,1582.599975586,2.1448,2026-07-02 02:55:11.559
Metales,XPD,1229.5,1236.0,1217.0,5.8727,2026-07-02 02:55:11.559
Metales,XAG,60.619998932,60.865001678,59.415000916,3.828,2026-07-02 08:55:11.503
Metales,XPD,1237.0,1239.0,1217.0,4.9194,2026-07-02 08:55:11.503
Metales,XPD,1229.5,1236.0,1217.0,5.8727,2026-07-02 02:55:11.559
Metales,XAU,4047.699951172,4131.0,3973.0,-1.3814,2026-07-01 20:55:11.020
Metales,XAG,59.630001068,61.544998169,57.555000305,0.4041,2026-07-01 20:55:11.020
Metales,XPT,1586.400024414,1619.0,1539.599975586,0.3669,2026-07-01 20:55:11.020
Metales,XPD,1219.0,1237.0,1179.0,4.9686,2026-07-01 20:55:11.020
Metales,XAU,4068.0,4080.5,4042.800048828,-0.8869,2026-07-02 02:55:11.559
Metales,XAU,4047.699951172,4131.0,3973.0,-1.3814,2026-07-01 20:55:11.020
Metales,XAG,59.630001068,61.544998169,57.555000305,0.4041,2026-07-01 20:55:11.020
Metales,XPT,1586.400024414,1619.0,1539.599975586,0.3669,2026-07-01 20:55:11.020
Metales,XPD,1219.0,1237.0,1179.0,4.9686,2026-07-01 20:55:11.020
Metales,XAU,4047.699951172,4131.0,3973.0,-1.3814,2026-07-01 20:55:11.020
Metales,XAG,59.630001068,61.544998169,57.555000305,0.4041,2026-07-01 20:55:11.020
Metales,XPT,1586.400024414,1619.0,1539.599975586,0.3669,2026-07-01 20:55:11.020
Metales,XPD,1219.0,1237.0,1179.0,4.9686,2026-07-01 20:55:11.020
Metales,XPT,1614.5,1616.0,1582.599975586,2.1448,2026-07-02 02:55:11.559
Metales,XPD,1219.0,1237.0,1179.0,4.9686,2026-07-01 20:55:11.020
Metales,XAU,4106.899902344,4131.0,3973.0,0.0609,2026-07-01 14:55:12.045
Metales,XAG,60.900001526,61.544998169,57.555000305,2.5425,2026-07-01 14:55:12.045
Metales,XPT,1607.199951172,1619.0,1539.599975586,1.6829,2026-07-01 14:55:12.045
Metales,XPD,1224.0,1237.0,1179.0,5.3991,2026-07-01 14:55:12.045
Metales,XAU,4047.699951172,4131.0,3973.0,-1.3814,2026-07-01 20:55:11.020
Metales,XAU,4106.899902344,4131.0,3973.0,0.0609,2026-07-01 14:55:12.045
Metales,XAG,60.900001526,61.544998169,57.555000305,2.5425,2026-07-01 14:55:12.045
Metales,XPT,1607.199951172,1619.0,1539.599975586,1.6829,2026-07-01 14:55:12.045
Metales,XPD,1224.0,1237.0,1179.0,5.3991,2026-07-01 14:55:12.045
Metales,XAG,59.630001068,61.544998169,57.555000305,0.4041,2026-07-01 20:55:11.020
Metales,XAU,4106.899902344,4131.0,3973.0,0.0609,2026-07-01 14:55:12.045
Metales,XAG,60.900001526,61.544998169,57.555000305,2.5425,2026-07-01 14:55:12.045
Metales,XPT,1607.199951172,1619.0,1539.599975586,1.6829,2026-07-01 14:55:12.045
Metales,XPD,1224.0,1237.0,1179.0,5.3991,2026-07-01 14:55:12.045
Metales,XAG,60.900001526,61.544998169,57.555000305,2.5425,2026-07-01 14:55:12.045
Metales,XAU,4106.899902344,4131.0,3973.0,0.0609,2026-07-01 14:55:12.045
Metales,XAU,3990.199951172,4032.0,3973.0,-2.7824,2026-07-01 08:55:11.441
Metales,XAG,58.209999084,59.340000153,57.555000305,-1.9869,2026-07-01 08:55:11.441
Metales,XPT,1553.300048828,1567.5,1539.599975586,-1.7272,2026-07-01 08:55:11.441
Metales,XPD,1190.0,1219.0,1179.0,2.4714,2026-07-01 08:55:11.441
Metales,XAU,3990.199951172,4032.0,3973.0,-2.7824,2026-07-01 08:55:11.441
Metales,XAG,58.209999084,59.340000153,57.555000305,-1.9869,2026-07-01 08:55:11.441
Metales,XPT,1553.300048828,1567.5,1539.599975586,-1.7272,2026-07-01 08:55:11.441
Metales,XPD,1190.0,1219.0,1179.0,2.4714,2026-07-01 08:55:11.441
Metales,XPD,1224.0,1237.0,1179.0,5.3991,2026-07-01 14:55:12.045
Metales,XAU,3990.199951172,4032.0,3973.0,-2.7824,2026-07-01 08:55:11.441
Metales,XAG,58.209999084,59.340000153,57.555000305,-1.9869,2026-07-01 08:55:11.441
Metales,XPT,1553.300048828,1567.5,1539.599975586,-1.7272,2026-07-01 08:55:11.441
Metales,XPD,1190.0,1219.0,1179.0,2.4714,2026-07-01 08:55:11.441
Metales,XPD,1190.0,1219.0,1179.0,2.4714,2026-07-01 08:55:11.441
Metales,XAU,3996.100097656,4032.0,3983.0,-3.1741,2026-07-01 02:55:11.380
Metales,XAG,58.299999237,59.340000153,57.919998169,-5.8918,2026-07-01 02:55:11.380
Metales,XPT,1551.400024414,1567.5,1542.5,-6.5928,2026-07-01 02:55:11.380
Metales,XPD,1203.0,1219.0,1199.5,-2.2508,2026-07-01 02:55:11.380
Metales,XAG,58.209999084,59.340000153,57.555000305,-1.9869,2026-07-01 08:55:11.441
Metales,XAU,3996.100097656,4032.0,3983.0,-3.1741,2026-07-01 02:55:11.380
Metales,XAG,58.299999237,59.340000153,57.919998169,-5.8918,2026-07-01 02:55:11.380
Metales,XPT,1551.400024414,1567.5,1542.5,-6.5928,2026-07-01 02:55:11.380
Metales,XPD,1203.0,1219.0,1199.5,-2.2508,2026-07-01 02:55:11.380
Metales,XPT,1553.300048828,1567.5,1539.599975586,-1.7272,2026-07-01 08:55:11.441
Metales,XPD,1203.0,1219.0,1199.5,-2.2508,2026-07-01 02:55:11.380
Metales,XAU,4025.800048828,4078.100097656,3955.399902344,-2.4545,2026-06-30 20:55:11.137
Metales,XAG,59.25,60.909999847,57.064998627,-4.3584,2026-06-30 20:55:11.137
Metales,XPT,1562.800048828,1608.400024414,1558.099975586,-5.9064,2026-06-30 20:55:11.137
Metales,XPD,1216.0,1250.5,1203.0,-1.1944,2026-06-30 20:55:11.137
Metales,XAG,58.299999237,59.340000153,57.919998169,-5.8918,2026-07-01 02:55:11.380
Metales,XAU,4025.800048828,4078.100097656,3955.399902344,-2.4545,2026-06-30 20:55:11.137
Metales,XAG,59.25,60.909999847,57.064998627,-4.3584,2026-06-30 20:55:11.137
Metales,XPT,1562.800048828,1608.400024414,1558.099975586,-5.9064,2026-06-30 20:55:11.137
Metales,XPD,1216.0,1250.5,1203.0,-1.1944,2026-06-30 20:55:11.137
Metales,XAU,4025.800048828,4078.100097656,3955.399902344,-2.4545,2026-06-30 20:55:11.137
Metales,XAG,59.25,60.909999847,57.064998627,-4.3584,2026-06-30 20:55:11.137
Metales,XPT,1562.800048828,1608.400024414,1558.099975586,-5.9064,2026-06-30 20:55:11.137
Metales,XPD,1216.0,1250.5,1203.0,-1.1944,2026-06-30 20:55:11.137
Metales,XAU,3996.100097656,4032.0,3983.0,-3.1741,2026-07-01 02:55:11.380
Metales,XAG,59.25,60.909999847,57.064998627,-4.3584,2026-06-30 20:55:11.137
Metales,XAU,4063.699951172,4078.100097656,3955.399902344,-1.5362,2026-06-30 14:55:11.423
Metales,XAG,60.685001373,60.909999847,57.064998627,-2.042,2026-06-30 14:55:11.423
Metales,XPT,1587.099975586,1608.400024414,1566.800048828,-4.4434,2026-06-30 14:55:11.423
Metales,XPD,1225.0,1250.5,1203.0,-0.4632,2026-06-30 14:55:11.423
Metales,XPT,1562.800048828,1608.400024414,1558.099975586,-5.9064,2026-06-30 20:55:11.137
Metales,XAU,4063.699951172,4078.100097656,3955.399902344,-1.5362,2026-06-30 14:55:11.423
Metales,XAG,60.685001373,60.909999847,57.064998627,-2.042,2026-06-30 14:55:11.423
Metales,XPT,1587.099975586,1608.400024414,1566.800048828,-4.4434,2026-06-30 14:55:11.423
Metales,XPD,1225.0,1250.5,1203.0,-0.4632,2026-06-30 14:55:11.423
Metales,XPD,1216.0,1250.5,1203.0,-1.1944,2026-06-30 20:55:11.137
Metales,XAG,60.685001373,60.909999847,57.064998627,-2.042,2026-06-30 14:55:11.423
Metales,XPT,1587.099975586,1608.400024414,1566.800048828,-4.4434,2026-06-30 14:55:11.423
Metales,XAU,4032.800048828,4051.800048828,3955.399902344,-2.2849,2026-06-30 08:55:11.331
Metales,XAG,58.959999084,60.084999084,57.064998627,-4.8265,2026-06-30 08:55:11.331
Metales,XPT,1587.0,1601.699951172,1566.800048828,-4.4494,2026-06-30 08:55:11.331
Metales,XPD,1230.5,1246.0,1203.0,-0.0163,2026-06-30 08:55:11.331
Metales,XAU,4063.699951172,4078.100097656,3955.399902344,-1.5362,2026-06-30 14:55:11.423
Metales,XAU,4032.800048828,4051.800048828,3955.399902344,-2.2849,2026-06-30 08:55:11.331
Metales,XAG,58.959999084,60.084999084,57.064998627,-4.8265,2026-06-30 08:55:11.331
Metales,XPT,1587.0,1601.699951172,1566.800048828,-4.4494,2026-06-30 08:55:11.331
Metales,XPD,1230.5,1246.0,1203.0,-0.0163,2026-06-30 08:55:11.331
Metales,XPD,1230.5,1246.0,1203.0,-0.0163,2026-06-30 08:55:11.331
Metales,XAG,58.959999084,60.084999084,57.064998627,-4.8265,2026-06-30 08:55:11.331
Metales,XAU,3973.199951172,4036.699951172,3955.399902344,-4.0012,2026-06-30 02:55:11.365
Metales,XAG,57.575000763,59.029998779,57.064998627,-12.1355,2026-06-30 02:55:11.365
Metales,XPT,1571.400024414,1601.699951172,1566.800048828,-5.9211,2026-06-30 02:55:11.365
Metales,XPD,1213.5,1233.0,1203.0,-3.4683,2026-06-30 02:55:11.365
Metales,XAU,4032.800048828,4051.800048828,3955.399902344,-2.2849,2026-06-30 08:55:11.331
Metales,XAU,3973.199951172,4036.699951172,3955.399902344,-4.0012,2026-06-30 02:55:11.365
Metales,XAG,57.575000763,59.029998779,57.064998627,-12.1355,2026-06-30 02:55:11.365
Metales,XPT,1571.400024414,1601.699951172,1566.800048828,-5.9211,2026-06-30 02:55:11.365
Metales,XPD,1213.5,1233.0,1203.0,-3.4683,2026-06-30 02:55:11.365
Metales,XAG,57.575000763,59.029998779,57.064998627,-12.1355,2026-06-30 02:55:11.365
Metales,XAU,4030.5,4102.899902344,4012.0,-2.6167,2026-06-29 20:55:10.971
Metales,XAG,58.700000763,59.924999237,57.840000153,-10.4186,2026-06-29 20:55:10.971
Metales,XPT,1593.199951172,1646.199951172,1579.0,-4.6159,2026-06-29 20:55:10.971
Metales,XPD,1223.5,1239.5,1202.5,-2.6728,2026-06-29 20:55:10.971
Metales,XPD,1213.5,1233.0,1203.0,-3.4683,2026-06-30 02:55:11.365
Metales,XAU,4030.5,4102.899902344,4012.0,-2.6167,2026-06-29 20:55:10.971
Metales,XAG,58.700000763,59.924999237,57.840000153,-10.4186,2026-06-29 20:55:10.971
Metales,XPT,1593.199951172,1646.199951172,1579.0,-4.6159,2026-06-29 20:55:10.971
Metales,XPD,1223.5,1239.5,1202.5,-2.6728,2026-06-29 20:55:10.971
Metales,XAU,3973.199951172,4036.699951172,3955.399902344,-4.0012,2026-06-30 02:55:11.365
Metales,XAU,4030.5,4102.899902344,4012.0,-2.6167,2026-06-29 20:55:10.971
Metales,XAG,58.700000763,59.924999237,57.840000153,-10.4186,2026-06-29 20:55:10.971
Metales,XPT,1593.199951172,1646.199951172,1579.0,-4.6159,2026-06-29 20:55:10.971
Metales,XPD,1223.5,1239.5,1202.5,-2.6728,2026-06-29 20:55:10.971
Metales,XPT,1593.199951172,1646.199951172,1579.0,-4.6159,2026-06-29 20:55:10.971
Metales,XAU,4035.800048828,4102.899902344,4012.0,-2.4886,2026-06-29 14:55:11.434
Metales,XAG,58.409999847,59.924999237,57.840000153,-10.8612,2026-06-29 14:55:11.434
Metales,XPT,1587.5,1646.199951172,1579.0,-4.9572,2026-06-29 14:55:11.434
Metales,XPD,1222.5,1239.5,1202.5,-2.7524,2026-06-29 14:55:11.434
Metales,XPD,1223.5,1239.5,1202.5,-2.6728,2026-06-29 20:55:10.971
Metales,XAU,4035.800048828,4102.899902344,4012.0,-2.4886,2026-06-29 14:55:11.434
Metales,XAG,58.409999847,59.924999237,57.840000153,-10.8612,2026-06-29 14:55:11.434
Metales,XPT,1587.5,1646.199951172,1579.0,-4.9572,2026-06-29 14:55:11.434
Metales,XPD,1222.5,1239.5,1202.5,-2.7524,2026-06-29 14:55:11.434
Metales,XAU,4035.800048828,4102.899902344,4012.0,-2.4886,2026-06-29 14:55:11.434
Metales,XAG,58.409999847,59.924999237,57.840000153,-10.8612,2026-06-29 14:55:11.434
Metales,XPT,1587.5,1646.199951172,1579.0,-4.9572,2026-06-29 14:55:11.434
Metales,XPD,1222.5,1239.5,1202.5,-2.7524,2026-06-29 14:55:11.434
Metales,XAG,58.700000763,59.924999237,57.840000153,-10.4186,2026-06-29 20:55:10.971
Metales,XAG,58.409999847,59.924999237,57.840000153,-10.8612,2026-06-29 14:55:11.434
Metales,XAU,4069.600097656,4102.899902344,4053.800048828,-1.672,2026-06-29 08:55:11.318
Metales,XAG,58.709999084,59.924999237,58.159999847,-10.4033,2026-06-29 08:55:11.318
Metales,XPT,1616.5,1646.199951172,1607.099975586,-3.221,2026-06-29 08:55:11.318
Metales,XPD,1235.0,1238.5,1202.5,-1.758,2026-06-29 08:55:11.318
Metales,XPD,1222.5,1239.5,1202.5,-2.7524,2026-06-29 14:55:11.434
Metales,XAU,4069.600097656,4102.899902344,4053.800048828,-1.672,2026-06-29 08:55:11.318
Metales,XAG,58.709999084,59.924999237,58.159999847,-10.4033,2026-06-29 08:55:11.318
Metales,XPT,1616.5,1646.199951172,1607.099975586,-3.221,2026-06-29 08:55:11.318
Metales,XPD,1235.0,1238.5,1202.5,-1.758,2026-06-29 08:55:11.318
Metales,XAU,4035.800048828,4102.899902344,4012.0,-2.4886,2026-06-29 14:55:11.434
Metales,XAG,58.709999084,59.924999237,58.159999847,-10.4033,2026-06-29 08:55:11.318
Metales,XAU,4075.199951172,4102.899902344,4062.600097656,-1.5367,2026-06-29 02:55:11.425
Metales,XAG,58.990001678,59.924999237,58.48500061,-9.976,2026-06-29 02:55:11.425
Metales,XPT,1642.599975586,1642.599975586,1619.199951172,-1.6584,2026-06-29 02:55:11.425
Metales,XPD,1226.0,1226.0,1202.5,-2.4739,2026-06-29 02:55:11.425
Metales,XPT,1616.5,1646.199951172,1607.099975586,-3.221,2026-06-29 08:55:11.318
Metales,XAU,4075.199951172,4102.899902344,4062.600097656,-1.5367,2026-06-29 02:55:11.425
Metales,XAG,58.990001678,59.924999237,58.48500061,-9.976,2026-06-29 02:55:11.425
Metales,XPT,1642.599975586,1642.599975586,1619.199951172,-1.6584,2026-06-29 02:55:11.425
Metales,XPD,1226.0,1226.0,1202.5,-2.4739,2026-06-29 02:55:11.425
Metales,XPD,1235.0,1238.5,1202.5,-1.758,2026-06-29 08:55:11.318
Metales,XAU,4075.199951172,4102.899902344,4062.600097656,-1.5367,2026-06-29 02:55:11.425
Metales,XAG,58.990001678,59.924999237,58.48500061,-9.976,2026-06-29 02:55:11.425
Metales,XPT,1642.599975586,1642.599975586,1619.199951172,-1.6584,2026-06-29 02:55:11.425
Metales,XPD,1226.0,1226.0,1202.5,-2.4739,2026-06-29 02:55:11.425
Metales,XAG,58.990001678,59.924999237,58.48500061,-9.976,2026-06-29 02:55:11.425
Metales,XAU,4096.299804688,4111.5,3998.100097656,-1.0269,2026-06-28 20:55:10.581
Metales,XAG,59.673999786,60.0,56.130001068,-8.9322,2026-06-28 20:55:10.581
Metales,XPT,1647.300048828,1654.699951172,1576.199951172,-1.377,2026-06-28 20:55:10.581
Metales,XPD,1220.400024414,1225.0,1165.0,-2.9194,2026-06-28 20:55:10.581
Metales,XAU,4075.199951172,4102.899902344,4062.600097656,-1.5367,2026-06-29 02:55:11.425
Metales,XAU,4096.299804688,4111.5,3998.100097656,-1.0269,2026-06-28 20:55:10.581
Metales,XAG,59.673999786,60.0,56.130001068,-8.9322,2026-06-28 20:55:10.581
Metales,XPT,1647.300048828,1654.699951172,1576.199951172,-1.377,2026-06-28 20:55:10.581
Metales,XPD,1220.400024414,1225.0,1165.0,-2.9194,2026-06-28 20:55:10.581
Metales,XAU,4096.299804688,4111.5,3998.100097656,-1.0269,2026-06-28 20:55:10.581
Metales,XAG,59.673999786,60.0,56.130001068,-8.9322,2026-06-28 20:55:10.581
Metales,XPT,1647.300048828,1654.699951172,1576.199951172,-1.377,2026-06-28 20:55:10.581
Metales,XPD,1220.400024414,1225.0,1165.0,-2.9194,2026-06-28 20:55:10.581
Metales,XPD,1226.0,1226.0,1202.5,-2.4739,2026-06-29 02:55:11.425
Metales,XPD,1220.400024414,1225.0,1165.0,-2.9194,2026-06-28 20:55:10.581
Metales,XAG,59.673999786,60.0,56.130001068,-8.9322,2026-06-28 20:55:10.581
Metales,XAU,4096.299804688,4111.5,3998.100097656,-1.0269,2026-06-28 14:55:11.292
Metales,XAG,59.673999786,60.0,56.130001068,-8.9322,2026-06-28 14:55:11.292
Metales,XPT,1647.300048828,1654.699951172,1576.199951172,-1.377,2026-06-28 14:55:11.292
Metales,XPD,1220.400024414,1225.0,1165.0,-2.9194,2026-06-28 14:55:11.292
Metales,XPT,1647.300048828,1654.699951172,1576.199951172,-1.377,2026-06-28 14:55:11.292
Metales,XPD,1220.400024414,1225.0,1165.0,-2.9194,2026-06-28 14:55:11.292
Metales,XAU,4096.299804688,4111.5,3998.100097656,-1.0269,2026-06-28 14:14:16.501
Metales,XPT,1647.300048828,1654.699951172,1576.199951172,-1.377,2026-06-28 14:14:16.501
Metales,XAU,4096.299804688,4111.5,3998.100097656,-1.0269,2026-06-28 13:43:48.942
Metales,XAG,59.673999786,60.0,56.130001068,-8.9322,2026-06-28 13:43:48.942
Metales,XPT,1647.300048828,1654.699951172,1576.199951172,-1.377,2026-06-28 13:43:48.942
Metales,XPD,1220.400024414,1225.0,1165.0,-2.9194,2026-06-28 13:43:48.942
Metales,XAG,59.673999786,60.0,56.130001068,-8.9322,2026-06-28 13:43:48.942
Metales,XPD,1220.400024414,1225.0,1165.0,-2.9194,2026-06-28 13:43:48.942
Metales,XAU,4096.299804688,4111.5,3998.100097656,-1.0269,2026-06-28 13:28:27.765
Metales,XAG,59.673999786,60.0,56.130001068,-8.9322,2026-06-28 13:28:27.765
Metales,XPT,1647.300048828,1654.699951172,1576.199951172,-1.377,2026-06-28 13:28:27.765
Metales,XPD,1220.400024414,1225.0,1165.0,-2.9194,2026-06-28 13:28:27.765
Metales,XAU,4078.699951172,4078.699951172,4078.699951172,-4.6988,2026-06-27 19:40:46.474
Metales,XAG,59.216999054,59.216999054,59.189998627,-10.6226,2026-06-27 19:40:46.474
Metales,XPT,1630.900024414,1630.900024414,1630.900024414,-4.3573,2026-06-27 19:40:46.474
Metales,XPD,1209.0,1209.0,1209.0,-5.1393,2026-06-27 19:40:46.474
Metales,XAU,4096.299804688,4111.5,3998.100097656,-1.0269,2026-06-28 13:28:27.765
Metales,XAG,59.673999786,60.0,56.130001068,-8.9322,2026-06-28 13:28:27.765
Metales,XPT,1647.300048828,1654.699951172,1576.199951172,-1.377,2026-06-28 13:28:27.765
Metales,XPD,1220.400024414,1225.0,1165.0,-2.9194,2026-06-28 13:28:27.765
Metales,XAU,4096.299804688,4111.5,3998.100097656,-1.0269,2026-06-28 13:43:48.942
Metales,XPT,1647.300048828,1654.699951172,1576.199951172,-1.377,2026-06-28 13:43:48.942
Metales,XAG,59.673999786,60.0,56.130001068,-8.9322,2026-06-28 14:14:16.501
Metales,XPD,1220.400024414,1225.0,1165.0,-2.9194,2026-06-28 14:14:16.501
Metales,XAU,4096.299804688,4111.5,3998.100097656,-1.0269,2026-06-28 14:27:07.591
Metales,XAG,59.673999786,60.0,56.130001068,-8.9322,2026-06-28 14:27:07.591
Metales,XPT,1647.300048828,1654.699951172,1576.199951172,-1.377,2026-06-28 14:27:07.591
Metales,XPD,1220.400024414,1225.0,1165.0,-2.9194,2026-06-28 14:27:07.591
Metales,XAU,4096.299804688,4111.5,3998.100097656,-1.0269,2026-06-28 14:27:07.591
Metales,XAG,59.673999786,60.0,56.130001068,-8.9322,2026-06-28 14:27:07.591
Metales,XPT,1647.300048828,1654.699951172,1576.199951172,-1.377,2026-06-28 14:27:07.591
Metales,XPD,1220.400024414,1225.0,1165.0,-2.9194,2026-06-28 14:27:07.591
Metales,XAG,59.673999786,60.0,56.130001068,-8.9322,2026-06-28 14:55:11.292
Metales,XAU,4096.299804688,4111.5,3998.100097656,-1.0269,2026-06-28 14:27:07.591
Metales,XAG,59.673999786,60.0,56.130001068,-8.9322,2026-06-28 14:27:07.591
Metales,XPT,1647.300048828,1654.699951172,1576.199951172,-1.377,2026-06-28 14:27:07.591
Metales,XPD,1220.400024414,1225.0,1165.0,-2.9194,2026-06-28 14:27:07.591
Metales,XAU,4096.299804688,4111.5,3998.100097656,-1.0269,2026-06-28 14:27:07.591
Metales,XAG,59.673999786,60.0,56.130001068,-8.9322,2026-06-28 14:27:07.591
Metales,XPT,1647.300048828,1654.699951172,1576.199951172,-1.377,2026-06-28 14:27:07.591
Metales,XPD,1220.400024414,1225.0,1165.0,-2.9194,2026-06-28 14:27:07.591
Metales,XAU,4096.299804688,4111.5,3998.100097656,-1.0269,2026-06-28 14:55:11.292
Metales,XPT,1647.300048828,1654.699951172,1576.199951172,-1.377,2026-06-28 20:55:10.581
Metales,XAU,4096.299804688,4111.5,3998.100097656,-1.0269,2026-06-28 14:55:11.292
Metales,XAG,59.673999786,60.0,56.130001068,-8.9322,2026-06-28 14:55:11.292
Metales,XPT,1647.300048828,1654.699951172,1576.199951172,-1.377,2026-06-28 14:55:11.292
Metales,XPD,1220.400024414,1225.0,1165.0,-2.9194,2026-06-28 14:55:11.292
Metales,XAU,4096.299804688,4111.5,3998.100097656,-1.0269,2026-06-28 14:55:11.292
Metales,XAG,59.673999786,60.0,56.130001068,-8.9322,2026-06-28 14:55:11.292
Metales,XPT,1647.300048828,1654.699951172,1576.199951172,-1.377,2026-06-28 14:55:11.292
Metales,XPD,1220.400024414,1225.0,1165.0,-2.9194,2026-06-28 14:55:11.292
Metales,XAU,4096.299804688,4111.5,3998.100097656,-1.0269,2026-06-28 20:55:10.581
Metales,XPT,1642.599975586,1642.599975586,1619.199951172,-1.6584,2026-06-29 02:55:11.425
Metales,XAU,4069.600097656,4102.899902344,4053.800048828,-1.672,2026-06-29 08:55:11.318
Metales,XAU,4069.600097656,4102.899902344,4053.800048828,-1.672,2026-06-29 08:55:11.318
Metales,XAG,58.709999084,59.924999237,58.159999847,-10.4033,2026-06-29 08:55:11.318
Metales,XPT,1616.5,1646.199951172,1607.099975586,-3.221,2026-06-29 08:55:11.318
Metales,XPD,1235.0,1238.5,1202.5,-1.758,2026-06-29 08:55:11.318
Metales,XPT,1587.5,1646.199951172,1579.0,-4.9572,2026-06-29 14:55:11.434
Metales,XAU,4030.5,4102.899902344,4012.0,-2.6167,2026-06-29 20:55:10.971
Metales,XPT,1571.400024414,1601.699951172,1566.800048828,-5.9211,2026-06-30 02:55:11.365
Metales,XAU,3973.199951172,4036.699951172,3955.399902344,-4.0012,2026-06-30 02:55:11.365
Metales,XAG,57.575000763,59.029998779,57.064998627,-12.1355,2026-06-30 02:55:11.365
Metales,XPT,1571.400024414,1601.699951172,1566.800048828,-5.9211,2026-06-30 02:55:11.365
Metales,XPD,1213.5,1233.0,1203.0,-3.4683,2026-06-30 02:55:11.365
Metales,XPT,1587.0,1601.699951172,1566.800048828,-4.4494,2026-06-30 08:55:11.331
Metales,XAU,4032.800048828,4051.800048828,3955.399902344,-2.2849,2026-06-30 08:55:11.331
Metales,XAG,58.959999084,60.084999084,57.064998627,-4.8265,2026-06-30 08:55:11.331
Metales,XPT,1587.0,1601.699951172,1566.800048828,-4.4494,2026-06-30 08:55:11.331
Metales,XPD,1230.5,1246.0,1203.0,-0.0163,2026-06-30 08:55:11.331
Metales,XPD,1225.0,1250.5,1203.0,-0.4632,2026-06-30 14:55:11.423
Metales,XAU,4063.699951172,4078.100097656,3955.399902344,-1.5362,2026-06-30 14:55:11.423
Metales,XAG,60.685001373,60.909999847,57.064998627,-2.042,2026-06-30 14:55:11.423
Metales,XPT,1587.099975586,1608.400024414,1566.800048828,-4.4434,2026-06-30 14:55:11.423
Metales,XPD,1225.0,1250.5,1203.0,-0.4632,2026-06-30 14:55:11.423
Metales,XAU,4025.800048828,4078.100097656,3955.399902344,-2.4545,2026-06-30 20:55:11.137
Metales,XPT,1551.400024414,1567.5,1542.5,-6.5928,2026-07-01 02:55:11.380
Metales,XAU,3996.100097656,4032.0,3983.0,-3.1741,2026-07-01 02:55:11.380
Metales,XAG,58.299999237,59.340000153,57.919998169,-5.8918,2026-07-01 02:55:11.380
Metales,XPT,1551.400024414,1567.5,1542.5,-6.5928,2026-07-01 02:55:11.380
Metales,XPD,1203.0,1219.0,1199.5,-2.2508,2026-07-01 02:55:11.380
Metales,XAU,3990.199951172,4032.0,3973.0,-2.7824,2026-07-01 08:55:11.441
Metales,XPT,1607.199951172,1619.0,1539.599975586,1.6829,2026-07-01 14:55:12.045
Metales,XPT,1586.400024414,1619.0,1539.599975586,0.3669,2026-07-01 20:55:11.020
Metales,XAG,60.494998932,60.625,59.415000916,1.8606,2026-07-02 02:55:11.559
Metales,XAU,4088.399902344,4092.5,4042.800048828,2.5073,2026-07-02 08:55:11.503
Metales,XPT,1628.900024414,1631.400024414,1582.599975586,1.6982,2026-07-02 08:55:11.503
Metales,XAG,60.619998932,60.865001678,59.415000916,3.828,2026-07-02 08:55:11.503
Metales,XPD,1237.0,1239.0,1217.0,4.9194,2026-07-02 08:55:11.503
Metales,XAU,4131.100097656,4157.100097656,4042.800048828,3.5779,2026-07-02 14:55:11.310
Metales,XPT,1629.900024414,1649.0,1582.599975586,1.7606,2026-07-02 14:55:11.310
Metales,XAU,4131.100097656,4157.100097656,4042.800048828,3.5779,2026-07-02 14:55:11.310
Metales,XAG,61.759998322,62.580001831,59.415000916,5.7806,2026-07-02 14:55:11.310
Metales,XPT,1629.900024414,1649.0,1582.599975586,1.7606,2026-07-02 14:55:11.310
Metales,XPD,1270.0,1282.5,1217.0,7.7184,2026-07-02 14:55:11.310
Metales,XAU,4131.100097656,4157.100097656,4042.800048828,3.5779,2026-07-02 14:55:11.310
Metales,XAG,61.759998322,62.580001831,59.415000916,5.7806,2026-07-02 14:55:11.310
Metales,XPT,1629.900024414,1649.0,1582.599975586,1.7606,2026-07-02 14:55:11.310
Metales,XPD,1270.0,1282.5,1217.0,7.7184,2026-07-02 14:55:11.310
Metales,XAG,61.330001831,62.580001831,59.415000916,5.0441,2026-07-02 20:55:10.538
Metales,XPD,1268.5,1282.5,1217.0,7.5912,2026-07-02 20:55:10.538
Metales,XAU,4133.399902344,4157.100097656,4042.800048828,3.6355,2026-07-02 20:55:10.538
Metales,XAG,61.330001831,62.580001831,59.415000916,5.0441,2026-07-02 20:55:10.538
Metales,XPT,1631.199951172,1649.0,1582.599975586,1.8418,2026-07-02 20:55:10.538
Metales,XPD,1268.5,1282.5,1217.0,7.5912,2026-07-02 20:55:10.538
Metales,XAU,4133.399902344,4157.100097656,4042.800048828,3.6355,2026-07-02 20:55:10.538
Metales,XPT,1631.199951172,1649.0,1582.599975586,1.8418,2026-07-02 20:55:10.538
Metales,XAU,4196.399902344,4208.299804688,4133.799804688,5.2151,2026-07-03 02:55:11.474
Metales,XAG,63.01499939,63.095001221,61.384998322,7.9301,2026-07-03 02:55:11.474
Metales,XPT,1670.800048828,1674.199951172,1630.400024414,4.3142,2026-07-03 02:55:11.474
Metales,XPD,1288.0,1294.5,1269.5,9.2451,2026-07-03 02:55:11.474
Metales,XAU,4196.399902344,4208.299804688,4133.799804688,5.2151,2026-07-03 02:55:11.474
Metales,XAG,63.01499939,63.095001221,61.384998322,7.9301,2026-07-03 02:55:11.474
Metales,XPT,1670.800048828,1674.199951172,1630.400024414,4.3142,2026-07-03 02:55:11.474
Metales,XPD,1288.0,1294.5,1269.5,9.2451,2026-07-03 02:55:11.474
Metales,XAU,4196.399902344,4208.299804688,4133.799804688,5.2151,2026-07-03 02:55:11.474
Metales,XAG,63.01499939,63.095001221,61.384998322,7.9301,2026-07-03 02:55:11.474
Metales,XPT,1670.800048828,1674.199951172,1630.400024414,4.3142,2026-07-03 02:55:11.474
Metales,XPD,1288.0,1294.5,1269.5,9.2451,2026-07-03 02:55:11.474
Metales,XAG,63.165000916,63.349998474,61.384998322,8.187,2026-07-03 08:55:10.933
Metales,XPT,1658.199951172,1675.099975586,1630.400024414,3.5275,2026-07-03 14:55:11.486
Metales,XAU,4176.299804688,4208.299804688,4133.799804688,4.7112,2026-07-03 14:55:11.486
Metales,XAU,4187.299804688,4208.299804688,4133.799804688,4.987,2026-07-03 20:55:11.693
Metales,XAG,62.814998627,63.349998474,61.384998322,7.5876,2026-07-03 20:55:11.693
Metales,XPT,1651.900024414,1675.099975586,1630.400024414,3.1342,2026-07-03 20:55:11.693
Metales,XPD,1272.5,1294.5,1269.5,7.9304,2026-07-03 20:55:11.693
Metales,XAU,4187.299804688,4208.299804688,4133.799804688,4.987,2026-07-03 20:55:11.693
Metales,XAG,62.814998627,63.349998474,61.384998322,7.5876,2026-07-03 20:55:11.693
Metales,XPT,1651.900024414,1675.099975586,1630.400024414,3.1342,2026-07-03 20:55:11.693
Metales,XPD,1272.5,1294.5,1269.5,7.9304,2026-07-03 20:55:11.693
Metales,XPT,1651.900024414,1675.099975586,1630.400024414,3.1342,2026-07-04 02:55:11.287
Metales,XPT,1651.900024414,1675.099975586,1630.400024414,3.1342,2026-07-04 08:55:10.486
Metales,XAU,4187.299804688,4208.299804688,4133.799804688,4.987,2026-07-04 14:55:11.817
Metales,XAU,4187.299804688,4208.299804688,4133.799804688,4.987,2026-07-04 14:55:11.817
Metales,XPT,1651.900024414,1675.099975586,1630.400024414,3.1342,2026-07-04 14:55:11.817
Metales,XAU,4187.299804688,4208.299804688,4133.799804688,4.987,2026-07-04 14:55:11.817
Metales,XAG,62.814998627,63.349998474,61.384998322,7.5876,2026-07-04 14:55:11.817
Metales,XPT,1651.900024414,1675.099975586,1630.400024414,3.1342,2026-07-04 14:55:11.817
Metales,XPD,1272.5,1294.5,1269.5,7.9304,2026-07-04 14:55:11.817
Metales,XAU,4187.299804688,4208.299804688,4133.799804688,4.987,2026-07-04 20:55:11.283
Metales,XPT,1651.900024414,1675.099975586,1630.400024414,3.1342,2026-07-04 20:55:11.283
Metales,XAG,62.814998627,63.349998474,61.384998322,7.5876,2026-07-04 20:55:11.283
Metales,XPD,1272.5,1294.5,1269.5,7.9304,2026-07-04 20:55:11.283
Metales,XAU,4187.299804688,4208.299804688,4133.799804688,4.987,2026-07-05 02:55:11.044
Metales,XPT,1651.900024414,1675.099975586,1630.400024414,3.1342,2026-07-05 02:55:11.044
Metales,XAU,4187.299804688,4208.299804688,4133.799804688,4.987,2026-07-05 02:55:11.044
Metales,XAG,62.814998627,63.349998474,61.384998322,7.5876,2026-07-05 02:55:11.044
Metales,XPT,1651.900024414,1675.099975586,1630.400024414,3.1342,2026-07-05 02:55:11.044
Metales,XPD,1272.5,1294.5,1269.5,7.9304,2026-07-05 02:55:11.044
Metales,XAG,62.814998627,63.349998474,61.384998322,6.1243,2026-07-05 08:55:10.883
Metales,XAU,4187.299804688,4208.299804688,4133.799804688,2.6626,2026-07-05 08:55:10.883
Metales,XAG,62.814998627,63.349998474,61.384998322,6.1243,2026-07-05 08:55:10.883
Metales,XPT,1651.900024414,1675.099975586,1630.400024414,1.2876,2026-07-05 08:55:10.883
Metales,XPD,1272.5,1294.5,1269.5,5.2523,2026-07-05 08:55:10.883
Metales,XAG,62.814998627,63.349998474,61.384998322,6.1243,2026-07-05 14:55:11.146
Metales,XPT,1651.900024414,1675.099975586,1630.400024414,1.2876,2026-07-05 20:55:11.142
Metales,XAU,4187.299804688,4208.299804688,4133.799804688,2.6626,2026-07-05 20:55:11.142
Metales,XPT,1651.900024414,1675.099975586,1630.400024414,1.2876,2026-07-05 20:55:11.142
Metales,XAU,4187.299804688,4208.299804688,4133.799804688,2.6626,2026-07-05 20:55:11.142
Metales,XAG,62.814998627,63.349998474,61.384998322,6.1243,2026-07-05 20:55:11.142
Metales,XPT,1651.900024414,1675.099975586,1630.400024414,1.2876,2026-07-05 20:55:11.142
Metales,XPD,1272.5,1294.5,1269.5,5.2523,2026-07-05 20:55:11.142
Metales,XAG,62.384998322,63.729999542,61.384998322,5.3979,2026-07-06 02:55:11.521
Metales,XPD,1269.0,1294.5,1267.5,4.9628,2026-07-06 02:55:11.521
Metales,XAU,4184.899902344,4215.5,4133.799804688,2.6038,2026-07-06 02:55:11.521
Metales,XAG,62.384998322,63.729999542,61.384998322,5.3979,2026-07-06 02:55:11.521
Metales,XPT,1645.400024414,1675.099975586,1630.400024414,0.8891,2026-07-06 02:55:11.521
Metales,XPD,1269.0,1294.5,1267.5,4.9628,2026-07-06 02:55:11.521
Metales,XAU,4161.0,4215.5,4133.799804688,2.5508,2026-07-06 08:55:11.391
Metales,XPT,1644.400024414,1675.099975586,1630.400024414,2.0036,2026-07-06 08:55:11.391
Metales,XPD,1273.0,1294.5,1259.5,5.9068,2026-07-06 14:55:11.450
Metales,XPT,1633.599975586,1675.099975586,1620.699951172,1.3337,2026-07-06 14:55:11.450
Metales,XAU,4175.0,4215.5,4133.799804688,2.8959,2026-07-06 20:55:11.696
Metales,XAG,62.465000153,63.729999542,61.384998322,6.4502,2026-07-06 20:55:11.696
Metales,XPT,1641.199951172,1675.099975586,1620.699951172,1.8051,2026-07-06 20:55:11.696
Metales,XPD,1273.5,1294.5,1259.5,5.9484,2026-07-06 20:55:11.696
Metales,XAU,4175.0,4215.5,4133.799804688,2.8959,2026-07-06 20:55:11.696
Metales,XAG,62.465000153,63.729999542,61.384998322,6.4502,2026-07-06 20:55:11.696
Metales,XPT,1641.199951172,1675.099975586,1620.699951172,1.8051,2026-07-06 20:55:11.696
Metales,XPD,1273.5,1294.5,1259.5,5.9484,2026-07-06 20:55:11.696
Metales,XPD,1274.0,1278.0,1263.0,5.99,2026-07-07 02:55:11.052
Metales,XPT,1642.099975586,1648.800048828,1627.400024414,1.8609,2026-07-07 02:55:11.052
Metales,XAU,4141.799804688,4179.5,4127.700195312,2.0776,2026-07-07 08:55:11.633
Metales,XAG,61.450000763,62.590000153,60.709999084,4.7205,2026-07-07 08:55:11.633
Metales,XPT,1641.0,1648.800048828,1613.099975586,1.7927,2026-07-07 08:55:11.633
Metales,XPD,1268.5,1278.0,1250.5,5.5324,2026-07-07 08:55:11.633
Metales,XPD,1274.0,1291.5,1250.5,5.99,2026-07-07 14:55:12.229
Metales,XPD,1268.5,1291.5,1250.5,5.5324,2026-07-07 20:55:12.069
Metales,XAU,4116.899902344,4192.399902344,4102.700195312,1.464,2026-07-07 20:55:12.069
Metales,XAG,60.400001526,62.590000153,59.849998474,2.9312,2026-07-07 20:55:12.069
Metales,XPT,1645.199951172,1673.5,1613.099975586,2.0532,2026-07-07 20:55:12.069
Metales,XPD,1268.5,1291.5,1250.5,5.5324,2026-07-07 20:55:12.069
Metales,XPT,1642.900024414,1653.0,1628.199951172,1.9106,2026-07-08 02:55:11.750
Metales,XAG,60.555000305,60.720001221,60.009998322,3.1953,2026-07-08 02:55:11.750
Metales,XAU,4077.300048828,4144.700195312,4071.5,1.8663,2026-07-08 08:55:11.378
Metales,XAG,59.220001221,61.455001831,59.11000061,1.5084,2026-07-08 08:55:11.378
Metales,XPT,1601.5,1653.0,1598.199951172,1.7407,2026-07-08 08:55:11.378
Metales,XPD,1229.0,1277.5,1228.0,2.4167,2026-07-08 08:55:11.378
Metales,XPD,1229.0,1277.5,1228.0,2.4167,2026-07-08 08:55:11.378
Metales,XAU,4047.699951172,4144.700195312,4045.100097656,1.1268,2026-07-08 14:55:11.951
Metales,XAG,58.044998169,61.455001831,58.029998779,-0.5057,2026-07-08 14:55:11.951
Metales,XPT,1586.800048828,1653.0,1572.900024414,0.8068,2026-07-08 14:55:11.951
Metales,XPD,1223.5,1277.5,1206.0,1.9583,2026-07-08 14:55:11.951
Metales,XAU,4084.600097656,4144.700195312,4032.5,2.0487,2026-07-08 20:55:11.958
Metales,XAU,4084.600097656,4144.700195312,4032.5,2.0487,2026-07-08 20:55:11.958
Metales,XAG,58.555000305,61.455001831,57.604999542,0.3685,2026-07-08 20:55:11.958
Metales,XPT,1588.5,1653.0,1572.900024414,0.9148,2026-07-08 20:55:11.958
Metales,XPD,1219.5,1277.5,1206.0,1.625,2026-07-08 20:55:11.958
Metales,XAU,4084.600097656,4144.700195312,4032.5,2.0487,2026-07-08 20:55:11.958
Metales,XAG,58.555000305,61.455001831,57.604999542,0.3685,2026-07-08 20:55:11.958
Metales,XPT,1588.5,1653.0,1572.900024414,0.9148,2026-07-08 20:55:11.958
Metales,XPD,1219.5,1277.5,1206.0,1.625,2026-07-08 20:55:11.958
Metales,XAU,4079.800048828,4099.100097656,4071.399902344,1.9287,2026-07-09 02:55:10.625
Metales,XPT,1601.699951172,1612.5,1584.900024414,1.7534,2026-07-09 02:55:10.625
Metales,XAU,4079.800048828,4099.100097656,4071.399902344,1.9287,2026-07-09 02:55:10.625
Metales,XAG,58.520000458,58.974998474,58.185001373,0.3085,2026-07-09 02:55:10.625
Metales,XPT,1601.699951172,1612.5,1584.900024414,1.7534,2026-07-09 02:55:10.625
Metales,XPD,1228.0,1235.0,1217.0,2.3333,2026-07-09 02:55:10.625
Metales,XAG,59.705001831,59.854999542,57.955001831,1.427,2026-07-09 08:55:11.938
Metales,XPD,1252.0,1254.5,1217.0,3.2322,2026-07-09 08:55:11.938
Metales,XPT,1636.900024414,1640.199951172,1584.900024414,6.8961,2026-07-09 14:55:11.868
Metales,XPT,1622.300048828,1642.099975586,1584.900024414,5.9427,2026-07-09 20:55:11.704
Metales,XAG,60.380001068,61.029998779,57.955001831,2.5737,2026-07-09 20:55:11.704
Metales,XPD,1252.5,1263.0,1217.0,3.2734,2026-07-09 20:55:11.704
Metales,XAU,4133.399902344,4148.399902344,4063.399902344,2.9977,2026-07-09 20:55:11.704
Metales,XAG,60.380001068,61.029998779,57.955001831,2.5737,2026-07-09 20:55:11.704
Metales,XPT,1622.300048828,1642.099975586,1584.900024414,5.9427,2026-07-09 20:55:11.704
Metales,XPD,1252.5,1263.0,1217.0,3.2734,2026-07-09 20:55:11.704
Metales,XAG,60.715000153,60.784999847,60.150001526,3.1428,2026-07-10 02:55:11.348
Metales,XPD,1268.5,1268.5,1250.5,4.5927,2026-07-10 02:55:11.348
Metales,XAG,60.715000153,60.784999847,60.150001526,3.1428,2026-07-10 02:55:11.348
Metales,XPD,1268.5,1268.5,1250.5,4.5927,2026-07-10 02:55:11.348
Metales,XAU,4135.200195312,4140.799804688,4118.299804688,3.0425,2026-07-10 02:55:11.348
Metales,XAG,60.715000153,60.784999847,60.150001526,3.1428,2026-07-10 02:55:11.348
Metales,XPT,1642.0,1643.199951172,1614.400024414,7.2292,2026-07-10 02:55:11.348
Metales,XPD,1268.5,1268.5,1250.5,4.5927,2026-07-10 02:55:11.348
Metales,XAU,4110.0,4144.600097656,4108.200195312,1.0449,2026-07-10 08:55:11.424
Metales,XPT,1626.800048828,1652.5,1614.400024414,0.1046,2026-07-10 08:55:11.424
Metales,XPT,1632.0,1652.5,1614.400024414,0.4246,2026-07-10 14:55:10.863
Metales,XAU,4108.799804688,4144.600097656,4081.699951172,1.0154,2026-07-10 14:55:10.863
Metales,XPT,1632.0,1652.5,1614.400024414,0.4246,2026-07-10 14:55:10.863
Metales,XAU,4120.399902344,4144.600097656,4081.699951172,1.3006,2026-07-10 20:55:11.330
Metales,XPT,1638.699951172,1652.5,1614.400024414,0.8369,2026-07-10 20:55:11.330
Metales,XAU,4120.399902344,4144.600097656,4081.699951172,1.3006,2026-07-10 20:55:11.330
Metales,XAG,60.189998627,61.194999695,59.244998932,1.2107,2026-07-10 20:55:11.330
Metales,XPT,1638.699951172,1652.5,1614.400024414,0.8369,2026-07-10 20:55:11.330
Metales,XPD,1280.0,1289.0,1250.5,1.4343,2026-07-10 20:55:11.330
Metales,XPT,1638.599975586,1652.5,1614.400024414,0.8307,2026-07-11 02:55:11.182
Metales,XAG,60.299999237,61.194999695,59.244998932,1.3957,2026-07-11 02:55:11.182
Metales,XAU,4104.100097656,4125.799804688,4090.600097656,0.8998,2026-07-11 08:55:11.136
Metales,XAG,59.808998108,60.345001221,59.720001221,0.57,2026-07-11 08:55:11.136
Metales,XPT,1618.099975586,1618.099975586,1618.099975586,-0.4307,2026-07-11 08:55:11.136
Metales,XPD,1266.300048828,1266.300048828,1266.300048828,0.3487,2026-07-11 08:55:11.136
Metales,XAG,59.808998108,60.345001221,59.720001221,0.57,2026-07-11 14:55:11.032
Oil,WTI,71.410003662,73.160003662,70.769996643,4.9684,2026-07-11 14:55:11.032
Oil,BRENT,76.010002136,77.559997559,75.309997559,6.9208,2026-07-11 14:55:11.032
Oil,WTI,71.410003662,73.160003662,70.769996643,4.9684,2026-07-11 14:55:11.032
Oil,BRENT,76.010002136,77.559997559,75.309997559,6.9208,2026-07-11 14:55:11.032
Oil,WTI,71.410003662,73.160003662,70.769996643,4.9684,2026-07-11 14:55:11.032
Oil,WTI,71.410003662,73.160003662,70.769996643,4.9684,2026-07-11 08:55:11.136
Oil,BRENT,76.010002136,77.559997559,75.309997559,6.9208,2026-07-11 08:55:11.136
Oil,BRENT,76.010002136,77.559997559,75.309997559,6.9208,2026-07-11 14:55:11.032
Oil,WTI,71.510002136,73.160003662,70.769996643,5.1154,2026-07-11 02:55:11.182
Oil,BRENT,76.0,77.559997559,75.309997559,6.9067,2026-07-11 02:55:11.182
Oil,WTI,71.510002136,73.160003662,70.769996643,5.1154,2026-07-11 02:55:11.182
Oil,BRENT,76.0,77.559997559,75.309997559,6.9067,2026-07-11 02:55:11.182
Oil,BRENT,76.0,77.559997559,75.309997559,6.9067,2026-07-11 02:55:11.182
Oil,WTI,71.519996643,73.160003662,70.769996643,5.1301,2026-07-10 20:55:11.330
Oil,BRENT,75.959999084,77.559997559,75.309997559,6.8505,2026-07-10 20:55:11.330
Oil,WTI,71.519996643,73.160003662,70.769996643,5.1301,2026-07-10 20:55:11.330
Oil,BRENT,75.959999084,77.559997559,75.309997559,6.8505,2026-07-10 20:55:11.330
Oil,BRENT,76.0,77.559997559,75.309997559,6.9067,2026-07-11 02:55:11.182
Oil,WTI,71.519996643,73.160003662,70.769996643,5.1301,2026-07-10 20:55:11.330
Oil,WTI,71.989997864,73.160003662,71.160003662,5.821,2026-07-10 14:55:10.863
Oil,BRENT,76.5,77.559997559,75.349998474,7.6101,2026-07-10 14:55:10.863
Oil,BRENT,76.5,77.559997559,75.349998474,7.6101,2026-07-10 14:55:10.863
Oil,WTI,71.989997864,73.160003662,71.160003662,5.821,2026-07-10 14:55:10.863
Oil,WTI,71.959999084,72.559997559,71.160003662,5.7769,2026-07-10 08:55:11.424
Oil,BRENT,76.180000305,76.839996338,75.349998474,7.1599,2026-07-10 08:55:11.424
Oil,WTI,71.959999084,72.559997559,71.160003662,5.7769,2026-07-10 08:55:11.424
Oil,BRENT,76.180000305,76.839996338,75.349998474,7.1599,2026-07-10 08:55:11.424
Oil,BRENT,76.180000305,76.839996338,75.349998474,7.1599,2026-07-10 08:55:11.424
Oil,WTI,72.309997559,72.330001831,71.220001221,3.3295,2026-07-10 02:55:11.348
Oil,BRENT,76.480003357,76.519996643,75.910003662,4.2246,2026-07-10 02:55:11.348
Oil,WTI,72.309997559,72.330001831,71.220001221,3.3295,2026-07-10 02:55:11.348
Oil,BRENT,76.480003357,76.519996643,75.910003662,4.2246,2026-07-10 02:55:11.348
Oil,BRENT,76.180000305,76.839996338,75.349998474,7.1599,2026-07-10 08:55:11.424
Oil,WTI,71.849998474,75.129997253,71.419998169,2.6722,2026-07-09 20:55:11.704
Oil,BRENT,76.080001831,79.379997253,75.599998474,3.6795,2026-07-09 20:55:11.704
Oil,WTI,71.849998474,75.129997253,71.419998169,2.6722,2026-07-09 20:55:11.704
Oil,BRENT,76.080001831,79.379997253,75.599998474,3.6795,2026-07-09 20:55:11.704
Oil,WTI,72.800003052,75.129997253,72.370002747,4.0297,2026-07-09 14:55:11.868
Oil,BRENT,77.410003662,79.379997253,76.769996643,5.492,2026-07-09 14:55:11.868
Oil,BRENT,76.080001831,79.379997253,75.599998474,3.6795,2026-07-09 20:55:11.704
Oil,WTI,72.800003052,75.129997253,72.370002747,4.0297,2026-07-09 14:55:11.868
Oil,BRENT,77.410003662,79.379997253,76.769996643,5.492,2026-07-09 14:55:11.868
Oil,BRENT,77.410003662,79.379997253,76.769996643,5.492,2026-07-09 14:55:11.868
Oil,WTI,72.870002747,75.129997253,72.370002747,4.1298,2026-07-09 08:55:11.938
Oil,BRENT,77.279998779,79.379997253,76.769996643,5.3148,2026-07-09 08:55:11.938
Oil,WTI,72.870002747,75.129997253,72.370002747,4.1298,2026-07-09 08:55:11.938
Oil,BRENT,77.279998779,79.379997253,76.769996643,5.3148,2026-07-09 08:55:11.938
Oil,BRENT,77.410003662,79.379997253,76.769996643,5.492,2026-07-09 14:55:11.868
Oil,WTI,74.440002441,75.129997253,73.879997253,5.6936,2026-07-09 02:55:10.625
Oil,BRENT,78.970001221,79.379997253,78.370002747,8.6245,2026-07-09 02:55:10.625
Oil,WTI,74.830001831,76.080001831,71.75,6.2473,2026-07-08 20:55:11.958
Oil,BRENT,79.36000061,80.569999695,75.449996948,9.1609,2026-07-08 20:55:11.958
Oil,WTI,74.440002441,75.129997253,73.879997253,5.6936,2026-07-09 02:55:10.625
Oil,WTI,74.830001831,76.080001831,71.75,6.2473,2026-07-08 20:55:11.958
Oil,BRENT,79.36000061,80.569999695,75.449996948,9.1609,2026-07-08 20:55:11.958
Oil,WTI,74.830001831,76.080001831,71.75,6.2473,2026-07-08 20:55:11.958
Oil,WTI,75.349998474,75.790000916,71.75,6.9857,2026-07-08 14:55:11.951
Oil,BRENT,79.489997864,79.930000305,75.449996948,9.3398,2026-07-08 14:55:11.951
Oil,WTI,75.349998474,75.790000916,71.75,6.9857,2026-07-08 14:55:11.951
Oil,BRENT,79.489997864,79.930000305,75.449996948,9.3398,2026-07-08 14:55:11.951
Oil,WTI,74.830001831,76.080001831,71.75,6.2473,2026-07-08 20:55:11.958
Oil,WTI,75.349998474,75.790000916,71.75,6.9857,2026-07-08 14:55:11.951
Oil,BRENT,79.489997864,79.930000305,75.449996948,9.3398,2026-07-08 14:55:11.951
Oil,WTI,74.669998169,74.910003662,71.75,6.0202,2026-07-08 08:55:11.378
Oil,BRENT,78.5,78.769996643,75.449996948,7.978,2026-07-08 08:55:11.378
Oil,BRENT,78.5,78.769996643,75.449996948,7.978,2026-07-08 08:55:11.378
Oil,BRENT,78.5,78.769996643,75.449996948,7.978,2026-07-08 08:55:11.378
Oil,WTI,72.120002747,72.720001221,71.75,2.2979,2026-07-08 02:55:11.750
Oil,BRENT,75.849998474,76.430000305,75.449996948,3.6627,2026-07-08 02:55:11.750
Oil,BRENT,75.849998474,76.430000305,75.449996948,3.6627,2026-07-08 02:55:11.750
Oil,WTI,72.180000305,72.510002136,68.580001831,2.383,2026-07-07 20:55:12.069
Oil,BRENT,75.870002747,76.349998474,72.059997559,3.69,2026-07-07 20:55:12.069
Oil,WTI,72.180000305,72.510002136,68.580001831,2.383,2026-07-07 20:55:12.069
Oil,BRENT,75.870002747,76.349998474,72.059997559,3.69,2026-07-07 20:55:12.069
Oil,WTI,72.120002747,72.720001221,71.75,2.2979,2026-07-08 02:55:11.750
Oil,WTI,69.319999695,69.629997253,68.580001831,-1.6738,2026-07-07 08:55:11.633
Oil,BRENT,72.870002747,73.13999939,72.059997559,-0.41,2026-07-07 08:55:11.633
Oil,WTI,69.089996338,69.319999695,68.580001831,-2.0,2026-07-07 02:55:11.052
Oil,BRENT,72.550003052,72.739997864,72.059997559,-0.8473,2026-07-07 02:55:11.052
Oil,WTI,69.089996338,69.319999695,68.580001831,-2.0,2026-07-07 02:55:11.052
Oil,WTI,68.669998169,69.260002136,67.819999695,-2.5957,2026-07-06 20:55:11.696
Oil,BRENT,72.080001831,72.589996338,71.029998779,-1.4897,2026-07-06 20:55:11.696
Oil,WTI,68.669998169,69.260002136,67.819999695,-2.5957,2026-07-06 20:55:11.696
Oil,BRENT,72.080001831,72.589996338,71.029998779,-1.4897,2026-07-06 20:55:11.696
Oil,BRENT,72.080001831,72.589996338,71.029998779,-1.4897,2026-07-06 20:55:11.696
Oil,WTI,68.669998169,69.260002136,67.819999695,-2.5957,2026-07-06 20:55:11.696
Oil,WTI,68.38999939,69.260002136,67.819999695,-2.9929,2026-07-06 08:55:11.391
Oil,BRENT,71.730003357,72.489997864,71.029998779,-1.968,2026-07-06 08:55:11.391
Oil,WTI,68.38999939,69.260002136,67.819999695,-2.9929,2026-07-06 08:55:11.391
Oil,WTI,68.38999939,69.260002136,67.819999695,-2.9929,2026-07-06 08:55:11.391
Oil,BRENT,71.730003357,72.489997864,71.029998779,-1.968,2026-07-06 08:55:11.391
Oil,BRENT,71.730003357,72.489997864,71.029998779,-1.968,2026-07-06 08:55:11.391
Oil,WTI,68.830001831,69.260002136,68.080001831,-3.6534,2026-07-06 02:55:11.521
Oil,BRENT,72.150001526,72.489997864,71.339996338,-3.723,2026-07-06 02:55:11.521
Oil,WTI,68.38999939,69.260002136,67.819999695,-2.9929,2026-07-06 08:55:11.391
Oil,BRENT,72.150001526,72.489997864,71.339996338,-3.723,2026-07-06 02:55:11.521
Oil,WTI,68.779998779,69.260002136,68.080001831,-3.7234,2026-07-05 20:55:11.142
Oil,BRENT,72.129997253,72.489997864,71.339996338,-3.7497,2026-07-05 20:55:11.142
Oil,BRENT,72.129997253,72.489997864,71.339996338,-3.7497,2026-07-05 20:55:11.142
Oil,WTI,68.779998779,69.260002136,68.080001831,-3.7234,2026-07-05 14:55:11.146
Oil,BRENT,72.129997253,72.489997864,71.339996338,-3.7497,2026-07-05 14:55:11.146
Oil,WTI,68.779998779,69.260002136,68.080001831,-3.7234,2026-07-05 08:55:10.883
Oil,BRENT,72.129997253,72.489997864,71.339996338,-3.7497,2026-07-05 08:55:10.883
Oil,WTI,68.779998779,69.260002136,68.080001831,-3.7234,2026-07-05 08:55:10.883
Oil,BRENT,72.129997253,72.489997864,71.339996338,-3.7497,2026-07-05 08:55:10.883
Oil,BRENT,72.129997253,72.489997864,71.339996338,-3.7497,2026-07-05 14:55:11.146
Oil,WTI,68.779998779,69.260002136,68.080001831,-1.6726,2026-07-05 02:55:11.044
Oil,BRENT,72.129997253,72.489997864,71.339996338,-1.3269,2026-07-05 02:55:11.044
Oil,WTI,68.779998779,69.260002136,68.080001831,-1.6726,2026-07-05 02:55:11.044
Oil,BRENT,72.129997253,72.489997864,71.339996338,-1.3269,2026-07-05 02:55:11.044
Oil,BRENT,72.129997253,72.489997864,71.339996338,-3.7497,2026-07-05 08:55:10.883
Oil,WTI,68.779998779,69.260002136,68.080001831,-1.6726,2026-07-05 02:55:11.044
Oil,BRENT,72.129997253,72.489997864,71.339996338,-1.3269,2026-07-05 02:55:11.044
Oil,WTI,68.779998779,69.260002136,68.080001831,-1.6726,2026-07-04 20:55:11.283
Oil,BRENT,72.129997253,72.489997864,71.339996338,-1.3269,2026-07-04 20:55:11.283
Oil,WTI,68.779998779,69.260002136,68.080001831,-1.6726,2026-07-05 02:55:11.044
Oil,WTI,68.779998779,69.260002136,68.080001831,-1.6726,2026-07-04 20:55:11.283
Oil,BRENT,72.129997253,72.489997864,71.339996338,-1.3269,2026-07-04 20:55:11.283
Oil,WTI,68.779998779,69.260002136,68.080001831,-1.6726,2026-07-04 20:55:11.283
Oil,WTI,68.779998779,69.260002136,68.080001831,-1.6726,2026-07-04 14:55:11.817
Oil,BRENT,72.129997253,72.489997864,71.339996338,-1.3269,2026-07-04 14:55:11.817
Oil,WTI,68.779998779,69.260002136,68.080001831,-1.6726,2026-07-04 14:55:11.817
Oil,WTI,68.779998779,69.260002136,68.080001831,-1.6726,2026-07-04 08:55:10.486
Oil,BRENT,72.129997253,72.489997864,71.339996338,-1.3269,2026-07-04 08:55:10.486
Oil,WTI,68.779998779,69.260002136,68.080001831,-1.6726,2026-07-04 08:55:10.486
Oil,BRENT,72.129997253,72.489997864,71.339996338,-1.3269,2026-07-04 08:55:10.486
Oil,BRENT,72.129997253,72.489997864,71.339996338,-1.3269,2026-07-04 08:55:10.486
Oil,WTI,68.779998779,69.260002136,68.080001831,-1.6726,2026-07-04 02:55:11.287
Oil,BRENT,72.129997253,72.489997864,71.339996338,-1.3269,2026-07-04 02:55:11.287
Oil,WTI,68.779998779,69.260002136,68.080001831,-1.6726,2026-07-04 02:55:11.287
Oil,BRENT,72.129997253,72.489997864,71.339996338,-1.3269,2026-07-04 02:55:11.287
Oil,WTI,68.779998779,69.260002136,68.080001831,-1.6726,2026-07-04 02:55:11.287
Oil,WTI,68.779998779,69.260002136,68.080001831,-1.6726,2026-07-03 20:55:11.693
Oil,BRENT,72.129997253,72.489997864,71.339996338,-1.3269,2026-07-03 20:55:11.693
Oil,WTI,68.779998779,69.260002136,68.080001831,-1.6726,2026-07-03 20:55:11.693
Oil,BRENT,72.129997253,72.489997864,71.339996338,-1.3269,2026-07-03 20:55:11.693
Oil,BRENT,72.129997253,72.489997864,71.339996338,-1.3269,2026-07-03 20:55:11.693
Oil,WTI,68.760002136,69.260002136,68.080001831,-1.7012,2026-07-03 14:55:11.486
Oil,BRENT,72.129997253,72.489997864,71.339996338,-1.3269,2026-07-03 14:55:11.486
Oil,WTI,68.760002136,69.260002136,68.080001831,-1.7012,2026-07-03 14:55:11.486
Oil,WTI,68.440002441,69.260002136,68.13999939,-2.1587,2026-07-03 08:55:10.933
Oil,BRENT,71.660003662,72.489997864,71.349998474,-1.9699,2026-07-03 08:55:10.933
Oil,BRENT,72.129997253,72.489997864,71.339996338,-1.3269,2026-07-03 14:55:11.486
Oil,WTI,68.440002441,69.260002136,68.13999939,-2.1587,2026-07-03 08:55:10.933
Oil,BRENT,71.660003662,72.489997864,71.349998474,-1.9699,2026-07-03 08:55:10.933
Oil,WTI,68.440002441,69.260002136,68.13999939,-2.1587,2026-07-03 08:55:10.933
Oil,BRENT,71.660003662,72.489997864,71.349998474,-1.9699,2026-07-03 08:55:10.933
Oil,WTI,68.760002136,69.260002136,68.080001831,-1.7012,2026-07-03 14:55:11.486
Oil,WTI,69.059997559,69.13999939,68.300003052,-1.2723,2026-07-03 02:55:11.474
Oil,BRENT,72.25,72.300003052,71.449996948,-1.1628,2026-07-03 02:55:11.474
Oil,WTI,69.059997559,69.13999939,68.300003052,-1.2723,2026-07-03 02:55:11.474
Oil,WTI,67.699996948,68.239997864,67.040000916,-3.2166,2026-07-02 14:55:11.310
Oil,BRENT,70.839996338,71.230003357,70.13999939,-3.0917,2026-07-02 14:55:11.310
Oil,WTI,67.699996948,68.239997864,67.040000916,-3.2166,2026-07-02 14:55:11.310
Oil,BRENT,70.839996338,71.230003357,70.13999939,-3.0917,2026-07-02 14:55:11.310
Oil,WTI,68.480003357,68.800003052,67.040000916,-2.1015,2026-07-02 20:55:10.538
Oil,WTI,67.699996948,68.239997864,67.040000916,-3.2166,2026-07-02 14:55:11.310
Oil,BRENT,70.839996338,71.230003357,70.13999939,-3.0917,2026-07-02 14:55:11.310
Oil,BRENT,70.839996338,71.230003357,70.13999939,-3.0917,2026-07-02 14:55:11.310
Oil,WTI,68.0,68.239997864,67.449996948,-2.7877,2026-07-02 08:55:11.503
Oil,BRENT,70.930000305,71.230003357,70.400001526,-2.9685,2026-07-02 08:55:11.503
Oil,WTI,68.0,68.239997864,67.449996948,-2.7877,2026-07-02 08:55:11.503
Oil,WTI,67.760002136,68.169998169,67.589996338,-7.3431,2026-07-02 02:55:11.559
Oil,BRENT,70.86000061,71.230003357,70.690002441,-7.974,2026-07-02 02:55:11.559
Oil,WTI,67.760002136,68.169998169,67.589996338,-7.3431,2026-07-02 02:55:11.559
Oil,WTI,68.11000061,70.190002441,67.919998169,-6.8645,2026-07-01 20:55:11.020
Oil,BRENT,71.169998169,73.519996643,71.040000916,-7.5714,2026-07-01 20:55:11.020
Oil,WTI,67.760002136,68.169998169,67.589996338,-7.3431,2026-07-02 02:55:11.559
Oil,WTI,68.11000061,70.190002441,67.919998169,-6.8645,2026-07-01 20:55:11.020
Oil,WTI,68.63999939,70.190002441,68.220001221,-6.1398,2026-07-01 14:55:12.045
Oil,BRENT,71.760002136,73.519996643,71.629997253,-6.8052,2026-07-01 14:55:12.045
Oil,WTI,68.63999939,70.190002441,68.220001221,-6.1398,2026-07-01 14:55:12.045
Oil,WTI,68.779998779,70.190002441,68.669998169,-5.9483,2026-07-01 08:55:11.441
Oil,BRENT,72.25,73.519996643,72.169998169,-6.1688,2026-07-01 08:55:11.441
Oil,WTI,68.779998779,70.190002441,68.669998169,-5.9483,2026-07-01 08:55:11.441
Oil,BRENT,72.25,73.519996643,72.169998169,-6.1688,2026-07-01 08:55:11.441
Oil,WTI,68.63999939,70.190002441,68.220001221,-6.1398,2026-07-01 14:55:12.045
Oil,WTI,68.779998779,70.190002441,68.669998169,-5.9483,2026-07-01 08:55:11.441
Oil,BRENT,72.25,73.519996643,72.169998169,-6.1688,2026-07-01 08:55:11.441
Oil,BRENT,72.25,73.519996643,72.169998169,-6.1688,2026-07-01 08:55:11.441
Oil,WTI,70.059997559,71.599998474,69.220001221,-5.5031,2026-06-30 20:55:11.137
Oil,BRENT,73.38999939,74.839996338,72.669998169,-5.9826,2026-06-30 20:55:11.137
Oil,WTI,70.059997559,71.599998474,69.220001221,-5.5031,2026-06-30 20:55:11.137
Oil,BRENT,73.38999939,74.839996338,72.669998169,-5.9826,2026-06-30 20:55:11.137
Oil,WTI,70.720001221,70.879997253,69.75,-4.6129,2026-06-30 08:55:11.331
Oil,WTI,70.38999939,70.5,70.11000061,-10.8197,2026-06-30 02:55:11.365
Oil,BRENT,73.650001526,73.720001221,73.339996338,-10.4124,2026-06-30 02:55:11.365
Oil,BRENT,73.650001526,73.720001221,73.339996338,-10.4124,2026-06-30 02:55:11.365
Oil,WTI,70.470001221,71.150001526,69.319999695,-10.7184,2026-06-29 20:55:10.971
Oil,BRENT,73.699996948,74.239997864,72.580001831,-10.3515,2026-06-29 20:55:10.971
Oil,WTI,70.470001221,71.150001526,69.319999695,-10.7184,2026-06-29 20:55:10.971
Oil,BRENT,73.699996948,74.239997864,72.580001831,-10.3515,2026-06-29 20:55:10.971
Oil,WTI,70.470001221,71.150001526,69.319999695,-10.7184,2026-06-29 20:55:10.971
Oil,BRENT,73.699996948,74.239997864,72.580001831,-10.3515,2026-06-29 20:55:10.971
Oil,BRENT,73.650001526,73.720001221,73.339996338,-10.4124,2026-06-30 02:55:11.365
Oil,WTI,70.36000061,70.970001221,69.319999695,-10.8577,2026-06-29 14:55:11.434
Oil,BRENT,73.599998474,73.970001221,72.580001831,-10.4732,2026-06-29 14:55:11.434
Oil,WTI,70.36000061,70.970001221,69.319999695,-10.8577,2026-06-29 14:55:11.434
Oil,BRENT,73.599998474,73.970001221,72.580001831,-10.4732,2026-06-29 14:55:11.434
Oil,WTI,70.470001221,71.150001526,69.319999695,-10.7184,2026-06-29 20:55:10.971
Oil,WTI,70.36000061,70.970001221,69.319999695,-10.8577,2026-06-29 14:55:11.434
Oil,BRENT,73.599998474,73.970001221,72.580001831,-10.4732,2026-06-29 14:55:11.434
Oil,WTI,70.080001831,70.970001221,69.319999695,-11.2125,2026-06-29 08:55:11.318
Oil,BRENT,73.269996643,73.970001221,72.580001831,-10.8746,2026-06-29 08:55:11.318
Oil,WTI,70.080001831,70.970001221,69.319999695,-11.2125,2026-06-29 08:55:11.318
Oil,BRENT,73.269996643,73.970001221,72.580001831,-10.8746,2026-06-29 08:55:11.318
Oil,WTI,70.36000061,70.970001221,69.319999695,-10.8577,2026-06-29 14:55:11.434
Oil,WTI,70.080001831,70.970001221,69.319999695,-11.2125,2026-06-29 08:55:11.318
Oil,BRENT,73.269996643,73.970001221,72.580001831,-10.8746,2026-06-29 08:55:11.318
Oil,WTI,69.879997253,70.970001221,69.319999695,-11.4659,2026-06-29 02:55:11.425
Oil,BRENT,73.080001831,73.970001221,72.580001831,-11.1057,2026-06-29 02:55:11.425
Oil,WTI,69.879997253,70.970001221,69.319999695,-11.4659,2026-06-29 02:55:11.425
Oil,BRENT,73.080001831,73.970001221,72.580001831,-11.1057,2026-06-29 02:55:11.425
Oil,WTI,69.879997253,70.970001221,69.319999695,-11.4659,2026-06-29 02:55:11.425
Oil,BRENT,73.080001831,73.970001221,72.580001831,-11.1057,2026-06-29 02:55:11.425
Oil,WTI,70.080001831,70.970001221,69.319999695,-11.2125,2026-06-29 08:55:11.318
Oil,WTI,69.230003357,71.86000061,68.559997559,-12.2894,2026-06-28 20:55:10.581
Oil,BRENT,72.599998474,75.459999084,71.949996948,-11.6896,2026-06-28 20:55:10.581
Oil,WTI,69.230003357,71.86000061,68.559997559,-12.2894,2026-06-28 20:55:10.581
Oil,BRENT,72.599998474,75.459999084,71.949996948,-11.6896,2026-06-28 20:55:10.581
Oil,WTI,69.230003357,71.86000061,68.559997559,-12.2894,2026-06-28 20:55:10.581
Oil,BRENT,72.599998474,75.459999084,71.949996948,-11.6896,2026-06-28 20:55:10.581
Oil,BRENT,73.080001831,73.970001221,72.580001831,-11.1057,2026-06-29 02:55:11.425
Oil,WTI,69.230003357,71.86000061,68.559997559,-12.2894,2026-06-28 14:55:11.292
Oil,BRENT,72.599998474,75.459999084,71.949996948,-11.6896,2026-06-28 14:55:11.292
Oil,BRENT,72.599998474,75.459999084,71.949996948,-11.6896,2026-06-28 20:55:10.581
Oil,WTI,69.230003357,71.86000061,68.559997559,-12.2894,2026-06-28 14:55:11.292
Oil,BRENT,72.599998474,75.459999084,71.949996948,-11.6896,2026-06-28 14:55:11.292
Oil,WTI,69.230003357,71.86000061,68.559997559,-12.2894,2026-06-28 14:27:07.591
Oil,BRENT,72.599998474,75.459999084,71.949996948,-11.6896,2026-06-28 14:27:07.591
Oil,WTI,69.230003357,71.86000061,68.559997559,-12.2894,2026-06-28 14:14:16.501
Oil,WTI,69.230003357,71.86000061,68.559997559,-8.3411,2026-06-27 19:40:46.474
Oil,BRENT,71.989997864,75.120002747,71.400001526,-8.1174,2026-06-27 19:40:46.474
Oil,WTI,69.230003357,71.86000061,68.559997559,-12.2894,2026-06-28 13:28:27.765
Oil,BRENT,72.599998474,75.459999084,71.949996948,-11.6896,2026-06-28 13:28:27.765
Oil,WTI,69.230003357,71.86000061,68.559997559,-12.2894,2026-06-28 13:28:27.765
Oil,BRENT,72.599998474,75.459999084,71.949996948,-11.6896,2026-06-28 13:28:27.765
Oil,WTI,69.230003357,71.86000061,68.559997559,-12.2894,2026-06-28 13:43:48.942
Oil,BRENT,72.599998474,75.459999084,71.949996948,-11.6896,2026-06-28 13:43:48.942
Oil,WTI,69.230003357,71.86000061,68.559997559,-12.2894,2026-06-28 13:43:48.942
Oil,BRENT,72.599998474,75.459999084,71.949996948,-11.6896,2026-06-28 13:43:48.942
Oil,BRENT,72.599998474,75.459999084,71.949996948,-11.6896,2026-06-28 14:14:16.501
Oil,WTI,69.230003357,71.86000061,68.559997559,-12.2894,2026-06-28 14:14:16.501
Oil,BRENT,72.599998474,75.459999084,71.949996948,-11.6896,2026-06-28 14:14:16.501
Oil,WTI,69.230003357,71.86000061,68.559997559,-12.2894,2026-06-28 14:27:07.591
Oil,BRENT,72.599998474,75.459999084,71.949996948,-11.6896,2026-06-28 14:27:07.591
Oil,WTI,69.230003357,71.86000061,68.559997559,-12.2894,2026-06-28 14:27:07.591
Oil,BRENT,72.599998474,75.459999084,71.949996948,-11.6896,2026-06-28 14:27:07.591
Oil,BRENT,72.599998474,75.459999084,71.949996948,-11.6896,2026-06-28 14:55:11.292
Oil,WTI,69.230003357,71.86000061,68.559997559,-12.2894,2026-06-28 14:27:07.591
Oil,BRENT,72.599998474,75.459999084,71.949996948,-11.6896,2026-06-28 14:27:07.591
Oil,WTI,69.230003357,71.86000061,68.559997559,-12.2894,2026-06-28 14:55:11.292
Oil,WTI,69.230003357,71.86000061,68.559997559,-12.2894,2026-06-28 14:55:11.292
Oil,BRENT,72.599998474,75.459999084,71.949996948,-11.6896,2026-06-28 14:55:11.292
Oil,WTI,69.230003357,71.86000061,68.559997559,-12.2894,2026-06-28 20:55:10.581
Oil,WTI,69.879997253,70.970001221,69.319999695,-11.4659,2026-06-29 02:55:11.425
Oil,BRENT,73.269996643,73.970001221,72.580001831,-10.8746,2026-06-29 08:55:11.318
Oil,BRENT,73.599998474,73.970001221,72.580001831,-10.4732,2026-06-29 14:55:11.434
Oil,BRENT,73.699996948,74.239997864,72.580001831,-10.3515,2026-06-29 20:55:10.971
Oil,WTI,70.38999939,70.5,70.11000061,-10.8197,2026-06-30 02:55:11.365
Oil,WTI,70.38999939,70.5,70.11000061,-10.8197,2026-06-30 02:55:11.365
Oil,WTI,70.38999939,70.5,70.11000061,-10.8197,2026-06-30 02:55:11.365
Oil,BRENT,73.650001526,73.720001221,73.339996338,-10.4124,2026-06-30 02:55:11.365
Oil,BRENT,73.930000305,74.080001831,73.059997559,-5.2908,2026-06-30 08:55:11.331
Oil,WTI,70.720001221,70.879997253,69.75,-4.6129,2026-06-30 08:55:11.331
Oil,BRENT,73.930000305,74.080001831,73.059997559,-5.2908,2026-06-30 08:55:11.331
Oil,WTI,70.540000916,71.599998474,69.75,-4.8557,2026-06-30 14:55:11.423
Oil,BRENT,73.970001221,74.839996338,73.059997559,-5.2396,2026-06-30 14:55:11.423
Oil,WTI,70.540000916,71.599998474,69.75,-4.8557,2026-06-30 14:55:11.423
Oil,BRENT,73.970001221,74.839996338,73.059997559,-5.2396,2026-06-30 14:55:11.423
Oil,WTI,70.059997559,71.599998474,69.220001221,-5.5031,2026-06-30 20:55:11.137
Oil,BRENT,73.38999939,74.839996338,72.669998169,-5.9826,2026-06-30 20:55:11.137
Oil,BRENT,73.230003357,73.519996643,73.069999695,-6.1875,2026-07-01 02:55:11.380
Oil,WTI,70.059997559,71.599998474,69.220001221,-5.5031,2026-06-30 20:55:11.137
Oil,BRENT,73.38999939,74.839996338,72.669998169,-5.9826,2026-06-30 20:55:11.137
Oil,WTI,67.760002136,68.169998169,67.589996338,-7.3431,2026-07-02 02:55:11.559
Oil,BRENT,70.86000061,71.230003357,70.690002441,-7.974,2026-07-02 02:55:11.559
Oil,BRENT,70.86000061,71.230003357,70.690002441,-7.974,2026-07-02 02:55:11.559
Oil,WTI,69.790000916,70.190002441,69.669998169,-5.8673,2026-07-01 02:55:11.380
Oil,WTI,69.790000916,70.190002441,69.669998169,-5.8673,2026-07-01 02:55:11.380
Oil,BRENT,73.230003357,73.519996643,73.069999695,-6.1875,2026-07-01 02:55:11.380
Oil,WTI,68.11000061,70.190002441,67.919998169,-6.8645,2026-07-01 20:55:11.020
Oil,BRENT,71.169998169,73.519996643,71.040000916,-7.5714,2026-07-01 20:55:11.020
Oil,WTI,68.11000061,70.190002441,67.919998169,-6.8645,2026-07-01 20:55:11.020
Oil,WTI,69.790000916,70.190002441,69.669998169,-5.8673,2026-07-01 02:55:11.380
Oil,BRENT,73.230003357,73.519996643,73.069999695,-6.1875,2026-07-01 02:55:11.380
Oil,WTI,69.790000916,70.190002441,69.669998169,-5.8673,2026-07-01 02:55:11.380
Oil,BRENT,73.230003357,73.519996643,73.069999695,-6.1875,2026-07-01 02:55:11.380
Oil,WTI,68.779998779,70.190002441,68.669998169,-5.9483,2026-07-01 08:55:11.441
Oil,BRENT,71.760002136,73.519996643,71.629997253,-6.8052,2026-07-01 14:55:12.045
Oil,BRENT,71.760002136,73.519996643,71.629997253,-6.8052,2026-07-01 14:55:12.045
Oil,WTI,68.63999939,70.190002441,68.220001221,-6.1398,2026-07-01 14:55:12.045
Oil,BRENT,71.760002136,73.519996643,71.629997253,-6.8052,2026-07-01 14:55:12.045
Oil,BRENT,71.169998169,73.519996643,71.040000916,-7.5714,2026-07-01 20:55:11.020
Oil,BRENT,71.169998169,73.519996643,71.040000916,-7.5714,2026-07-01 20:55:11.020
Oil,WTI,70.040000916,70.519996643,68.580001831,-0.6525,2026-07-07 14:55:12.229
Oil,BRENT,73.580001831,74.13999939,72.059997559,0.5603,2026-07-07 14:55:12.229
Oil,BRENT,75.870002747,76.349998474,72.059997559,3.69,2026-07-07 20:55:12.069
Oil,BRENT,70.86000061,71.230003357,70.690002441,-7.974,2026-07-02 02:55:11.559
Oil,WTI,68.0,68.239997864,67.449996948,-2.7877,2026-07-02 08:55:11.503
Oil,BRENT,70.930000305,71.230003357,70.400001526,-2.9685,2026-07-02 08:55:11.503
Oil,BRENT,70.930000305,71.230003357,70.400001526,-2.9685,2026-07-02 08:55:11.503
Oil,WTI,68.0,68.239997864,67.449996948,-2.7877,2026-07-02 08:55:11.503
Oil,BRENT,70.930000305,71.230003357,70.400001526,-2.9685,2026-07-02 08:55:11.503
Oil,WTI,67.699996948,68.239997864,67.040000916,-3.2166,2026-07-02 14:55:11.310
Oil,BRENT,71.580001831,71.910003662,70.13999939,-2.0793,2026-07-02 20:55:10.538
Oil,WTI,68.480003357,68.800003052,67.040000916,-2.1015,2026-07-02 20:55:10.538
Oil,BRENT,71.580001831,71.910003662,70.13999939,-2.0793,2026-07-02 20:55:10.538
Oil,WTI,69.059997559,69.13999939,68.300003052,-1.2723,2026-07-03 02:55:11.474
Oil,WTI,68.480003357,68.800003052,67.040000916,-2.1015,2026-07-02 20:55:10.538
Oil,BRENT,71.580001831,71.910003662,70.13999939,-2.0793,2026-07-02 20:55:10.538
Oil,BRENT,72.25,72.300003052,71.449996948,-1.1628,2026-07-03 02:55:11.474
Oil,BRENT,72.25,72.300003052,71.449996948,-1.1628,2026-07-03 02:55:11.474
Oil,WTI,68.440002441,69.260002136,68.13999939,-2.1587,2026-07-03 08:55:10.933
Oil,BRENT,71.660003662,72.489997864,71.349998474,-1.9699,2026-07-03 08:55:10.933
Oil,BRENT,72.129997253,72.489997864,71.339996338,-1.3269,2026-07-03 14:55:11.486
Oil,WTI,68.779998779,69.260002136,68.080001831,-1.6726,2026-07-03 20:55:11.693
Oil,BRENT,72.129997253,72.489997864,71.339996338,-1.3269,2026-07-03 20:55:11.693
Oil,WTI,68.779998779,69.260002136,68.080001831,-1.6726,2026-07-03 20:55:11.693
Oil,WTI,68.779998779,69.260002136,68.080001831,-1.6726,2026-07-04 02:55:11.287
Oil,BRENT,72.129997253,72.489997864,71.339996338,-1.3269,2026-07-04 02:55:11.287
Oil,BRENT,72.129997253,72.489997864,71.339996338,-1.3269,2026-07-04 02:55:11.287
Oil,WTI,68.779998779,69.260002136,68.080001831,-1.6726,2026-07-04 08:55:10.486
Oil,BRENT,72.129997253,72.489997864,71.339996338,-1.3269,2026-07-04 08:55:10.486
Oil,WTI,68.779998779,69.260002136,68.080001831,-1.6726,2026-07-04 08:55:10.486
Oil,BRENT,72.129997253,72.489997864,71.339996338,-1.3269,2026-07-04 14:55:11.817
Oil,WTI,68.779998779,69.260002136,68.080001831,-1.6726,2026-07-04 14:55:11.817
Oil,BRENT,72.129997253,72.489997864,71.339996338,-1.3269,2026-07-04 14:55:11.817
Oil,WTI,68.779998779,69.260002136,68.080001831,-1.6726,2026-07-04 20:55:11.283
Oil,WTI,68.779998779,69.260002136,68.080001831,-1.6726,2026-07-04 14:55:11.817
Oil,BRENT,72.129997253,72.489997864,71.339996338,-1.3269,2026-07-04 14:55:11.817
Oil,BRENT,72.129997253,72.489997864,71.339996338,-1.3269,2026-07-04 20:55:11.283
Oil,BRENT,72.129997253,72.489997864,71.339996338,-1.3269,2026-07-04 20:55:11.283
Oil,BRENT,72.129997253,72.489997864,71.339996338,-1.3269,2026-07-05 02:55:11.044
Oil,WTI,68.779998779,69.260002136,68.080001831,-3.7234,2026-07-05 08:55:10.883
Oil,WTI,68.779998779,69.260002136,68.080001831,-3.7234,2026-07-05 08:55:10.883
Oil,BRENT,72.129997253,72.489997864,71.339996338,-3.7497,2026-07-05 08:55:10.883
Oil,WTI,68.779998779,69.260002136,68.080001831,-3.7234,2026-07-05 14:55:11.146
Oil,WTI,68.779998779,69.260002136,68.080001831,-3.7234,2026-07-05 14:55:11.146
Oil,BRENT,72.129997253,72.489997864,71.339996338,-3.7497,2026-07-05 14:55:11.146
Oil,WTI,68.779998779,69.260002136,68.080001831,-3.7234,2026-07-05 20:55:11.142
Oil,WTI,68.779998779,69.260002136,68.080001831,-3.7234,2026-07-05 14:55:11.146
Oil,BRENT,72.129997253,72.489997864,71.339996338,-3.7497,2026-07-05 14:55:11.146
Oil,BRENT,72.129997253,72.489997864,71.339996338,-3.7497,2026-07-05 20:55:11.142
Oil,WTI,68.779998779,69.260002136,68.080001831,-3.7234,2026-07-05 20:55:11.142
Oil,WTI,68.779998779,69.260002136,68.080001831,-3.7234,2026-07-05 20:55:11.142
Oil,BRENT,72.129997253,72.489997864,71.339996338,-3.7497,2026-07-05 20:55:11.142
Oil,WTI,68.830001831,69.260002136,68.080001831,-3.6534,2026-07-06 02:55:11.521
Oil,WTI,68.830001831,69.260002136,68.080001831,-3.6534,2026-07-06 02:55:11.521
Oil,BRENT,72.150001526,72.489997864,71.339996338,-3.723,2026-07-06 02:55:11.521
Oil,BRENT,71.730003357,72.489997864,71.029998779,-1.968,2026-07-06 08:55:11.391
Oil,WTI,69.029998779,69.260002136,67.819999695,-2.0851,2026-07-06 14:55:11.450
Oil,BRENT,72.519996643,72.589996338,71.029998779,-0.8883,2026-07-06 14:55:11.450
Oil,WTI,69.029998779,69.260002136,67.819999695,-2.0851,2026-07-06 14:55:11.450
Oil,BRENT,72.519996643,72.589996338,71.029998779,-0.8883,2026-07-06 14:55:11.450
Oil,WTI,69.029998779,69.260002136,67.819999695,-2.0851,2026-07-06 14:55:11.450
Oil,BRENT,72.519996643,72.589996338,71.029998779,-0.8883,2026-07-06 14:55:11.450
Oil,BRENT,72.080001831,72.589996338,71.029998779,-1.4897,2026-07-06 20:55:11.696
Oil,WTI,68.669998169,69.260002136,67.819999695,-2.5957,2026-07-06 20:55:11.696
Oil,WTI,69.089996338,69.319999695,68.580001831,-2.0,2026-07-07 02:55:11.052
Oil,BRENT,72.550003052,72.739997864,72.059997559,-0.8473,2026-07-07 02:55:11.052
Oil,BRENT,72.550003052,72.739997864,72.059997559,-0.8473,2026-07-07 02:55:11.052
Oil,WTI,69.319999695,69.629997253,68.580001831,-1.6738,2026-07-07 08:55:11.633
Oil,BRENT,72.870002747,73.13999939,72.059997559,-0.41,2026-07-07 08:55:11.633
Oil,WTI,69.319999695,69.629997253,68.580001831,-1.6738,2026-07-07 08:55:11.633
Oil,WTI,69.319999695,69.629997253,68.580001831,-1.6738,2026-07-07 08:55:11.633
Oil,BRENT,72.870002747,73.13999939,72.059997559,-0.41,2026-07-07 08:55:11.633
Oil,BRENT,72.870002747,73.13999939,72.059997559,-0.41,2026-07-07 08:55:11.633
Oil,WTI,70.040000916,70.519996643,68.580001831,-0.6525,2026-07-07 14:55:12.229
Oil,BRENT,73.580001831,74.13999939,72.059997559,0.5603,2026-07-07 14:55:12.229
Oil,WTI,70.040000916,70.519996643,68.580001831,-0.6525,2026-07-07 14:55:12.229
Oil,BRENT,73.580001831,74.13999939,72.059997559,0.5603,2026-07-07 14:55:12.229
Oil,WTI,70.040000916,70.519996643,68.580001831,-0.6525,2026-07-07 14:55:12.229
Oil,BRENT,73.580001831,74.13999939,72.059997559,0.5603,2026-07-07 14:55:12.229
Oil,WTI,72.180000305,72.510002136,68.580001831,2.383,2026-07-07 20:55:12.069
Oil,WTI,72.180000305,72.510002136,68.580001831,2.383,2026-07-07 20:55:12.069
Oil,BRENT,75.870002747,76.349998474,72.059997559,3.69,2026-07-07 20:55:12.069
Oil,BRENT,75.849998474,76.430000305,75.449996948,3.6627,2026-07-08 02:55:11.750
Oil,WTI,72.120002747,72.720001221,71.75,2.2979,2026-07-08 02:55:11.750
Oil,WTI,72.120002747,72.720001221,71.75,2.2979,2026-07-08 02:55:11.750
Oil,WTI,72.870002747,75.129997253,72.370002747,4.1298,2026-07-09 08:55:11.938
Oil,WTI,74.440002441,75.129997253,73.879997253,5.6936,2026-07-09 02:55:10.625
Oil,BRENT,78.970001221,79.379997253,78.370002747,8.6245,2026-07-09 02:55:10.625
Oil,BRENT,77.279998779,79.379997253,76.769996643,5.3148,2026-07-09 08:55:11.938
Oil,BRENT,75.849998474,76.430000305,75.449996948,3.6627,2026-07-08 02:55:11.750
Oil,WTI,74.669998169,74.910003662,71.75,6.0202,2026-07-08 08:55:11.378
Oil,WTI,74.669998169,74.910003662,71.75,6.0202,2026-07-08 08:55:11.378
Oil,WTI,75.349998474,75.790000916,71.75,6.9857,2026-07-08 14:55:11.951
Oil,BRENT,79.489997864,79.930000305,75.449996948,9.3398,2026-07-08 14:55:11.951
Oil,BRENT,79.36000061,80.569999695,75.449996948,9.1609,2026-07-08 20:55:11.958
Oil,BRENT,79.36000061,80.569999695,75.449996948,9.1609,2026-07-08 20:55:11.958
Oil,BRENT,78.970001221,79.379997253,78.370002747,8.6245,2026-07-09 02:55:10.625
Oil,WTI,74.440002441,75.129997253,73.879997253,5.6936,2026-07-09 02:55:10.625
Oil,BRENT,78.970001221,79.379997253,78.370002747,8.6245,2026-07-09 02:55:10.625
Oil,WTI,72.870002747,75.129997253,72.370002747,4.1298,2026-07-09 08:55:11.938
Oil,BRENT,77.279998779,79.379997253,76.769996643,5.3148,2026-07-09 08:55:11.938
Oil,WTI,72.800003052,75.129997253,72.370002747,4.0297,2026-07-09 14:55:11.868
Oil,WTI,72.800003052,75.129997253,72.370002747,4.0297,2026-07-09 14:55:11.868
Oil,WTI,71.849998474,75.129997253,71.419998169,2.6722,2026-07-09 20:55:11.704
Oil,BRENT,76.480003357,76.519996643,75.910003662,4.2246,2026-07-10 02:55:11.348
Oil,WTI,71.849998474,75.129997253,71.419998169,2.6722,2026-07-09 20:55:11.704
Oil,BRENT,76.080001831,79.379997253,75.599998474,3.6795,2026-07-09 20:55:11.704
Oil,WTI,72.309997559,72.330001831,71.220001221,3.3295,2026-07-10 02:55:11.348
Oil,WTI,72.309997559,72.330001831,71.220001221,3.3295,2026-07-10 02:55:11.348
Oil,BRENT,76.480003357,76.519996643,75.910003662,4.2246,2026-07-10 02:55:11.348
Oil,WTI,71.959999084,72.559997559,71.160003662,5.7769,2026-07-10 08:55:11.424
Oil,WTI,71.959999084,72.559997559,71.160003662,5.7769,2026-07-10 08:55:11.424
Oil,BRENT,76.5,77.559997559,75.349998474,7.6101,2026-07-10 14:55:10.863
Oil,WTI,71.989997864,73.160003662,71.160003662,5.821,2026-07-10 14:55:10.863
Oil,WTI,71.989997864,73.160003662,71.160003662,5.821,2026-07-10 14:55:10.863
Oil,BRENT,76.5,77.559997559,75.349998474,7.6101,2026-07-10 14:55:10.863
Oil,BRENT,75.959999084,77.559997559,75.309997559,6.8505,2026-07-10 20:55:11.330
Oil,WTI,71.519996643,73.160003662,70.769996643,5.1301,2026-07-10 20:55:11.330
Oil,BRENT,75.959999084,77.559997559,75.309997559,6.8505,2026-07-10 20:55:11.330
Oil,WTI,71.510002136,73.160003662,70.769996643,5.1154,2026-07-11 02:55:11.182
Oil,WTI,71.510002136,73.160003662,70.769996643,5.1154,2026-07-11 02:55:11.182
Oil,WTI,71.410003662,73.160003662,70.769996643,4.9684,2026-07-11 08:55:11.136
Oil,BRENT,76.010002136,77.559997559,75.309997559,6.9208,2026-07-11 08:55:11.136
Oil,WTI,71.410003662,73.160003662,70.769996643,4.9684,2026-07-11 08:55:11.136
Oil,BRENT,76.010002136,77.559997559,75.309997559,6.9208,2026-07-11 08:55:11.136
Oil,WTI,71.410003662,73.160003662,70.769996643,4.9684,2026-07-11 08:55:11.136
Oil,BRENT,76.010002136,77.559997559,75.309997559,6.9208,2026-07-11 08:55:11.136
Oil,WTI,71.410003662,73.160003662,70.769996643,4.9684,2026-07-11 14:55:11.032
Oil,BRENT,76.010002136,77.559997559,75.309997559,6.9208,2026-07-11 14:55:11.032
