ID,SYMBOL,NAME,CURRENT_PRICE,HIGH_24H,LOW_24H,PRICE_CHANGE_24H,PRICE_CHANGE_PCT_24H,MARKET_CAP,MARKET_CAP_RANK,TOTAL_VOLUME_24H,CIRCULATING_SUPPLY,TOTAL_SUPPLY,ATH,ATH_DATE,ATL,ATL_DATE,LAST_UPDATED,INGESTED_AT
bitcoin,BTC,Bitcoin,64328,64419,63672,448.61,0.70228,1289864579662,1,17503939881,20054909,20054909,126080,2025-10-06 18:57:42.558,67.81,2013-07-06 00:00:00.000,2026-07-11 14:55:07.624,2026-07-11 14:55:10.774
ethereum,ETH,Ethereum,1811.12,1812.25,1782.89,27.38,1.53494,218504559922,2,5674207373,120683053.239405,120683053.239405,4946.05,2025-08-24 19:21:03.333,0.432979,2015-10-20 00:00:00.000,2026-07-11 14:55:07.593,2026-07-11 14:55:10.774
ripple,XRP,XRP,1.11,1.11,1.097,0.01016922,0.92249,69493804229,6,673582392,62466503703,99985639695,3.65,2025-07-18 03:40:53.808,0.00268621,2014-05-22 00:00:00.000,2026-07-11 14:55:09.066,2026-07-11 14:55:10.774
solana,SOL,Solana,78.47,78.51,77.34,0.523386,0.67143,45674790792,7,1259726825,582156519.621921,630102277.348148,293.31,2025-01-19 11:15:27.957,0.500801,2020-05-11 19:35:23.449,2026-07-11 14:55:09.121,2026-07-11 14:55:10.774
cardano,ADA,Cardano,0.168939,0.169049,0.165383,0.00313272,1.88938,6295420324,18,180944469,37269855891.6933,45000000000,3.09,2021-09-02 06:00:10.474,0.01925275,2020-03-13 02:22:55.044,2026-07-11 14:54:59.956,2026-07-11 14:55:10.774
bitcoin,BTC,Bitcoin,64328,64419,63672,448.61,0.70228,1289864579662,1,17503939881,20054909,20054909,126080,2025-10-06 18:57:42.558,67.81,2013-07-06 00:00:00.000,2026-07-11 14:55:07.624,2026-07-11 14:55:10.774
ripple,XRP,XRP,1.11,1.11,1.097,0.01016922,0.92249,69493804229,6,673582392,62466503703,99985639695,3.65,2025-07-18 03:40:53.808,0.00268621,2014-05-22 00:00:00.000,2026-07-11 14:55:09.066,2026-07-11 14:55:10.774
cardano,ADA,Cardano,0.168939,0.169049,0.165383,0.00313272,1.88938,6295420324,18,180944469,37269855891.6933,45000000000,3.09,2021-09-02 06:00:10.474,0.01925275,2020-03-13 02:22:55.044,2026-07-11 14:54:59.956,2026-07-11 14:55:10.774
bitcoin,BTC,Bitcoin,64194,64554,63672,-17.949010788,-0.02795,1287251435366,1,21597408982,20054793,20054793,126080,2025-10-06 18:57:42.558,67.81,2013-07-06 00:00:00.000,2026-07-11 08:55:09.895,2026-07-11 08:55:10.846
ethereum,ETH,Ethereum,1799.21,1805.53,1781.89,15.85,0.88866,217134469917,2,6790987056,120683053.239405,120683053.239405,4946.05,2025-08-24 19:21:03.333,0.432979,2015-10-20 00:00:00.000,2026-07-11 08:55:09.862,2026-07-11 08:55:10.846
ripple,XRP,XRP,1.11,1.12,1.097,-0.003909685954,-0.35184,69170436300,6,877602871,62466503703,99985639695,3.65,2025-07-18 03:40:53.808,0.00268621,2014-05-22 00:00:00.000,2026-07-11 08:55:07.788,2026-07-11 08:55:10.846
solana,SOL,Solana,78.02,79.5,77.34,-1.246370832,-1.57244,45416919496,7,1716462423,582156676.567772,630102426.674115,293.31,2025-01-19 11:15:27.957,0.500801,2020-05-11 19:35:23.449,2026-07-11 08:55:06.670,2026-07-11 08:55:10.846
cardano,ADA,Cardano,0.16745,0.169373,0.165383,-0.0004924459272,-0.29322,6240848361,18,220124168,37269855891.6933,45000000000,3.09,2021-09-02 06:00:10.474,0.01925275,2020-03-13 02:22:55.044,2026-07-11 08:55:05.050,2026-07-11 08:55:10.846
bitcoin,BTC,Bitcoin,64194,64554,63672,-17.949010788,-0.02795,1287251435366,1,21597408982,20054793,20054793,126080,2025-10-06 18:57:42.558,67.81,2013-07-06 00:00:00.000,2026-07-11 08:55:09.895,2026-07-11 08:55:10.846
ripple,XRP,XRP,1.11,1.12,1.097,-0.003909685954,-0.35184,69170436300,6,877602871,62466503703,99985639695,3.65,2025-07-18 03:40:53.808,0.00268621,2014-05-22 00:00:00.000,2026-07-11 08:55:07.788,2026-07-11 08:55:10.846
cardano,ADA,Cardano,0.16745,0.169373,0.165383,-0.0004924459272,-0.29322,6240848361,18,220124168,37269855891.6933,45000000000,3.09,2021-09-02 06:00:10.474,0.01925275,2020-03-13 02:22:55.044,2026-07-11 08:55:05.050,2026-07-11 08:55:10.846
bitcoin,BTC,Bitcoin,64112,64554,63672,192.25,0.30076,1285654957996,1,25180967329,20054662,20054662,126080,2025-10-06 18:57:42.558,67.81,2013-07-06 00:00:00.000,2026-07-11 02:55:05.776,2026-07-11 02:55:10.921
ethereum,ETH,Ethereum,1794.03,1805.53,1768.52,22.15,1.24992,216489739035,2,8310872657,120683053.239405,120683053.239405,4946.05,2025-08-24 19:21:03.333,0.432979,2015-10-20 00:00:00.000,2026-07-11 02:55:06.240,2026-07-11 02:55:10.922
ripple,XRP,XRP,1.11,1.12,1.097,-0.001936915879,-0.1749,69054311681,6,951899735,62466503703,99985639695,3.65,2025-07-18 03:40:53.808,0.00268621,2014-05-22 00:00:00.000,2026-07-11 02:55:02.767,2026-07-11 02:55:10.922
solana,SOL,Solana,77.7,79.5,77.34,-1.295474936,-1.63987,45235155546,7,1856184102,582156853.340243,630102588.34236,293.31,2025-01-19 11:15:27.957,0.500801,2020-05-11 19:35:23.449,2026-07-11 02:55:03.100,2026-07-11 02:55:10.922
cardano,ADA,Cardano,0.16643,0.169373,0.165383,-0.002178732804,-1.29218,6202715702,18,298216729,37269855891.6933,45000000000,3.09,2021-09-02 06:00:10.474,0.01925275,2020-03-13 02:22:55.044,2026-07-11 02:54:50.582,2026-07-11 02:55:10.922
ethereum,ETH,Ethereum,1799.21,1805.53,1781.89,15.85,0.88866,217134469917,2,6790987056,120683053.239405,120683053.239405,4946.05,2025-08-24 19:21:03.333,0.432979,2015-10-20 00:00:00.000,2026-07-11 08:55:09.862,2026-07-11 08:55:10.846
bitcoin,BTC,Bitcoin,64112,64554,63672,192.25,0.30076,1285654957996,1,25180967329,20054662,20054662,126080,2025-10-06 18:57:42.558,67.81,2013-07-06 00:00:00.000,2026-07-11 02:55:05.776,2026-07-11 02:55:10.921
ethereum,ETH,Ethereum,1794.03,1805.53,1768.52,22.15,1.24992,216489739035,2,8310872657,120683053.239405,120683053.239405,4946.05,2025-08-24 19:21:03.333,0.432979,2015-10-20 00:00:00.000,2026-07-11 02:55:06.240,2026-07-11 02:55:10.922
ripple,XRP,XRP,1.11,1.12,1.097,-0.001936915879,-0.1749,69054311681,6,951899735,62466503703,99985639695,3.65,2025-07-18 03:40:53.808,0.00268621,2014-05-22 00:00:00.000,2026-07-11 02:55:02.767,2026-07-11 02:55:10.922
solana,SOL,Solana,77.7,79.5,77.34,-1.295474936,-1.63987,45235155546,7,1856184102,582156853.340243,630102588.34236,293.31,2025-01-19 11:15:27.957,0.500801,2020-05-11 19:35:23.449,2026-07-11 02:55:03.100,2026-07-11 02:55:10.922
cardano,ADA,Cardano,0.16643,0.169373,0.165383,-0.002178732804,-1.29218,6202715702,18,298216729,37269855891.6933,45000000000,3.09,2021-09-02 06:00:10.474,0.01925275,2020-03-13 02:22:55.044,2026-07-11 02:54:50.582,2026-07-11 02:55:10.922
solana,SOL,Solana,78.02,79.5,77.34,-1.246370832,-1.57244,45416919496,7,1716462423,582156676.567772,630102426.674115,293.31,2025-01-19 11:15:27.957,0.500801,2020-05-11 19:35:23.449,2026-07-11 08:55:06.670,2026-07-11 08:55:10.846
bitcoin,BTC,Bitcoin,64112,64554,63672,192.25,0.30076,1285654957996,1,25180967329,20054662,20054662,126080,2025-10-06 18:57:42.558,67.81,2013-07-06 00:00:00.000,2026-07-11 02:55:05.776,2026-07-11 02:55:10.921
ethereum,ETH,Ethereum,1794.03,1805.53,1768.52,22.15,1.24992,216489739035,2,8310872657,120683053.239405,120683053.239405,4946.05,2025-08-24 19:21:03.333,0.432979,2015-10-20 00:00:00.000,2026-07-11 02:55:06.240,2026-07-11 02:55:10.922
ripple,XRP,XRP,1.11,1.12,1.097,-0.001936915879,-0.1749,69054311681,6,951899735,62466503703,99985639695,3.65,2025-07-18 03:40:53.808,0.00268621,2014-05-22 00:00:00.000,2026-07-11 02:55:02.767,2026-07-11 02:55:10.922
solana,SOL,Solana,77.7,79.5,77.34,-1.295474936,-1.63987,45235155546,7,1856184102,582156853.340243,630102588.34236,293.31,2025-01-19 11:15:27.957,0.500801,2020-05-11 19:35:23.449,2026-07-11 02:55:03.100,2026-07-11 02:55:10.922
cardano,ADA,Cardano,0.16643,0.169373,0.165383,-0.002178732804,-1.29218,6202715702,18,298216729,37269855891.6933,45000000000,3.09,2021-09-02 06:00:10.474,0.01925275,2020-03-13 02:22:55.044,2026-07-11 02:54:50.582,2026-07-11 02:55:10.922
bitcoin,BTC,Bitcoin,64194,64554,63672,-17.949010788,-0.02795,1287251435366,1,21597408982,20054793,20054793,126080,2025-10-06 18:57:42.558,67.81,2013-07-06 00:00:00.000,2026-07-11 08:55:09.895,2026-07-11 08:55:10.846
cardano,ADA,Cardano,0.16745,0.169373,0.165383,-0.0004924459272,-0.29322,6240848361,18,220124168,37269855891.6933,45000000000,3.09,2021-09-02 06:00:10.474,0.01925275,2020-03-13 02:22:55.044,2026-07-11 08:55:05.050,2026-07-11 08:55:10.846
ripple,XRP,XRP,1.11,1.12,1.097,-0.001936915879,-0.1749,69054311681,6,951899735,62466503703,99985639695,3.65,2025-07-18 03:40:53.808,0.00268621,2014-05-22 00:00:00.000,2026-07-11 02:55:02.767,2026-07-11 02:55:10.922
bitcoin,BTC,Bitcoin,63827,64554,62955,571.37,0.90328,1279996161441,1,27792688396,20054584,20054584,126080,2025-10-06 18:57:42.558,67.81,2013-07-06 00:00:00.000,2026-07-10 20:55:08.962,2026-07-10 20:55:11.028
ethereum,ETH,Ethereum,1791.34,1805.53,1737.51,43.95,2.51497,216176299809,2,9103831806,120683081.211863,120683081.211863,4946.05,2025-08-24 19:21:03.333,0.432979,2015-10-20 00:00:00.000,2026-07-10 20:55:07.028,2026-07-10 20:55:11.028
ripple,XRP,XRP,1.1,1.12,1.09,0.00775936,0.70739,69007510935,6,1014591102,62466503703,99985639695,3.65,2025-07-18 03:40:53.808,0.00268621,2014-05-22 00:00:00.000,2026-07-10 20:55:05.436,2026-07-10 20:55:11.028
solana,SOL,Solana,77.82,79.5,77.34,-0.2509791902,-0.32148,45286851419,7,1893109873,581955237.258221,630102766.841007,293.31,2025-01-19 11:15:27.957,0.500801,2020-05-11 19:35:23.449,2026-07-10 20:55:07.669,2026-07-10 20:55:11.028
cardano,ADA,Cardano,0.166844,0.169373,0.165383,0.00015786,0.09471,6218680640,18,312127353,37269855891.6933,45000000000,3.09,2021-09-02 06:00:10.474,0.01925275,2020-03-13 02:22:55.044,2026-07-10 20:55:08.768,2026-07-10 20:55:11.028
solana,SOL,Solana,77.7,79.5,77.34,-1.295474936,-1.63987,45235155546,7,1856184102,582156853.340243,630102588.34236,293.31,2025-01-19 11:15:27.957,0.500801,2020-05-11 19:35:23.449,2026-07-11 02:55:03.100,2026-07-11 02:55:10.922
bitcoin,BTC,Bitcoin,63827,64554,62955,571.37,0.90328,1279996161441,1,27792688396,20054584,20054584,126080,2025-10-06 18:57:42.558,67.81,2013-07-06 00:00:00.000,2026-07-10 20:55:08.962,2026-07-10 20:55:11.028
ethereum,ETH,Ethereum,1791.34,1805.53,1737.51,43.95,2.51497,216176299809,2,9103831806,120683081.211863,120683081.211863,4946.05,2025-08-24 19:21:03.333,0.432979,2015-10-20 00:00:00.000,2026-07-10 20:55:07.028,2026-07-10 20:55:11.028
ripple,XRP,XRP,1.1,1.12,1.09,0.00775936,0.70739,69007510935,6,1014591102,62466503703,99985639695,3.65,2025-07-18 03:40:53.808,0.00268621,2014-05-22 00:00:00.000,2026-07-10 20:55:05.436,2026-07-10 20:55:11.028
solana,SOL,Solana,77.82,79.5,77.34,-0.2509791902,-0.32148,45286851419,7,1893109873,581955237.258221,630102766.841007,293.31,2025-01-19 11:15:27.957,0.500801,2020-05-11 19:35:23.449,2026-07-10 20:55:07.669,2026-07-10 20:55:11.028
cardano,ADA,Cardano,0.166844,0.169373,0.165383,0.00015786,0.09471,6218680640,18,312127353,37269855891.6933,45000000000,3.09,2021-09-02 06:00:10.474,0.01925275,2020-03-13 02:22:55.044,2026-07-10 20:55:08.768,2026-07-10 20:55:11.028
bitcoin,BTC,Bitcoin,64112,64554,63672,192.25,0.30076,1285654957996,1,25180967329,20054662,20054662,126080,2025-10-06 18:57:42.558,67.81,2013-07-06 00:00:00.000,2026-07-11 02:55:05.776,2026-07-11 02:55:10.921
cardano,ADA,Cardano,0.16643,0.169373,0.165383,-0.002178732804,-1.29218,6202715702,18,298216729,37269855891.6933,45000000000,3.09,2021-09-02 06:00:10.474,0.01925275,2020-03-13 02:22:55.044,2026-07-11 02:54:50.582,2026-07-11 02:55:10.922
ripple,XRP,XRP,1.1,1.12,1.09,0.00775936,0.70739,69007510935,6,1014591102,62466503703,99985639695,3.65,2025-07-18 03:40:53.808,0.00268621,2014-05-22 00:00:00.000,2026-07-10 20:55:05.436,2026-07-10 20:55:11.028
bitcoin,BTC,Bitcoin,63948,64554,62618,999.81,1.58832,1282435070481,1,26965901416,20054421,20054453,126080,2025-10-06 18:57:42.558,67.81,2013-07-06 00:00:00.000,2026-07-10 14:55:03.815,2026-07-10 14:55:10.602
ethereum,ETH,Ethereum,1785.22,1805.53,1733.83,44.46,2.55422,215448491891,2,8288453163,120683081.211863,120683081.211863,4946.05,2025-08-24 19:21:03.333,0.432979,2015-10-20 00:00:00.000,2026-07-10 14:55:07.996,2026-07-10 14:55:10.602
ripple,XRP,XRP,1.1,1.12,1.087,0.00968621,0.88619,68881692822,6,968197398,62466503703,99985639695,3.65,2025-07-18 03:40:53.808,0.00268621,2014-05-22 00:00:00.000,2026-07-10 14:54:51.845,2026-07-10 14:55:10.602
solana,SOL,Solana,77.92,79.5,77.32,0.17098,0.21991,45346315940,7,1778437264,581955445.971974,630102963.278692,293.31,2025-01-19 11:15:27.957,0.500801,2020-05-11 19:35:23.449,2026-07-10 14:55:01.992,2026-07-10 14:55:10.602
cardano,ADA,Cardano,0.165854,0.169373,0.165083,-0.003147826782,-1.8626,6181344801,18,347500531,37269855891.6933,45000000000,3.09,2021-09-02 06:00:10.474,0.01925275,2020-03-13 02:22:55.044,2026-07-10 14:55:01.045,2026-07-10 14:55:10.602
solana,SOL,Solana,77.82,79.5,77.34,-0.2509791902,-0.32148,45286851419,7,1893109873,581955237.258221,630102766.841007,293.31,2025-01-19 11:15:27.957,0.500801,2020-05-11 19:35:23.449,2026-07-10 20:55:07.669,2026-07-10 20:55:11.028
bitcoin,BTC,Bitcoin,63948,64554,62618,999.81,1.58832,1282435070481,1,26965901416,20054421,20054453,126080,2025-10-06 18:57:42.558,67.81,2013-07-06 00:00:00.000,2026-07-10 14:55:03.815,2026-07-10 14:55:10.602
ethereum,ETH,Ethereum,1785.22,1805.53,1733.83,44.46,2.55422,215448491891,2,8288453163,120683081.211863,120683081.211863,4946.05,2025-08-24 19:21:03.333,0.432979,2015-10-20 00:00:00.000,2026-07-10 14:55:07.996,2026-07-10 14:55:10.602
ripple,XRP,XRP,1.1,1.12,1.087,0.00968621,0.88619,68881692822,6,968197398,62466503703,99985639695,3.65,2025-07-18 03:40:53.808,0.00268621,2014-05-22 00:00:00.000,2026-07-10 14:54:51.845,2026-07-10 14:55:10.602
solana,SOL,Solana,77.92,79.5,77.32,0.17098,0.21991,45346315940,7,1778437264,581955445.971974,630102963.278692,293.31,2025-01-19 11:15:27.957,0.500801,2020-05-11 19:35:23.449,2026-07-10 14:55:01.992,2026-07-10 14:55:10.602
cardano,ADA,Cardano,0.165854,0.169373,0.165083,-0.003147826782,-1.8626,6181344801,18,347500531,37269855891.6933,45000000000,3.09,2021-09-02 06:00:10.474,0.01925275,2020-03-13 02:22:55.044,2026-07-10 14:55:01.045,2026-07-10 14:55:10.602
ethereum,ETH,Ethereum,1791.34,1805.53,1737.51,43.95,2.51497,216176299809,2,9103831806,120683081.211863,120683081.211863,4946.05,2025-08-24 19:21:03.333,0.432979,2015-10-20 00:00:00.000,2026-07-10 20:55:07.028,2026-07-10 20:55:11.028
bitcoin,BTC,Bitcoin,63948,64554,62618,999.81,1.58832,1282435070481,1,26965901416,20054421,20054453,126080,2025-10-06 18:57:42.558,67.81,2013-07-06 00:00:00.000,2026-07-10 14:55:03.815,2026-07-10 14:55:10.602
ethereum,ETH,Ethereum,1785.22,1805.53,1733.83,44.46,2.55422,215448491891,2,8288453163,120683081.211863,120683081.211863,4946.05,2025-08-24 19:21:03.333,0.432979,2015-10-20 00:00:00.000,2026-07-10 14:55:07.996,2026-07-10 14:55:10.602
ripple,XRP,XRP,1.1,1.12,1.087,0.00968621,0.88619,68881692822,6,968197398,62466503703,99985639695,3.65,2025-07-18 03:40:53.808,0.00268621,2014-05-22 00:00:00.000,2026-07-10 14:54:51.845,2026-07-10 14:55:10.602
solana,SOL,Solana,77.92,79.5,77.32,0.17098,0.21991,45346315940,7,1778437264,581955445.971974,630102963.278692,293.31,2025-01-19 11:15:27.957,0.500801,2020-05-11 19:35:23.449,2026-07-10 14:55:01.992,2026-07-10 14:55:10.602
cardano,ADA,Cardano,0.165854,0.169373,0.165083,-0.003147826782,-1.8626,6181344801,18,347500531,37269855891.6933,45000000000,3.09,2021-09-02 06:00:10.474,0.01925275,2020-03-13 02:22:55.044,2026-07-10 14:55:01.045,2026-07-10 14:55:10.602
ripple,XRP,XRP,1.1,1.12,1.087,0.00968621,0.88619,68881692822,6,968197398,62466503703,99985639695,3.65,2025-07-18 03:40:53.808,0.00268621,2014-05-22 00:00:00.000,2026-07-10 14:54:51.845,2026-07-10 14:55:10.602
bitcoin,BTC,Bitcoin,64135,64265,62506,1297.95,2.0656,1285988071675,1,28285501944,20054371,20054371,126080,2025-10-06 18:57:42.558,67.81,2013-07-06 00:00:00.000,2026-07-10 08:55:07.588,2026-07-10 08:55:11.157
ethereum,ETH,Ethereum,1782.71,1784.19,1733.83,29.85,1.70319,215088415566,2,7562569217,120683081.211863,120683081.211863,4946.05,2025-08-24 19:21:03.333,0.432979,2015-10-20 00:00:00.000,2026-07-10 08:55:08.496,2026-07-10 08:55:11.157
ripple,XRP,XRP,1.11,1.11,1.087,0.01570958,1.43399,69423881981,6,893774977,62466503703,99985639695,3.65,2025-07-18 03:40:53.808,0.00268621,2014-05-22 00:00:00.000,2026-07-10 08:55:04.341,2026-07-10 08:55:11.157
solana,SOL,Solana,79.27,79.3,77.31,1.12,1.42742,46124945894,7,1560005181,581838007.175656,629973737.040262,293.31,2025-01-19 11:15:27.957,0.500801,2020-05-11 19:35:23.449,2026-07-10 08:55:03.941,2026-07-10 08:55:11.157
cardano,ADA,Cardano,0.167944,0.169552,0.165083,0.00090619,0.54251,6259744524,18,338602542,37269855891.6933,45000000000,3.09,2021-09-02 06:00:10.474,0.01925275,2020-03-13 02:22:55.044,2026-07-10 08:55:10.945,2026-07-10 08:55:11.157
bitcoin,BTC,Bitcoin,63948,64554,62618,999.81,1.58832,1282435070481,1,26965901416,20054421,20054453,126080,2025-10-06 18:57:42.558,67.81,2013-07-06 00:00:00.000,2026-07-10 14:55:03.815,2026-07-10 14:55:10.602
cardano,ADA,Cardano,0.165854,0.169373,0.165083,-0.003147826782,-1.8626,6181344801,18,347500531,37269855891.6933,45000000000,3.09,2021-09-02 06:00:10.474,0.01925275,2020-03-13 02:22:55.044,2026-07-10 14:55:01.045,2026-07-10 14:55:10.602
bitcoin,BTC,Bitcoin,64135,64265,62506,1297.95,2.0656,1285988071675,1,28285501944,20054371,20054371,126080,2025-10-06 18:57:42.558,67.81,2013-07-06 00:00:00.000,2026-07-10 08:55:07.588,2026-07-10 08:55:11.157
ethereum,ETH,Ethereum,1782.71,1784.19,1733.83,29.85,1.70319,215088415566,2,7562569217,120683081.211863,120683081.211863,4946.05,2025-08-24 19:21:03.333,0.432979,2015-10-20 00:00:00.000,2026-07-10 08:55:08.496,2026-07-10 08:55:11.157
ripple,XRP,XRP,1.11,1.11,1.087,0.01570958,1.43399,69423881981,6,893774977,62466503703,99985639695,3.65,2025-07-18 03:40:53.808,0.00268621,2014-05-22 00:00:00.000,2026-07-10 08:55:04.341,2026-07-10 08:55:11.157
solana,SOL,Solana,79.27,79.3,77.31,1.12,1.42742,46124945894,7,1560005181,581838007.175656,629973737.040262,293.31,2025-01-19 11:15:27.957,0.500801,2020-05-11 19:35:23.449,2026-07-10 08:55:03.941,2026-07-10 08:55:11.157
cardano,ADA,Cardano,0.167944,0.169552,0.165083,0.00090619,0.54251,6259744524,18,338602542,37269855891.6933,45000000000,3.09,2021-09-02 06:00:10.474,0.01925275,2020-03-13 02:22:55.044,2026-07-10 08:55:10.945,2026-07-10 08:55:11.157
bitcoin,BTC,Bitcoin,64135,64265,62506,1297.95,2.0656,1285988071675,1,28285501944,20054371,20054371,126080,2025-10-06 18:57:42.558,67.81,2013-07-06 00:00:00.000,2026-07-10 08:55:07.588,2026-07-10 08:55:11.157
ethereum,ETH,Ethereum,1782.71,1784.19,1733.83,29.85,1.70319,215088415566,2,7562569217,120683081.211863,120683081.211863,4946.05,2025-08-24 19:21:03.333,0.432979,2015-10-20 00:00:00.000,2026-07-10 08:55:08.496,2026-07-10 08:55:11.157
ripple,XRP,XRP,1.11,1.11,1.087,0.01570958,1.43399,69423881981,6,893774977,62466503703,99985639695,3.65,2025-07-18 03:40:53.808,0.00268621,2014-05-22 00:00:00.000,2026-07-10 08:55:04.341,2026-07-10 08:55:11.157
solana,SOL,Solana,79.27,79.3,77.31,1.12,1.42742,46124945894,7,1560005181,581838007.175656,629973737.040262,293.31,2025-01-19 11:15:27.957,0.500801,2020-05-11 19:35:23.449,2026-07-10 08:55:03.941,2026-07-10 08:55:11.157
cardano,ADA,Cardano,0.167944,0.169552,0.165083,0.00090619,0.54251,6259744524,18,338602542,37269855891.6933,45000000000,3.09,2021-09-02 06:00:10.474,0.01925275,2020-03-13 02:22:55.044,2026-07-10 08:55:10.945,2026-07-10 08:55:11.157
ethereum,ETH,Ethereum,1785.22,1805.53,1733.83,44.46,2.55422,215448491891,2,8288453163,120683081.211863,120683081.211863,4946.05,2025-08-24 19:21:03.333,0.432979,2015-10-20 00:00:00.000,2026-07-10 14:55:07.996,2026-07-10 14:55:10.602
ripple,XRP,XRP,1.11,1.11,1.087,0.01570958,1.43399,69423881981,6,893774977,62466503703,99985639695,3.65,2025-07-18 03:40:53.808,0.00268621,2014-05-22 00:00:00.000,2026-07-10 08:55:04.341,2026-07-10 08:55:11.157
bitcoin,BTC,Bitcoin,63926,63927,61735,2184.97,3.53895,1282373657769,1,27904574996,20054275,20054275,126080,2025-10-06 18:57:42.558,67.81,2013-07-06 00:00:00.000,2026-07-10 02:55:09.717,2026-07-10 02:55:10.914
ethereum,ETH,Ethereum,1772.33,1773.25,1723.81,46.11,2.67126,213889002548,2,7249048368,120683081.211863,120683081.211863,4946.05,2025-08-24 19:21:03.333,0.432979,2015-10-20 00:00:00.000,2026-07-10 02:55:09.747,2026-07-10 02:55:10.914
ripple,XRP,XRP,1.11,1.11,1.084,0.02346368,2.16528,69140763943,6,899315799,62466503703,99985639695,3.65,2025-07-18 03:40:53.808,0.00268621,2014-05-22 00:00:00.000,2026-07-10 02:55:01.982,2026-07-10 02:55:10.914
solana,SOL,Solana,78.99,79.2,76.88,1.91,2.48335,45954224965,7,1623593550,581838168.220989,629973913.34749,293.31,2025-01-19 11:15:27.957,0.500801,2020-05-11 19:35:23.449,2026-07-10 02:55:00.847,2026-07-10 02:55:10.914
cardano,ADA,Cardano,0.168572,0.169592,0.165083,0.00240934,1.44999,6280400844,18,289299493,37269855891.6933,45000000000,3.09,2021-09-02 06:00:10.474,0.01925275,2020-03-13 02:22:55.044,2026-07-10 02:55:08.486,2026-07-10 02:55:10.914
solana,SOL,Solana,79.27,79.3,77.31,1.12,1.42742,46124945894,7,1560005181,581838007.175656,629973737.040262,293.31,2025-01-19 11:15:27.957,0.500801,2020-05-11 19:35:23.449,2026-07-10 08:55:03.941,2026-07-10 08:55:11.157
bitcoin,BTC,Bitcoin,63926,63927,61735,2184.97,3.53895,1282373657769,1,27904574996,20054275,20054275,126080,2025-10-06 18:57:42.558,67.81,2013-07-06 00:00:00.000,2026-07-10 02:55:09.717,2026-07-10 02:55:10.914
ethereum,ETH,Ethereum,1772.33,1773.25,1723.81,46.11,2.67126,213889002548,2,7249048368,120683081.211863,120683081.211863,4946.05,2025-08-24 19:21:03.333,0.432979,2015-10-20 00:00:00.000,2026-07-10 02:55:09.747,2026-07-10 02:55:10.914
ripple,XRP,XRP,1.11,1.11,1.084,0.02346368,2.16528,69140763943,6,899315799,62466503703,99985639695,3.65,2025-07-18 03:40:53.808,0.00268621,2014-05-22 00:00:00.000,2026-07-10 02:55:01.982,2026-07-10 02:55:10.914
solana,SOL,Solana,78.99,79.2,76.88,1.91,2.48335,45954224965,7,1623593550,581838168.220989,629973913.34749,293.31,2025-01-19 11:15:27.957,0.500801,2020-05-11 19:35:23.449,2026-07-10 02:55:00.847,2026-07-10 02:55:10.914
cardano,ADA,Cardano,0.168572,0.169592,0.165083,0.00240934,1.44999,6280400844,18,289299493,37269855891.6933,45000000000,3.09,2021-09-02 06:00:10.474,0.01925275,2020-03-13 02:22:55.044,2026-07-10 02:55:08.486,2026-07-10 02:55:10.914
ethereum,ETH,Ethereum,1782.71,1784.19,1733.83,29.85,1.70319,215088415566,2,7562569217,120683081.211863,120683081.211863,4946.05,2025-08-24 19:21:03.333,0.432979,2015-10-20 00:00:00.000,2026-07-10 08:55:08.496,2026-07-10 08:55:11.157
bitcoin,BTC,Bitcoin,63926,63927,61735,2184.97,3.53895,1282373657769,1,27904574996,20054275,20054275,126080,2025-10-06 18:57:42.558,67.81,2013-07-06 00:00:00.000,2026-07-10 02:55:09.717,2026-07-10 02:55:10.914
ethereum,ETH,Ethereum,1772.33,1773.25,1723.81,46.11,2.67126,213889002548,2,7249048368,120683081.211863,120683081.211863,4946.05,2025-08-24 19:21:03.333,0.432979,2015-10-20 00:00:00.000,2026-07-10 02:55:09.747,2026-07-10 02:55:10.914
ripple,XRP,XRP,1.11,1.11,1.084,0.02346368,2.16528,69140763943,6,899315799,62466503703,99985639695,3.65,2025-07-18 03:40:53.808,0.00268621,2014-05-22 00:00:00.000,2026-07-10 02:55:01.982,2026-07-10 02:55:10.914
solana,SOL,Solana,78.99,79.2,76.88,1.91,2.48335,45954224965,7,1623593550,581838168.220989,629973913.34749,293.31,2025-01-19 11:15:27.957,0.500801,2020-05-11 19:35:23.449,2026-07-10 02:55:00.847,2026-07-10 02:55:10.914
cardano,ADA,Cardano,0.168572,0.169592,0.165083,0.00240934,1.44999,6280400844,18,289299493,37269855891.6933,45000000000,3.09,2021-09-02 06:00:10.474,0.01925275,2020-03-13 02:22:55.044,2026-07-10 02:55:08.486,2026-07-10 02:55:10.914
solana,SOL,Solana,78.99,79.2,76.88,1.91,2.48335,45954224965,7,1623593550,581838168.220989,629973913.34749,293.31,2025-01-19 11:15:27.957,0.500801,2020-05-11 19:35:23.449,2026-07-10 02:55:00.847,2026-07-10 02:55:10.914
bitcoin,BTC,Bitcoin,63214,63344,61721,1131.26,1.82218,1267972936276,1,26857842003,20054193,20054193,126080,2025-10-06 18:57:42.558,67.81,2013-07-06 00:00:00.000,2026-07-09 20:54:58.291,2026-07-09 20:55:11.422
ethereum,ETH,Ethereum,1747.13,1756.08,1723.81,12.15,0.70043,210882878651,2,7514431100,120683100.569256,120683100.569256,4946.05,2025-08-24 19:21:03.333,0.432979,2015-10-20 00:00:00.000,2026-07-09 20:55:01.072,2026-07-09 20:55:11.422
ripple,XRP,XRP,1.096,1.099,1.083,0.00796844,0.73224,68485499230,6,903113851,62466503703,99985639695,3.65,2025-07-18 03:40:53.808,0.00268621,2014-05-22 00:00:00.000,2026-07-09 20:55:01.272,2026-07-09 20:55:11.422
solana,SOL,Solana,78.1,78.49,76.88,1.008,1.30745,45443244494,7,1671065417,581838353.543729,629974099.998833,293.31,2025-01-19 11:15:27.957,0.500801,2020-05-11 19:35:23.449,2026-07-09 20:54:46.623,2026-07-09 20:55:11.422
cardano,ADA,Cardano,0.166649,0.169592,0.165083,0.00058866,0.35448,6211266040,18,283340117,37269855891.6933,45000000000,3.09,2021-09-02 06:00:10.474,0.01925275,2020-03-13 02:22:55.044,2026-07-09 20:54:54.979,2026-07-09 20:55:11.422
ripple,XRP,XRP,1.11,1.11,1.084,0.02346368,2.16528,69140763943,6,899315799,62466503703,99985639695,3.65,2025-07-18 03:40:53.808,0.00268621,2014-05-22 00:00:00.000,2026-07-10 02:55:01.982,2026-07-10 02:55:10.914
bitcoin,BTC,Bitcoin,63214,63344,61721,1131.26,1.82218,1267972936276,1,26857842003,20054193,20054193,126080,2025-10-06 18:57:42.558,67.81,2013-07-06 00:00:00.000,2026-07-09 20:54:58.291,2026-07-09 20:55:11.422
ethereum,ETH,Ethereum,1747.13,1756.08,1723.81,12.15,0.70043,210882878651,2,7514431100,120683100.569256,120683100.569256,4946.05,2025-08-24 19:21:03.333,0.432979,2015-10-20 00:00:00.000,2026-07-09 20:55:01.072,2026-07-09 20:55:11.422
ripple,XRP,XRP,1.096,1.099,1.083,0.00796844,0.73224,68485499230,6,903113851,62466503703,99985639695,3.65,2025-07-18 03:40:53.808,0.00268621,2014-05-22 00:00:00.000,2026-07-09 20:55:01.272,2026-07-09 20:55:11.422
solana,SOL,Solana,78.1,78.49,76.88,1.008,1.30745,45443244494,7,1671065417,581838353.543729,629974099.998833,293.31,2025-01-19 11:15:27.957,0.500801,2020-05-11 19:35:23.449,2026-07-09 20:54:46.623,2026-07-09 20:55:11.422
cardano,ADA,Cardano,0.166649,0.169592,0.165083,0.00058866,0.35448,6211266040,18,283340117,37269855891.6933,45000000000,3.09,2021-09-02 06:00:10.474,0.01925275,2020-03-13 02:22:55.044,2026-07-09 20:54:54.979,2026-07-09 20:55:11.422
ethereum,ETH,Ethereum,1772.33,1773.25,1723.81,46.11,2.67126,213889002548,2,7249048368,120683081.211863,120683081.211863,4946.05,2025-08-24 19:21:03.333,0.432979,2015-10-20 00:00:00.000,2026-07-10 02:55:09.747,2026-07-10 02:55:10.914
bitcoin,BTC,Bitcoin,63214,63344,61721,1131.26,1.82218,1267972936276,1,26857842003,20054193,20054193,126080,2025-10-06 18:57:42.558,67.81,2013-07-06 00:00:00.000,2026-07-09 20:54:58.291,2026-07-09 20:55:11.422
ethereum,ETH,Ethereum,1747.13,1756.08,1723.81,12.15,0.70043,210882878651,2,7514431100,120683100.569256,120683100.569256,4946.05,2025-08-24 19:21:03.333,0.432979,2015-10-20 00:00:00.000,2026-07-09 20:55:01.072,2026-07-09 20:55:11.422
ripple,XRP,XRP,1.096,1.099,1.083,0.00796844,0.73224,68485499230,6,903113851,62466503703,99985639695,3.65,2025-07-18 03:40:53.808,0.00268621,2014-05-22 00:00:00.000,2026-07-09 20:55:01.272,2026-07-09 20:55:11.422
solana,SOL,Solana,78.1,78.49,76.88,1.008,1.30745,45443244494,7,1671065417,581838353.543729,629974099.998833,293.31,2025-01-19 11:15:27.957,0.500801,2020-05-11 19:35:23.449,2026-07-09 20:54:46.623,2026-07-09 20:55:11.422
cardano,ADA,Cardano,0.166649,0.169592,0.165083,0.00058866,0.35448,6211266040,18,283340117,37269855891.6933,45000000000,3.09,2021-09-02 06:00:10.474,0.01925275,2020-03-13 02:22:55.044,2026-07-09 20:54:54.979,2026-07-09 20:55:11.422
ripple,XRP,XRP,1.096,1.099,1.083,0.00796844,0.73224,68485499230,6,903113851,62466503703,99985639695,3.65,2025-07-18 03:40:53.808,0.00268621,2014-05-22 00:00:00.000,2026-07-09 20:55:01.272,2026-07-09 20:55:11.422
ethereum,ETH,Ethereum,1747.13,1756.08,1723.81,12.15,0.70043,210882878651,2,7514431100,120683100.569256,120683100.569256,4946.05,2025-08-24 19:21:03.333,0.432979,2015-10-20 00:00:00.000,2026-07-09 20:55:01.072,2026-07-09 20:55:11.422
bitcoin,BTC,Bitcoin,62825,63078,61550,982.5,1.5887,1259400481678,1,26797605503,20054090,20054090,126080,2025-10-06 18:57:42.558,67.81,2013-07-06 00:00:00.000,2026-07-09 14:55:10.346,2026-07-09 14:55:11.581
ethereum,ETH,Ethereum,1737.51,1756.08,1715.91,9.41,0.54439,209639384740,2,7626476956,120683100.569256,120683100.569256,4946.05,2025-08-24 19:21:03.333,0.432979,2015-10-20 00:00:00.000,2026-07-09 14:55:10.560,2026-07-09 14:55:11.581
ripple,XRP,XRP,1.092,1.099,1.071,0.01579636,1.46791,68236694454,6,1013833379,62466503703,99985639695,3.65,2025-07-18 03:40:53.808,0.00268621,2014-05-22 00:00:00.000,2026-07-09 14:55:04.417,2026-07-09 14:55:11.581
solana,SOL,Solana,77.67,78.49,76.34,0.740428,0.96252,45191646420,7,1791803000,581838557.416868,629974305.114153,293.31,2025-01-19 11:15:27.957,0.500801,2020-05-11 19:35:23.449,2026-07-09 14:55:03.590,2026-07-09 14:55:11.581
cardano,ADA,Cardano,0.168983,0.169592,0.165001,0.00233818,1.40309,6297975305,17,271271213,37269855891.6933,45000000000,3.09,2021-09-02 06:00:10.474,0.01925275,2020-03-13 02:22:55.044,2026-07-09 14:54:56.071,2026-07-09 14:55:11.581
bitcoin,BTC,Bitcoin,62825,63078,61550,982.5,1.5887,1259400481678,1,26797605503,20054090,20054090,126080,2025-10-06 18:57:42.558,67.81,2013-07-06 00:00:00.000,2026-07-09 14:55:10.346,2026-07-09 14:55:11.581
ethereum,ETH,Ethereum,1737.51,1756.08,1715.91,9.41,0.54439,209639384740,2,7626476956,120683100.569256,120683100.569256,4946.05,2025-08-24 19:21:03.333,0.432979,2015-10-20 00:00:00.000,2026-07-09 14:55:10.560,2026-07-09 14:55:11.581
ripple,XRP,XRP,1.092,1.099,1.071,0.01579636,1.46791,68236694454,6,1013833379,62466503703,99985639695,3.65,2025-07-18 03:40:53.808,0.00268621,2014-05-22 00:00:00.000,2026-07-09 14:55:04.417,2026-07-09 14:55:11.581
solana,SOL,Solana,77.67,78.49,76.34,0.740428,0.96252,45191646420,7,1791803000,581838557.416868,629974305.114153,293.31,2025-01-19 11:15:27.957,0.500801,2020-05-11 19:35:23.449,2026-07-09 14:55:03.590,2026-07-09 14:55:11.581
cardano,ADA,Cardano,0.168983,0.169592,0.165001,0.00233818,1.40309,6297975305,17,271271213,37269855891.6933,45000000000,3.09,2021-09-02 06:00:10.474,0.01925275,2020-03-13 02:22:55.044,2026-07-09 14:54:56.071,2026-07-09 14:55:11.581
solana,SOL,Solana,78.1,78.49,76.88,1.008,1.30745,45443244494,7,1671065417,581838353.543729,629974099.998833,293.31,2025-01-19 11:15:27.957,0.500801,2020-05-11 19:35:23.449,2026-07-09 20:54:46.623,2026-07-09 20:55:11.422
bitcoin,BTC,Bitcoin,62825,63078,61550,982.5,1.5887,1259400481678,1,26797605503,20054090,20054090,126080,2025-10-06 18:57:42.558,67.81,2013-07-06 00:00:00.000,2026-07-09 14:55:10.346,2026-07-09 14:55:11.581
ethereum,ETH,Ethereum,1737.51,1756.08,1715.91,9.41,0.54439,209639384740,2,7626476956,120683100.569256,120683100.569256,4946.05,2025-08-24 19:21:03.333,0.432979,2015-10-20 00:00:00.000,2026-07-09 14:55:10.560,2026-07-09 14:55:11.581
ripple,XRP,XRP,1.092,1.099,1.071,0.01579636,1.46791,68236694454,6,1013833379,62466503703,99985639695,3.65,2025-07-18 03:40:53.808,0.00268621,2014-05-22 00:00:00.000,2026-07-09 14:55:04.417,2026-07-09 14:55:11.581
solana,SOL,Solana,77.67,78.49,76.34,0.740428,0.96252,45191646420,7,1791803000,581838557.416868,629974305.114153,293.31,2025-01-19 11:15:27.957,0.500801,2020-05-11 19:35:23.449,2026-07-09 14:55:03.590,2026-07-09 14:55:11.581
cardano,ADA,Cardano,0.168983,0.169592,0.165001,0.00233818,1.40309,6297975305,17,271271213,37269855891.6933,45000000000,3.09,2021-09-02 06:00:10.474,0.01925275,2020-03-13 02:22:55.044,2026-07-09 14:54:56.071,2026-07-09 14:55:11.581
solana,SOL,Solana,77.67,78.49,76.34,0.740428,0.96252,45191646420,7,1791803000,581838557.416868,629974305.114153,293.31,2025-01-19 11:15:27.957,0.500801,2020-05-11 19:35:23.449,2026-07-09 14:55:03.590,2026-07-09 14:55:11.581
bitcoin,BTC,Bitcoin,62851,63078,61550,713.09,1.1476,1260364128596,1,26201802405,20053978,20053978,126080,2025-10-06 18:57:42.558,67.81,2013-07-06 00:00:00.000,2026-07-09 08:54:36.811,2026-07-09 08:55:11.677
ethereum,ETH,Ethereum,1752.77,1756.08,1715.91,14.15,0.81404,211519911645,2,9471506236,120683100.569256,120683100.569256,4946.05,2025-08-24 19:21:03.333,0.432979,2015-10-20 00:00:00.000,2026-07-09 08:54:36.906,2026-07-09 08:55:11.677
ripple,XRP,XRP,1.096,1.099,1.071,0.01360477,1.25732,68454692073,6,1313857036,62466503703,99985639695,3.65,2025-07-18 03:40:53.808,0.00268621,2014-05-22 00:00:00.000,2026-07-09 08:54:33.382,2026-07-09 08:55:11.677
solana,SOL,Solana,78.08,78.49,76.34,0.65107,0.84081,45432705576,7,1996056371,581838753.831332,629974492.562446,293.31,2025-01-19 11:15:27.957,0.500801,2020-05-11 19:35:23.449,2026-07-09 08:54:27.935,2026-07-09 08:55:11.677
cardano,ADA,Cardano,0.167047,0.169592,0.165001,0.00046511,0.27921,6225618423,17,282394820,37269855891.6933,45000000000,3.09,2021-09-02 06:00:10.474,0.01925275,2020-03-13 02:22:55.044,2026-07-09 08:54:35.829,2026-07-09 08:55:11.677
ripple,XRP,XRP,1.092,1.099,1.071,0.01579636,1.46791,68236694454,6,1013833379,62466503703,99985639695,3.65,2025-07-18 03:40:53.808,0.00268621,2014-05-22 00:00:00.000,2026-07-09 14:55:04.417,2026-07-09 14:55:11.581
bitcoin,BTC,Bitcoin,62851,63078,61550,713.09,1.1476,1260364128596,1,26201802405,20053978,20053978,126080,2025-10-06 18:57:42.558,67.81,2013-07-06 00:00:00.000,2026-07-09 08:54:36.811,2026-07-09 08:55:11.677
ethereum,ETH,Ethereum,1752.77,1756.08,1715.91,14.15,0.81404,211519911645,2,9471506236,120683100.569256,120683100.569256,4946.05,2025-08-24 19:21:03.333,0.432979,2015-10-20 00:00:00.000,2026-07-09 08:54:36.906,2026-07-09 08:55:11.677
ripple,XRP,XRP,1.096,1.099,1.071,0.01360477,1.25732,68454692073,6,1313857036,62466503703,99985639695,3.65,2025-07-18 03:40:53.808,0.00268621,2014-05-22 00:00:00.000,2026-07-09 08:54:33.382,2026-07-09 08:55:11.677
solana,SOL,Solana,78.08,78.49,76.34,0.65107,0.84081,45432705576,7,1996056371,581838753.831332,629974492.562446,293.31,2025-01-19 11:15:27.957,0.500801,2020-05-11 19:35:23.449,2026-07-09 08:54:27.935,2026-07-09 08:55:11.677
cardano,ADA,Cardano,0.167047,0.169592,0.165001,0.00046511,0.27921,6225618423,17,282394820,37269855891.6933,45000000000,3.09,2021-09-02 06:00:10.474,0.01925275,2020-03-13 02:22:55.044,2026-07-09 08:54:35.829,2026-07-09 08:55:11.677
bitcoin,BTC,Bitcoin,62825,63078,61550,982.5,1.5887,1259400481678,1,26797605503,20054090,20054090,126080,2025-10-06 18:57:42.558,67.81,2013-07-06 00:00:00.000,2026-07-09 14:55:10.346,2026-07-09 14:55:11.581
cardano,ADA,Cardano,0.168983,0.169592,0.165001,0.00233818,1.40309,6297975305,17,271271213,37269855891.6933,45000000000,3.09,2021-09-02 06:00:10.474,0.01925275,2020-03-13 02:22:55.044,2026-07-09 14:54:56.071,2026-07-09 14:55:11.581
bitcoin,BTC,Bitcoin,62851,63078,61550,713.09,1.1476,1260364128596,1,26201802405,20053978,20053978,126080,2025-10-06 18:57:42.558,67.81,2013-07-06 00:00:00.000,2026-07-09 08:54:36.811,2026-07-09 08:55:11.677
ethereum,ETH,Ethereum,1752.77,1756.08,1715.91,14.15,0.81404,211519911645,2,9471506236,120683100.569256,120683100.569256,4946.05,2025-08-24 19:21:03.333,0.432979,2015-10-20 00:00:00.000,2026-07-09 08:54:36.906,2026-07-09 08:55:11.677
ripple,XRP,XRP,1.096,1.099,1.071,0.01360477,1.25732,68454692073,6,1313857036,62466503703,99985639695,3.65,2025-07-18 03:40:53.808,0.00268621,2014-05-22 00:00:00.000,2026-07-09 08:54:33.382,2026-07-09 08:55:11.677
solana,SOL,Solana,78.08,78.49,76.34,0.65107,0.84081,45432705576,7,1996056371,581838753.831332,629974492.562446,293.31,2025-01-19 11:15:27.957,0.500801,2020-05-11 19:35:23.449,2026-07-09 08:54:27.935,2026-07-09 08:55:11.677
cardano,ADA,Cardano,0.167047,0.169592,0.165001,0.00046511,0.27921,6225618423,17,282394820,37269855891.6933,45000000000,3.09,2021-09-02 06:00:10.474,0.01925275,2020-03-13 02:22:55.044,2026-07-09 08:54:35.829,2026-07-09 08:55:11.677
bitcoin,BTC,Bitcoin,61721,63041,61550,-1211.329986892,-1.92481,1237749434628,1,25605662684,20053881,20053881,126080,2025-10-06 18:57:42.558,67.81,2013-07-06 00:00:00.000,2026-07-09 02:55:07.134,2026-07-09 02:55:10.329
ethereum,ETH,Ethereum,1725.84,1761.8,1715.91,-30.240474823,-1.72204,208279656013,2,9962965738,120683100.569256,120683100.569256,4946.05,2025-08-24 19:21:03.333,0.432979,2015-10-20 00:00:00.000,2026-07-09 02:55:07.146,2026-07-09 02:55:10.329
ripple,XRP,XRP,1.083,1.1,1.071,-0.01518916181,-1.38253,67678133715,6,1412998031,62466503703,99985639695,3.65,2025-07-18 03:40:53.808,0.00268621,2014-05-22 00:00:00.000,2026-07-09 02:55:08.166,2026-07-09 02:55:10.329
solana,SOL,Solana,77.04,79.21,76.34,-1.927559095,-2.44109,44822195460,7,2186282904,581838934.393491,629974714.035415,293.31,2025-01-19 11:15:27.957,0.500801,2020-05-11 19:35:23.449,2026-07-09 02:55:08.173,2026-07-09 02:55:10.329
cardano,ADA,Cardano,0.166169,0.172529,0.165001,-0.005164813534,-3.01448,6193088599,17,303966327,37269855891.6933,45000000000,3.09,2021-09-02 06:00:10.474,0.01925275,2020-03-13 02:22:55.044,2026-07-09 02:54:56.833,2026-07-09 02:55:10.329
ripple,XRP,XRP,1.096,1.099,1.071,0.01360477,1.25732,68454692073,6,1313857036,62466503703,99985639695,3.65,2025-07-18 03:40:53.808,0.00268621,2014-05-22 00:00:00.000,2026-07-09 08:54:33.382,2026-07-09 08:55:11.677
bitcoin,BTC,Bitcoin,62851,63078,61550,713.09,1.1476,1260364128596,1,26201802405,20053978,20053978,126080,2025-10-06 18:57:42.558,67.81,2013-07-06 00:00:00.000,2026-07-09 08:54:36.811,2026-07-09 08:55:11.677
cardano,ADA,Cardano,0.167047,0.169592,0.165001,0.00046511,0.27921,6225618423,17,282394820,37269855891.6933,45000000000,3.09,2021-09-02 06:00:10.474,0.01925275,2020-03-13 02:22:55.044,2026-07-09 08:54:35.829,2026-07-09 08:55:11.677
bitcoin,BTC,Bitcoin,61721,63041,61550,-1211.329986892,-1.92481,1237749434628,1,25605662684,20053881,20053881,126080,2025-10-06 18:57:42.558,67.81,2013-07-06 00:00:00.000,2026-07-09 02:55:07.134,2026-07-09 02:55:10.329
ethereum,ETH,Ethereum,1725.84,1761.8,1715.91,-30.240474823,-1.72204,208279656013,2,9962965738,120683100.569256,120683100.569256,4946.05,2025-08-24 19:21:03.333,0.432979,2015-10-20 00:00:00.000,2026-07-09 02:55:07.146,2026-07-09 02:55:10.329
ripple,XRP,XRP,1.083,1.1,1.071,-0.01518916181,-1.38253,67678133715,6,1412998031,62466503703,99985639695,3.65,2025-07-18 03:40:53.808,0.00268621,2014-05-22 00:00:00.000,2026-07-09 02:55:08.166,2026-07-09 02:55:10.329
solana,SOL,Solana,77.04,79.21,76.34,-1.927559095,-2.44109,44822195460,7,2186282904,581838934.393491,629974714.035415,293.31,2025-01-19 11:15:27.957,0.500801,2020-05-11 19:35:23.449,2026-07-09 02:55:08.173,2026-07-09 02:55:10.329
cardano,ADA,Cardano,0.166169,0.172529,0.165001,-0.005164813534,-3.01448,6193088599,17,303966327,37269855891.6933,45000000000,3.09,2021-09-02 06:00:10.474,0.01925275,2020-03-13 02:22:55.044,2026-07-09 02:54:56.833,2026-07-09 02:55:10.329
bitcoin,BTC,Bitcoin,61721,63041,61550,-1211.329986892,-1.92481,1237749434628,1,25605662684,20053881,20053881,126080,2025-10-06 18:57:42.558,67.81,2013-07-06 00:00:00.000,2026-07-09 02:55:07.134,2026-07-09 02:55:10.329
ethereum,ETH,Ethereum,1725.84,1761.8,1715.91,-30.240474823,-1.72204,208279656013,2,9962965738,120683100.569256,120683100.569256,4946.05,2025-08-24 19:21:03.333,0.432979,2015-10-20 00:00:00.000,2026-07-09 02:55:07.146,2026-07-09 02:55:10.329
ripple,XRP,XRP,1.083,1.1,1.071,-0.01518916181,-1.38253,67678133715,6,1412998031,62466503703,99985639695,3.65,2025-07-18 03:40:53.808,0.00268621,2014-05-22 00:00:00.000,2026-07-09 02:55:08.166,2026-07-09 02:55:10.329
solana,SOL,Solana,77.04,79.21,76.34,-1.927559095,-2.44109,44822195460,7,2186282904,581838934.393491,629974714.035415,293.31,2025-01-19 11:15:27.957,0.500801,2020-05-11 19:35:23.449,2026-07-09 02:55:08.173,2026-07-09 02:55:10.329
cardano,ADA,Cardano,0.166169,0.172529,0.165001,-0.005164813534,-3.01448,6193088599,17,303966327,37269855891.6933,45000000000,3.09,2021-09-02 06:00:10.474,0.01925275,2020-03-13 02:22:55.044,2026-07-09 02:54:56.833,2026-07-09 02:55:10.329
ethereum,ETH,Ethereum,1752.77,1756.08,1715.91,14.15,0.81404,211519911645,2,9471506236,120683100.569256,120683100.569256,4946.05,2025-08-24 19:21:03.333,0.432979,2015-10-20 00:00:00.000,2026-07-09 08:54:36.906,2026-07-09 08:55:11.677
bitcoin,BTC,Bitcoin,61721,63041,61550,-1211.329986892,-1.92481,1237749434628,1,25605662684,20053881,20053881,126080,2025-10-06 18:57:42.558,67.81,2013-07-06 00:00:00.000,2026-07-09 02:55:07.134,2026-07-09 02:55:10.329
cardano,ADA,Cardano,0.166169,0.172529,0.165001,-0.005164813534,-3.01448,6193088599,17,303966327,37269855891.6933,45000000000,3.09,2021-09-02 06:00:10.474,0.01925275,2020-03-13 02:22:55.044,2026-07-09 02:54:56.833,2026-07-09 02:55:10.329
bitcoin,BTC,Bitcoin,62079,63752,61550,-1562.672191657,-2.45544,1245391918513,1,28304992838,20053775,20053815,126080,2025-10-06 18:57:42.558,67.81,2013-07-06 00:00:00.000,2026-07-08 20:55:09.347,2026-07-08 20:55:11.658
ethereum,ETH,Ethereum,1735.17,1786.15,1715.91,-46.970424818,-2.63561,209492102770,2,10936394538,120683132.874495,120683132.874495,4946.05,2025-08-24 19:21:03.333,0.432979,2015-10-20 00:00:00.000,2026-07-08 20:55:09.896,2026-07-08 20:55:11.658
ripple,XRP,XRP,1.089,1.12,1.071,-0.02800211448,-2.50698,68026160345,6,1583740600,62466503703,99985639695,3.65,2025-07-18 03:40:53.808,0.00268621,2014-05-22 00:00:00.000,2026-07-08 20:55:00.702,2026-07-08 20:55:11.658
solana,SOL,Solana,77.09,81.23,76.34,-3.926221147,-4.84623,44861722108,7,2401495345,581830637.268755,629974862.95916,293.31,2025-01-19 11:15:27.957,0.500801,2020-05-11 19:35:23.449,2026-07-08 20:55:04.244,2026-07-08 20:55:11.658
cardano,ADA,Cardano,0.166243,0.175905,0.165001,-0.009540244442,-5.42728,6197207813,17,298110090,37263472566.6758,45000000000,3.09,2021-09-02 06:00:10.474,0.01925275,2020-03-13 02:22:55.044,2026-07-08 20:55:08.012,2026-07-08 20:55:11.658
ethereum,ETH,Ethereum,1725.84,1761.8,1715.91,-30.240474823,-1.72204,208279656013,2,9962965738,120683100.569256,120683100.569256,4946.05,2025-08-24 19:21:03.333,0.432979,2015-10-20 00:00:00.000,2026-07-09 02:55:07.146,2026-07-09 02:55:10.329
bitcoin,BTC,Bitcoin,62079,63752,61550,-1562.672191657,-2.45544,1245391918513,1,28304992838,20053775,20053815,126080,2025-10-06 18:57:42.558,67.81,2013-07-06 00:00:00.000,2026-07-08 20:55:09.347,2026-07-08 20:55:11.658
ethereum,ETH,Ethereum,1735.17,1786.15,1715.91,-46.970424818,-2.63561,209492102770,2,10936394538,120683132.874495,120683132.874495,4946.05,2025-08-24 19:21:03.333,0.432979,2015-10-20 00:00:00.000,2026-07-08 20:55:09.896,2026-07-08 20:55:11.658
ripple,XRP,XRP,1.089,1.12,1.071,-0.02800211448,-2.50698,68026160345,6,1583740600,62466503703,99985639695,3.65,2025-07-18 03:40:53.808,0.00268621,2014-05-22 00:00:00.000,2026-07-08 20:55:00.702,2026-07-08 20:55:11.658
solana,SOL,Solana,77.09,81.23,76.34,-3.926221147,-4.84623,44861722108,7,2401495345,581830637.268755,629974862.95916,293.31,2025-01-19 11:15:27.957,0.500801,2020-05-11 19:35:23.449,2026-07-08 20:55:04.244,2026-07-08 20:55:11.658
cardano,ADA,Cardano,0.166243,0.175905,0.165001,-0.009540244442,-5.42728,6197207813,17,298110090,37263472566.6758,45000000000,3.09,2021-09-02 06:00:10.474,0.01925275,2020-03-13 02:22:55.044,2026-07-08 20:55:08.012,2026-07-08 20:55:11.658
ripple,XRP,XRP,1.083,1.1,1.071,-0.01518916181,-1.38253,67678133715,6,1412998031,62466503703,99985639695,3.65,2025-07-18 03:40:53.808,0.00268621,2014-05-22 00:00:00.000,2026-07-09 02:55:08.166,2026-07-09 02:55:10.329
bitcoin,BTC,Bitcoin,62079,63752,61550,-1562.672191657,-2.45544,1245391918513,1,28304992838,20053775,20053815,126080,2025-10-06 18:57:42.558,67.81,2013-07-06 00:00:00.000,2026-07-08 20:55:09.347,2026-07-08 20:55:11.658
ethereum,ETH,Ethereum,1735.17,1786.15,1715.91,-46.970424818,-2.63561,209492102770,2,10936394538,120683132.874495,120683132.874495,4946.05,2025-08-24 19:21:03.333,0.432979,2015-10-20 00:00:00.000,2026-07-08 20:55:09.896,2026-07-08 20:55:11.658
ripple,XRP,XRP,1.089,1.12,1.071,-0.02800211448,-2.50698,68026160345,6,1583740600,62466503703,99985639695,3.65,2025-07-18 03:40:53.808,0.00268621,2014-05-22 00:00:00.000,2026-07-08 20:55:00.702,2026-07-08 20:55:11.658
solana,SOL,Solana,77.09,81.23,76.34,-3.926221147,-4.84623,44861722108,7,2401495345,581830637.268755,629974862.95916,293.31,2025-01-19 11:15:27.957,0.500801,2020-05-11 19:35:23.449,2026-07-08 20:55:04.244,2026-07-08 20:55:11.658
cardano,ADA,Cardano,0.166243,0.175905,0.165001,-0.009540244442,-5.42728,6197207813,17,298110090,37263472566.6758,45000000000,3.09,2021-09-02 06:00:10.474,0.01925275,2020-03-13 02:22:55.044,2026-07-08 20:55:08.012,2026-07-08 20:55:11.658
ripple,XRP,XRP,1.089,1.12,1.071,-0.02800211448,-2.50698,68026160345,6,1583740600,62466503703,99985639695,3.65,2025-07-18 03:40:53.808,0.00268621,2014-05-22 00:00:00.000,2026-07-08 20:55:00.702,2026-07-08 20:55:11.658
bitcoin,BTC,Bitcoin,61862,64134,61646,-1645.922877093,-2.59168,1238532360473,1,31958188898,20053659,20053675,126080,2025-10-06 18:57:42.558,67.81,2013-07-06 00:00:00.000,2026-07-08 14:55:10.971,2026-07-08 14:55:11.475
ethereum,ETH,Ethereum,1728.49,1808.35,1725.22,-60.332169356,-3.37274,208300440329,2,11129477265,120683132.874495,120683132.874495,4946.05,2025-08-24 19:21:03.333,0.432979,2015-10-20 00:00:00.000,2026-07-08 14:55:10.981,2026-07-08 14:55:11.475
ripple,XRP,XRP,1.075,1.13,1.076,-0.03957178951,-3.54888,67184238257,6,1672001438,62466503703,99985639695,3.65,2025-07-18 03:40:53.808,0.00268621,2014-05-22 00:00:00.000,2026-07-08 14:54:59.377,2026-07-08 14:55:11.475
solana,SOL,Solana,76.88,82.62,76.72,-4.194946032,-5.17399,44714796823,7,2543980824,581830840.886719,629975067.893051,293.31,2025-01-19 11:15:27.957,0.500801,2020-05-11 19:35:23.449,2026-07-08 14:55:00.247,2026-07-08 14:55:11.475
cardano,ADA,Cardano,0.16647,0.177906,0.165243,-0.009198945117,-5.23651,6200987390,17,360101815,37263472566.6758,45000000000,3.09,2021-09-02 06:00:10.474,0.01925275,2020-03-13 02:22:55.044,2026-07-08 14:55:10.428,2026-07-08 14:55:11.475
bitcoin,BTC,Bitcoin,62079,63752,61550,-1562.672191657,-2.45544,1245391918513,1,28304992838,20053775,20053815,126080,2025-10-06 18:57:42.558,67.81,2013-07-06 00:00:00.000,2026-07-08 20:55:09.347,2026-07-08 20:55:11.658
cardano,ADA,Cardano,0.166243,0.175905,0.165001,-0.009540244442,-5.42728,6197207813,17,298110090,37263472566.6758,45000000000,3.09,2021-09-02 06:00:10.474,0.01925275,2020-03-13 02:22:55.044,2026-07-08 20:55:08.012,2026-07-08 20:55:11.658
bitcoin,BTC,Bitcoin,61862,64134,61646,-1645.922877093,-2.59168,1238532360473,1,31958188898,20053659,20053675,126080,2025-10-06 18:57:42.558,67.81,2013-07-06 00:00:00.000,2026-07-08 14:55:10.971,2026-07-08 14:55:11.475
ethereum,ETH,Ethereum,1728.49,1808.35,1725.22,-60.332169356,-3.37274,208300440329,2,11129477265,120683132.874495,120683132.874495,4946.05,2025-08-24 19:21:03.333,0.432979,2015-10-20 00:00:00.000,2026-07-08 14:55:10.981,2026-07-08 14:55:11.475
ripple,XRP,XRP,1.075,1.13,1.076,-0.03957178951,-3.54888,67184238257,6,1672001438,62466503703,99985639695,3.65,2025-07-18 03:40:53.808,0.00268621,2014-05-22 00:00:00.000,2026-07-08 14:54:59.377,2026-07-08 14:55:11.475
solana,SOL,Solana,76.88,82.62,76.72,-4.194946032,-5.17399,44714796823,7,2543980824,581830840.886719,629975067.893051,293.31,2025-01-19 11:15:27.957,0.500801,2020-05-11 19:35:23.449,2026-07-08 14:55:00.247,2026-07-08 14:55:11.475
cardano,ADA,Cardano,0.16647,0.177906,0.165243,-0.009198945117,-5.23651,6200987390,17,360101815,37263472566.6758,45000000000,3.09,2021-09-02 06:00:10.474,0.01925275,2020-03-13 02:22:55.044,2026-07-08 14:55:10.428,2026-07-08 14:55:11.475
bitcoin,BTC,Bitcoin,61862,64134,61646,-1645.922877093,-2.59168,1238532360473,1,31958188898,20053659,20053675,126080,2025-10-06 18:57:42.558,67.81,2013-07-06 00:00:00.000,2026-07-08 14:55:10.971,2026-07-08 14:55:11.475
ethereum,ETH,Ethereum,1728.49,1808.35,1725.22,-60.332169356,-3.37274,208300440329,2,11129477265,120683132.874495,120683132.874495,4946.05,2025-08-24 19:21:03.333,0.432979,2015-10-20 00:00:00.000,2026-07-08 14:55:10.981,2026-07-08 14:55:11.475
ripple,XRP,XRP,1.075,1.13,1.076,-0.03957178951,-3.54888,67184238257,6,1672001438,62466503703,99985639695,3.65,2025-07-18 03:40:53.808,0.00268621,2014-05-22 00:00:00.000,2026-07-08 14:54:59.377,2026-07-08 14:55:11.475
solana,SOL,Solana,76.88,82.62,76.72,-4.194946032,-5.17399,44714796823,7,2543980824,581830840.886719,629975067.893051,293.31,2025-01-19 11:15:27.957,0.500801,2020-05-11 19:35:23.449,2026-07-08 14:55:00.247,2026-07-08 14:55:11.475
cardano,ADA,Cardano,0.16647,0.177906,0.165243,-0.009198945117,-5.23651,6200987390,17,360101815,37263472566.6758,45000000000,3.09,2021-09-02 06:00:10.474,0.01925275,2020-03-13 02:22:55.044,2026-07-08 14:55:10.428,2026-07-08 14:55:11.475
solana,SOL,Solana,77.09,81.23,76.34,-3.926221147,-4.84623,44861722108,7,2401495345,581830637.268755,629974862.95916,293.31,2025-01-19 11:15:27.957,0.500801,2020-05-11 19:35:23.449,2026-07-08 20:55:04.244,2026-07-08 20:55:11.658
bitcoin,BTC,Bitcoin,61862,64134,61646,-1645.922877093,-2.59168,1238532360473,1,31958188898,20053659,20053675,126080,2025-10-06 18:57:42.558,67.81,2013-07-06 00:00:00.000,2026-07-08 14:55:10.971,2026-07-08 14:55:11.475
ripple,XRP,XRP,1.075,1.13,1.076,-0.03957178951,-3.54888,67184238257,6,1672001438,62466503703,99985639695,3.65,2025-07-18 03:40:53.808,0.00268621,2014-05-22 00:00:00.000,2026-07-08 14:54:59.377,2026-07-08 14:55:11.475
cardano,ADA,Cardano,0.16647,0.177906,0.165243,-0.009198945117,-5.23651,6200987390,17,360101815,37263472566.6758,45000000000,3.09,2021-09-02 06:00:10.474,0.01925275,2020-03-13 02:22:55.044,2026-07-08 14:55:10.428,2026-07-08 14:55:11.475
ethereum,ETH,Ethereum,1738.54,1808.35,1727.1,-31.510081913,-1.78018,209831185086,2,10515240451,120683132.874495,120683132.874495,4946.05,2025-08-24 19:21:03.333,0.432979,2015-10-20 00:00:00.000,2026-07-08 08:55:06.251,2026-07-08 08:55:11.110
bitcoin,BTC,Bitcoin,62890,64134,62709,-386.040586334,-0.61009,1261297933776,1,32442913828,20053462,20053462,126080,2025-10-06 18:57:42.558,67.81,2013-07-06 00:00:00.000,2026-07-08 02:55:08.706,2026-07-08 02:55:11.333
ethereum,ETH,Ethereum,1754.99,1808.35,1746.86,-22.362914055,-1.25822,211820910130,2,9506796818,120683132.874495,120683132.874495,4946.05,2025-08-24 19:21:03.333,0.432979,2015-10-20 00:00:00.000,2026-07-08 02:55:08.951,2026-07-08 02:55:11.333
ripple,XRP,XRP,1.099,1.13,1.093,-0.03162392487,-2.79767,68649747487,6,1430527262,62466503703,99985639695,3.65,2025-07-18 03:40:53.808,0.00268621,2014-05-22 00:00:00.000,2026-07-08 02:55:02.599,2026-07-08 02:55:11.333
solana,SOL,Solana,78.97,82.62,78.43,-2.372734612,-2.91698,45946712148,7,2313239718,581713533.26961,629845960.911713,293.31,2025-01-19 11:15:27.957,0.500801,2020-05-11 19:35:23.449,2026-07-08 02:54:59.791,2026-07-08 02:55:11.333
cardano,ADA,Cardano,0.171476,0.181872,0.171006,-0.009807381766,-5.40998,6392360400,17,333282353,37263472566.6758,45000000000,3.09,2021-09-02 06:00:10.474,0.01925275,2020-03-13 02:22:55.044,2026-07-08 02:55:07.892,2026-07-08 02:55:11.333
ripple,XRP,XRP,1.082,1.13,1.077,-0.04182693006,-3.72121,67605640355,6,1508965864,62466503703,99985639695,3.65,2025-07-18 03:40:53.808,0.00268621,2014-05-22 00:00:00.000,2026-07-08 08:55:10.659,2026-07-08 08:55:11.110
bitcoin,BTC,Bitcoin,62890,64134,62709,-386.040586334,-0.61009,1261297933776,1,32442913828,20053462,20053462,126080,2025-10-06 18:57:42.558,67.81,2013-07-06 00:00:00.000,2026-07-08 02:55:08.706,2026-07-08 02:55:11.333
ethereum,ETH,Ethereum,1754.99,1808.35,1746.86,-22.362914055,-1.25822,211820910130,2,9506796818,120683132.874495,120683132.874495,4946.05,2025-08-24 19:21:03.333,0.432979,2015-10-20 00:00:00.000,2026-07-08 02:55:08.951,2026-07-08 02:55:11.333
ripple,XRP,XRP,1.099,1.13,1.093,-0.03162392487,-2.79767,68649747487,6,1430527262,62466503703,99985639695,3.65,2025-07-18 03:40:53.808,0.00268621,2014-05-22 00:00:00.000,2026-07-08 02:55:02.599,2026-07-08 02:55:11.333
solana,SOL,Solana,78.97,82.62,78.43,-2.372734612,-2.91698,45946712148,7,2313239718,581713533.26961,629845960.911713,293.31,2025-01-19 11:15:27.957,0.500801,2020-05-11 19:35:23.449,2026-07-08 02:54:59.791,2026-07-08 02:55:11.333
cardano,ADA,Cardano,0.171476,0.181872,0.171006,-0.009807381766,-5.40998,6392360400,17,333282353,37263472566.6758,45000000000,3.09,2021-09-02 06:00:10.474,0.01925275,2020-03-13 02:22:55.044,2026-07-08 02:55:07.892,2026-07-08 02:55:11.333
bitcoin,BTC,Bitcoin,62132,64134,61886,-935.239818768,-1.48292,1246071335754,1,31754370638,20053540,20053550,126080,2025-10-06 18:57:42.558,67.81,2013-07-06 00:00:00.000,2026-07-08 08:55:06.121,2026-07-08 08:55:11.110
cardano,ADA,Cardano,0.166677,0.179338,0.166066,-0.01210773364,-6.77225,6211096391,18,348148940,37263472566.6758,45000000000,3.09,2021-09-02 06:00:10.474,0.01925275,2020-03-13 02:22:55.044,2026-07-08 08:54:58.641,2026-07-08 08:55:11.110
bitcoin,BTC,Bitcoin,62890,64134,62709,-386.040586334,-0.61009,1261297933776,1,32442913828,20053462,20053462,126080,2025-10-06 18:57:42.558,67.81,2013-07-06 00:00:00.000,2026-07-08 02:55:08.706,2026-07-08 02:55:11.333
ethereum,ETH,Ethereum,1754.99,1808.35,1746.86,-22.362914055,-1.25822,211820910130,2,9506796818,120683132.874495,120683132.874495,4946.05,2025-08-24 19:21:03.333,0.432979,2015-10-20 00:00:00.000,2026-07-08 02:55:08.951,2026-07-08 02:55:11.333
ripple,XRP,XRP,1.099,1.13,1.093,-0.03162392487,-2.79767,68649747487,6,1430527262,62466503703,99985639695,3.65,2025-07-18 03:40:53.808,0.00268621,2014-05-22 00:00:00.000,2026-07-08 02:55:02.599,2026-07-08 02:55:11.333
solana,SOL,Solana,78.97,82.62,78.43,-2.372734612,-2.91698,45946712148,7,2313239718,581713533.26961,629845960.911713,293.31,2025-01-19 11:15:27.957,0.500801,2020-05-11 19:35:23.449,2026-07-08 02:54:59.791,2026-07-08 02:55:11.333
cardano,ADA,Cardano,0.171476,0.181872,0.171006,-0.009807381766,-5.40998,6392360400,17,333282353,37263472566.6758,45000000000,3.09,2021-09-02 06:00:10.474,0.01925275,2020-03-13 02:22:55.044,2026-07-08 02:55:07.892,2026-07-08 02:55:11.333
bitcoin,BTC,Bitcoin,62890,64134,62709,-386.040586334,-0.61009,1261297933776,1,32442913828,20053462,20053462,126080,2025-10-06 18:57:42.558,67.81,2013-07-06 00:00:00.000,2026-07-08 02:55:08.706,2026-07-08 02:55:11.333
cardano,ADA,Cardano,0.171476,0.181872,0.171006,-0.009807381766,-5.40998,6392360400,17,333282353,37263472566.6758,45000000000,3.09,2021-09-02 06:00:10.474,0.01925275,2020-03-13 02:22:55.044,2026-07-08 02:55:07.892,2026-07-08 02:55:11.333
bitcoin,BTC,Bitcoin,63603,64387,62815,-192.069146842,-0.30107,1275298336893,1,32831767058,20053365,20053365,126080,2025-10-06 18:57:42.558,67.81,2013-07-06 00:00:00.000,2026-07-07 20:55:01.203,2026-07-07 20:55:11.775
ethereum,ETH,Ethereum,1780.63,1819.88,1759.03,-12.197119678,-0.68033,214902476745,2,10681358535,120683164.456301,120683164.456301,4946.05,2025-08-24 19:21:03.333,0.432979,2015-10-20 00:00:00.000,2026-07-07 20:55:01.163,2026-07-07 20:55:11.775
ripple,XRP,XRP,1.12,1.16,1.11,-0.02698128709,-2.35844,69527055539,6,1392247612,62241508805,99985645029,3.65,2025-07-18 03:40:53.808,0.00268621,2014-05-22 00:00:00.000,2026-07-07 20:54:41.659,2026-07-07 20:55:11.775
solana,SOL,Solana,81.01,82.98,80.5,-1.002681939,-1.22259,47126399540,7,2308206716,581713309.882204,629846164.002137,293.31,2025-01-19 11:15:27.957,0.500801,2020-05-11 19:35:23.449,2026-07-07 20:54:56.468,2026-07-07 20:55:11.775
cardano,ADA,Cardano,0.175762,0.185668,0.17529,-0.007110799466,-3.88839,6548832002,17,329977628,37263472566.6758,45000000000,3.09,2021-09-02 06:00:10.474,0.01925275,2020-03-13 02:22:55.044,2026-07-07 20:54:49.044,2026-07-07 20:55:11.775
ethereum,ETH,Ethereum,1754.99,1808.35,1746.86,-22.362914055,-1.25822,211820910130,2,9506796818,120683132.874495,120683132.874495,4946.05,2025-08-24 19:21:03.333,0.432979,2015-10-20 00:00:00.000,2026-07-08 02:55:08.951,2026-07-08 02:55:11.333
bitcoin,BTC,Bitcoin,63603,64387,62815,-192.069146842,-0.30107,1275298336893,1,32831767058,20053365,20053365,126080,2025-10-06 18:57:42.558,67.81,2013-07-06 00:00:00.000,2026-07-07 20:55:01.203,2026-07-07 20:55:11.775
ethereum,ETH,Ethereum,1780.63,1819.88,1759.03,-12.197119678,-0.68033,214902476745,2,10681358535,120683164.456301,120683164.456301,4946.05,2025-08-24 19:21:03.333,0.432979,2015-10-20 00:00:00.000,2026-07-07 20:55:01.163,2026-07-07 20:55:11.775
ripple,XRP,XRP,1.12,1.16,1.11,-0.02698128709,-2.35844,69527055539,6,1392247612,62241508805,99985645029,3.65,2025-07-18 03:40:53.808,0.00268621,2014-05-22 00:00:00.000,2026-07-07 20:54:41.659,2026-07-07 20:55:11.775
solana,SOL,Solana,81.01,82.98,80.5,-1.002681939,-1.22259,47126399540,7,2308206716,581713309.882204,629846164.002137,293.31,2025-01-19 11:15:27.957,0.500801,2020-05-11 19:35:23.449,2026-07-07 20:54:56.468,2026-07-07 20:55:11.775
cardano,ADA,Cardano,0.175762,0.185668,0.17529,-0.007110799466,-3.88839,6548832002,17,329977628,37263472566.6758,45000000000,3.09,2021-09-02 06:00:10.474,0.01925275,2020-03-13 02:22:55.044,2026-07-07 20:54:49.044,2026-07-07 20:55:11.775
solana,SOL,Solana,78.97,82.62,78.43,-2.372734612,-2.91698,45946712148,7,2313239718,581713533.26961,629845960.911713,293.31,2025-01-19 11:15:27.957,0.500801,2020-05-11 19:35:23.449,2026-07-08 02:54:59.791,2026-07-08 02:55:11.333
ripple,XRP,XRP,1.12,1.16,1.11,-0.02698128709,-2.35844,69527055539,6,1392247612,62241508805,99985645029,3.65,2025-07-18 03:40:53.808,0.00268621,2014-05-22 00:00:00.000,2026-07-07 20:54:41.659,2026-07-07 20:55:11.775
ethereum,ETH,Ethereum,1780.63,1819.88,1759.03,-12.197119678,-0.68033,214902476745,2,10681358535,120683164.456301,120683164.456301,4946.05,2025-08-24 19:21:03.333,0.432979,2015-10-20 00:00:00.000,2026-07-07 20:55:01.163,2026-07-07 20:55:11.775
bitcoin,BTC,Bitcoin,63255,64387,61968,1286.29,2.07573,1269408952676,1,33874487421,20052971,20052971,126080,2025-10-06 18:57:42.558,67.81,2013-07-06 00:00:00.000,2026-07-07 14:55:01.455,2026-07-07 14:55:11.804
ethereum,ETH,Ethereum,1782.08,1819.88,1749.16,32.92,1.88189,214943902141,2,13256488072,120683164.456301,120683164.456301,4946.05,2025-08-24 19:21:03.333,0.432979,2015-10-20 00:00:00.000,2026-07-07 14:55:01.418,2026-07-07 14:55:11.804
ripple,XRP,XRP,1.12,1.16,1.11,-0.004003110065,-0.35704,69497040696,6,1692230258,62241508805,99985645029,3.65,2025-07-18 03:40:53.808,0.00268621,2014-05-22 00:00:00.000,2026-07-07 14:54:50.622,2026-07-07 14:55:11.804
solana,SOL,Solana,81.32,82.98,80.17,1.15,1.43794,47296411614,7,2496897266,581876406.958985,629846406.40465,293.31,2025-01-19 11:15:27.957,0.500801,2020-05-11 19:35:23.449,2026-07-07 14:54:51.038,2026-07-07 14:55:11.804
cardano,ADA,Cardano,0.175961,0.185757,0.175669,-0.005436587963,-2.99705,6552984136,17,367297845,37263472566.6758,45000000000,3.09,2021-09-02 06:00:10.474,0.01925275,2020-03-13 02:22:55.044,2026-07-07 14:55:00.152,2026-07-07 14:55:11.804
solana,SOL,Solana,81.01,82.98,80.5,-1.002681939,-1.22259,47126399540,7,2308206716,581713309.882204,629846164.002137,293.31,2025-01-19 11:15:27.957,0.500801,2020-05-11 19:35:23.449,2026-07-07 20:54:56.468,2026-07-07 20:55:11.775
ripple,XRP,XRP,1.12,1.16,1.11,-0.004003110065,-0.35704,69497040696,6,1692230258,62241508805,99985645029,3.65,2025-07-18 03:40:53.808,0.00268621,2014-05-22 00:00:00.000,2026-07-07 14:54:50.622,2026-07-07 14:55:11.804
bitcoin,BTC,Bitcoin,62997,64387,61339,162.04,0.25787,1263280289565,1,37122392901,20052971,20052971,126080,2025-10-06 18:57:42.558,67.81,2013-07-06 00:00:00.000,2026-07-07 08:55:09.250,2026-07-07 08:55:11.371
ethereum,ETH,Ethereum,1768.16,1819.88,1732.1,4.45,0.25214,213387714301,2,16699134382,120683164.456301,120683164.456301,4946.05,2025-08-24 19:21:03.333,0.432979,2015-10-20 00:00:00.000,2026-07-07 08:55:09.542,2026-07-07 08:55:11.371
ripple,XRP,XRP,1.12,1.16,1.11,-0.01645062525,-1.44267,69949580748,6,1714596348,62241508805,99985645029,3.65,2025-07-18 03:40:53.808,0.00268621,2014-05-22 00:00:00.000,2026-07-07 08:55:04.242,2026-07-07 08:55:11.371
solana,SOL,Solana,81.34,82.98,79.31,0.97071,1.20782,47336370858,7,2619075856,581876602.636553,629846572.263668,293.31,2025-01-19 11:15:27.957,0.500801,2020-05-11 19:35:23.449,2026-07-07 08:54:59.637,2026-07-07 08:55:11.371
cardano,ADA,Cardano,0.178855,0.185757,0.178499,-0.005982126868,-3.23643,6664758693,17,436223834,37263472566.6758,45000000000,3.09,2021-09-02 06:00:10.474,0.01925275,2020-03-13 02:22:55.044,2026-07-07 08:54:58.054,2026-07-07 08:55:11.371
bitcoin,BTC,Bitcoin,63255,64387,61968,1286.29,2.07573,1269408952676,1,33874487421,20052971,20052971,126080,2025-10-06 18:57:42.558,67.81,2013-07-06 00:00:00.000,2026-07-07 14:55:01.455,2026-07-07 14:55:11.804
cardano,ADA,Cardano,0.175961,0.185757,0.175669,-0.005436587963,-2.99705,6552984136,17,367297845,37263472566.6758,45000000000,3.09,2021-09-02 06:00:10.474,0.01925275,2020-03-13 02:22:55.044,2026-07-07 14:55:00.152,2026-07-07 14:55:11.804
bitcoin,BTC,Bitcoin,62997,64387,61339,162.04,0.25787,1263280289565,1,37122392901,20052971,20052971,126080,2025-10-06 18:57:42.558,67.81,2013-07-06 00:00:00.000,2026-07-07 08:55:09.250,2026-07-07 08:55:11.371
ethereum,ETH,Ethereum,1768.16,1819.88,1732.1,4.45,0.25214,213387714301,2,16699134382,120683164.456301,120683164.456301,4946.05,2025-08-24 19:21:03.333,0.432979,2015-10-20 00:00:00.000,2026-07-07 08:55:09.542,2026-07-07 08:55:11.371
ripple,XRP,XRP,1.12,1.16,1.11,-0.01645062525,-1.44267,69949580748,6,1714596348,62241508805,99985645029,3.65,2025-07-18 03:40:53.808,0.00268621,2014-05-22 00:00:00.000,2026-07-07 08:55:04.242,2026-07-07 08:55:11.371
solana,SOL,Solana,81.34,82.98,79.31,0.97071,1.20782,47336370858,7,2619075856,581876602.636553,629846572.263668,293.31,2025-01-19 11:15:27.957,0.500801,2020-05-11 19:35:23.449,2026-07-07 08:54:59.637,2026-07-07 08:55:11.371
cardano,ADA,Cardano,0.178855,0.185757,0.178499,-0.005982126868,-3.23643,6664758693,17,436223834,37263472566.6758,45000000000,3.09,2021-09-02 06:00:10.474,0.01925275,2020-03-13 02:22:55.044,2026-07-07 08:54:58.054,2026-07-07 08:55:11.371
solana,SOL,Solana,81.32,82.98,80.17,1.15,1.43794,47296411614,7,2496897266,581876406.958985,629846406.40465,293.31,2025-01-19 11:15:27.957,0.500801,2020-05-11 19:35:23.449,2026-07-07 14:54:51.038,2026-07-07 14:55:11.804
bitcoin,BTC,Bitcoin,63313,64387,61339,-84.05040927,-0.13258,1269989100162,1,35798000773,20052971,20052971,126080,2025-10-06 18:57:42.558,67.81,2013-07-06 00:00:00.000,2026-07-07 02:55:09.558,2026-07-07 02:55:10.771
cardano,ADA,Cardano,0.181343,0.189015,0.178499,-0.007560960733,-4.00253,6759801352,16,453964947,37263472566.6758,45000000000,3.09,2021-09-02 06:00:10.474,0.01925275,2020-03-13 02:22:55.044,2026-07-07 02:55:02.209,2026-07-07 02:55:10.771
bitcoin,BTC,Bitcoin,63313,64387,61339,-84.05040927,-0.13258,1269989100162,1,35798000773,20052971,20052971,126080,2025-10-06 18:57:42.558,67.81,2013-07-06 00:00:00.000,2026-07-07 02:55:09.558,2026-07-07 02:55:10.771
ethereum,ETH,Ethereum,1777.73,1819.88,1732.1,-3.747739029,-0.21037,214533548773,2,15521050011,120683164.456301,120683164.456301,4946.05,2025-08-24 19:21:03.333,0.432979,2015-10-20 00:00:00.000,2026-07-07 02:55:10.002,2026-07-07 02:55:10.771
ripple,XRP,XRP,1.13,1.16,1.11,-0.01605658258,-1.40027,70412803212,6,1695841060,62241508805,99985645029,3.65,2025-07-18 03:40:53.808,0.00268621,2014-05-22 00:00:00.000,2026-07-07 02:54:54.535,2026-07-07 02:55:10.771
solana,SOL,Solana,81.37,82.98,79.31,0.26223,0.32332,47363807519,7,2582326670,581876789.575868,629846797.75639,293.31,2025-01-19 11:15:27.957,0.500801,2020-05-11 19:35:23.449,2026-07-07 02:54:54.468,2026-07-07 02:55:10.771
cardano,ADA,Cardano,0.181343,0.189015,0.178499,-0.007560960733,-4.00253,6759801352,16,453964947,37263472566.6758,45000000000,3.09,2021-09-02 06:00:10.474,0.01925275,2020-03-13 02:22:55.044,2026-07-07 02:55:02.209,2026-07-07 02:55:10.771
ripple,XRP,XRP,1.13,1.16,1.11,-0.01605658258,-1.40027,70412803212,6,1695841060,62241508805,99985645029,3.65,2025-07-18 03:40:53.808,0.00268621,2014-05-22 00:00:00.000,2026-07-07 02:54:54.535,2026-07-07 02:55:10.771
bitcoin,BTC,Bitcoin,63313,64387,61339,-84.05040927,-0.13258,1269989100162,1,35798000773,20052971,20052971,126080,2025-10-06 18:57:42.558,67.81,2013-07-06 00:00:00.000,2026-07-07 02:55:09.558,2026-07-07 02:55:10.771
ethereum,ETH,Ethereum,1777.73,1819.88,1732.1,-3.747739029,-0.21037,214533548773,2,15521050011,120683164.456301,120683164.456301,4946.05,2025-08-24 19:21:03.333,0.432979,2015-10-20 00:00:00.000,2026-07-07 02:55:10.002,2026-07-07 02:55:10.771
ripple,XRP,XRP,1.13,1.16,1.11,-0.01605658258,-1.40027,70412803212,6,1695841060,62241508805,99985645029,3.65,2025-07-18 03:40:53.808,0.00268621,2014-05-22 00:00:00.000,2026-07-07 02:54:54.535,2026-07-07 02:55:10.771
solana,SOL,Solana,81.37,82.98,79.31,0.26223,0.32332,47363807519,7,2582326670,581876789.575868,629846797.75639,293.31,2025-01-19 11:15:27.957,0.500801,2020-05-11 19:35:23.449,2026-07-07 02:54:54.468,2026-07-07 02:55:10.771
cardano,ADA,Cardano,0.181343,0.189015,0.178499,-0.007560960733,-4.00253,6759801352,16,453964947,37263472566.6758,45000000000,3.09,2021-09-02 06:00:10.474,0.01925275,2020-03-13 02:22:55.044,2026-07-07 02:55:02.209,2026-07-07 02:55:10.771
solana,SOL,Solana,81.37,82.98,79.31,0.26223,0.32332,47363807519,7,2582326670,581876789.575868,629846797.75639,293.31,2025-01-19 11:15:27.957,0.500801,2020-05-11 19:35:23.449,2026-07-07 02:54:54.468,2026-07-07 02:55:10.771
ripple,XRP,XRP,1.13,1.16,1.11,-0.01605658258,-1.40027,70412803212,6,1695841060,62241508805,99985645029,3.65,2025-07-18 03:40:53.808,0.00268621,2014-05-22 00:00:00.000,2026-07-07 02:54:54.535,2026-07-07 02:55:10.771
solana,SOL,Solana,81.37,82.98,79.31,0.26223,0.32332,47363807519,7,2582326670,581876789.575868,629846797.75639,293.31,2025-01-19 11:15:27.957,0.500801,2020-05-11 19:35:23.449,2026-07-07 02:54:54.468,2026-07-07 02:55:10.771
bitcoin,BTC,Bitcoin,63824,63879,61339,1124.65,1.79372,1279757160749,1,37756075133,20052959,20052965,126080,2025-10-06 18:57:42.558,67.81,2013-07-06 00:00:00.000,2026-07-06 20:54:57.777,2026-07-06 20:55:11.425
ethereum,ETH,Ethereum,1794.5,1800.61,1732.1,18.39,1.03549,216534625436,2,15536642664,120683199.939814,120683199.939814,4946.05,2025-08-24 19:21:03.333,0.432979,2015-10-20 00:00:00.000,2026-07-06 20:54:57.548,2026-07-06 20:55:11.425
ripple,XRP,XRP,1.14,1.16,1.11,0.00904914,0.79734,71183744391,6,1782245536,62241508805,99985645029,3.65,2025-07-18 03:40:53.808,0.00268621,2014-05-22 00:00:00.000,2026-07-06 20:55:00.974,2026-07-06 20:55:11.425
solana,SOL,Solana,81.99,82.17,79.31,1.044,1.28954,47638872920,7,2559497420,581246787.299163,629846991.950989,293.31,2025-01-19 11:15:27.957,0.500801,2020-05-11 19:35:23.449,2026-07-06 20:55:01.225,2026-07-06 20:55:11.425
cardano,ADA,Cardano,0.182895,0.19175,0.178499,-0.005189487079,-2.75912,6814574911,16,494556175,37263472566.6758,45000000000,3.09,2021-09-02 06:00:10.474,0.01925275,2020-03-13 02:22:55.044,2026-07-06 20:54:49.562,2026-07-06 20:55:11.425
bitcoin,BTC,Bitcoin,63824,63879,61339,1124.65,1.79372,1279757160749,1,37756075133,20052959,20052965,126080,2025-10-06 18:57:42.558,67.81,2013-07-06 00:00:00.000,2026-07-06 20:54:57.777,2026-07-06 20:55:11.425
ethereum,ETH,Ethereum,1794.5,1800.61,1732.1,18.39,1.03549,216534625436,2,15536642664,120683199.939814,120683199.939814,4946.05,2025-08-24 19:21:03.333,0.432979,2015-10-20 00:00:00.000,2026-07-06 20:54:57.548,2026-07-06 20:55:11.425
ripple,XRP,XRP,1.14,1.16,1.11,0.00904914,0.79734,71183744391,6,1782245536,62241508805,99985645029,3.65,2025-07-18 03:40:53.808,0.00268621,2014-05-22 00:00:00.000,2026-07-06 20:55:00.974,2026-07-06 20:55:11.425
solana,SOL,Solana,81.99,82.17,79.31,1.044,1.28954,47638872920,7,2559497420,581246787.299163,629846991.950989,293.31,2025-01-19 11:15:27.957,0.500801,2020-05-11 19:35:23.449,2026-07-06 20:55:01.225,2026-07-06 20:55:11.425
cardano,ADA,Cardano,0.182895,0.19175,0.178499,-0.005189487079,-2.75912,6814574911,16,494556175,37263472566.6758,45000000000,3.09,2021-09-02 06:00:10.474,0.01925275,2020-03-13 02:22:55.044,2026-07-06 20:54:49.562,2026-07-06 20:55:11.425
bitcoin,BTC,Bitcoin,63313,64387,61339,-84.05040927,-0.13258,1269989100162,1,35798000773,20052971,20052971,126080,2025-10-06 18:57:42.558,67.81,2013-07-06 00:00:00.000,2026-07-07 02:55:09.558,2026-07-07 02:55:10.771
cardano,ADA,Cardano,0.181343,0.189015,0.178499,-0.007560960733,-4.00253,6759801352,16,453964947,37263472566.6758,45000000000,3.09,2021-09-02 06:00:10.474,0.01925275,2020-03-13 02:22:55.044,2026-07-07 02:55:02.209,2026-07-07 02:55:10.771
bitcoin,BTC,Bitcoin,63824,63879,61339,1124.65,1.79372,1279757160749,1,37756075133,20052959,20052965,126080,2025-10-06 18:57:42.558,67.81,2013-07-06 00:00:00.000,2026-07-06 20:54:57.777,2026-07-06 20:55:11.425
ethereum,ETH,Ethereum,1794.5,1800.61,1732.1,18.39,1.03549,216534625436,2,15536642664,120683199.939814,120683199.939814,4946.05,2025-08-24 19:21:03.333,0.432979,2015-10-20 00:00:00.000,2026-07-06 20:54:57.548,2026-07-06 20:55:11.425
ripple,XRP,XRP,1.14,1.16,1.11,0.00904914,0.79734,71183744391,6,1782245536,62241508805,99985645029,3.65,2025-07-18 03:40:53.808,0.00268621,2014-05-22 00:00:00.000,2026-07-06 20:55:00.974,2026-07-06 20:55:11.425
solana,SOL,Solana,81.99,82.17,79.31,1.044,1.28954,47638872920,7,2559497420,581246787.299163,629846991.950989,293.31,2025-01-19 11:15:27.957,0.500801,2020-05-11 19:35:23.449,2026-07-06 20:55:01.225,2026-07-06 20:55:11.425
cardano,ADA,Cardano,0.182895,0.19175,0.178499,-0.005189487079,-2.75912,6814574911,16,494556175,37263472566.6758,45000000000,3.09,2021-09-02 06:00:10.474,0.01925275,2020-03-13 02:22:55.044,2026-07-06 20:54:49.562,2026-07-06 20:55:11.425
bitcoin,BTC,Bitcoin,61951,63857,61339,-788.716653303,-1.25713,1241544827843,1,30558298058,20052840,20052887,126080,2025-10-06 18:57:42.558,67.81,2013-07-06 00:00:00.000,2026-07-06 14:55:09.356,2026-07-06 14:55:11.160
ethereum,ETH,Ethereum,1748.11,1800.61,1732.1,-21.935774678,-1.23928,210894974799,2,11542684819,120683199.939814,120683199.939814,4946.05,2025-08-24 19:21:03.333,0.432979,2015-10-20 00:00:00.000,2026-07-06 14:55:09.569,2026-07-06 14:55:11.160
ripple,XRP,XRP,1.12,1.16,1.11,-0.01443156478,-1.27151,69746195316,6,1464027483,62241508805,99985645029,3.65,2025-07-18 03:40:53.808,0.00268621,2014-05-22 00:00:00.000,2026-07-06 14:54:54.198,2026-07-06 14:55:11.160
solana,SOL,Solana,80.18,82.17,79.31,-1.071956468,-1.31936,46604495100,7,2079201254,581247001.41908,629847162.778242,293.31,2025-01-19 11:15:27.957,0.500801,2020-05-11 19:35:23.449,2026-07-06 14:54:53.146,2026-07-06 14:55:11.160
cardano,ADA,Cardano,0.181301,0.19175,0.178499,-0.007855703895,-4.15301,6755795834,16,458637650,37263472566.6758,45000000000,3.09,2021-09-02 06:00:10.474,0.01925275,2020-03-13 02:22:55.044,2026-07-06 14:55:00.289,2026-07-06 14:55:11.160
ripple,XRP,XRP,1.14,1.16,1.11,0.00904914,0.79734,71183744391,6,1782245536,62241508805,99985645029,3.65,2025-07-18 03:40:53.808,0.00268621,2014-05-22 00:00:00.000,2026-07-06 20:55:00.974,2026-07-06 20:55:11.425
bitcoin,BTC,Bitcoin,63824,63879,61339,1124.65,1.79372,1279757160749,1,37756075133,20052959,20052965,126080,2025-10-06 18:57:42.558,67.81,2013-07-06 00:00:00.000,2026-07-06 20:54:57.777,2026-07-06 20:55:11.425
cardano,ADA,Cardano,0.182895,0.19175,0.178499,-0.005189487079,-2.75912,6814574911,16,494556175,37263472566.6758,45000000000,3.09,2021-09-02 06:00:10.474,0.01925275,2020-03-13 02:22:55.044,2026-07-06 20:54:49.562,2026-07-06 20:55:11.425
bitcoin,BTC,Bitcoin,61951,63857,61339,-788.716653303,-1.25713,1241544827843,1,30558298058,20052840,20052887,126080,2025-10-06 18:57:42.558,67.81,2013-07-06 00:00:00.000,2026-07-06 14:55:09.356,2026-07-06 14:55:11.160
ethereum,ETH,Ethereum,1748.11,1800.61,1732.1,-21.935774678,-1.23928,210894974799,2,11542684819,120683199.939814,120683199.939814,4946.05,2025-08-24 19:21:03.333,0.432979,2015-10-20 00:00:00.000,2026-07-06 14:55:09.569,2026-07-06 14:55:11.160
ripple,XRP,XRP,1.12,1.16,1.11,-0.01443156478,-1.27151,69746195316,6,1464027483,62241508805,99985645029,3.65,2025-07-18 03:40:53.808,0.00268621,2014-05-22 00:00:00.000,2026-07-06 14:54:54.198,2026-07-06 14:55:11.160
solana,SOL,Solana,80.18,82.17,79.31,-1.071956468,-1.31936,46604495100,7,2079201254,581247001.41908,629847162.778242,293.31,2025-01-19 11:15:27.957,0.500801,2020-05-11 19:35:23.449,2026-07-06 14:54:53.146,2026-07-06 14:55:11.160
cardano,ADA,Cardano,0.181301,0.19175,0.178499,-0.007855703895,-4.15301,6755795834,16,458637650,37263472566.6758,45000000000,3.09,2021-09-02 06:00:10.474,0.01925275,2020-03-13 02:22:55.044,2026-07-06 14:55:00.289,2026-07-06 14:55:11.160
bitcoin,BTC,Bitcoin,61951,63857,61339,-788.716653303,-1.25713,1241544827843,1,30558298058,20052840,20052887,126080,2025-10-06 18:57:42.558,67.81,2013-07-06 00:00:00.000,2026-07-06 14:55:09.356,2026-07-06 14:55:11.160
ethereum,ETH,Ethereum,1748.11,1800.61,1732.1,-21.935774678,-1.23928,210894974799,2,11542684819,120683199.939814,120683199.939814,4946.05,2025-08-24 19:21:03.333,0.432979,2015-10-20 00:00:00.000,2026-07-06 14:55:09.569,2026-07-06 14:55:11.160
ripple,XRP,XRP,1.12,1.16,1.11,-0.01443156478,-1.27151,69746195316,6,1464027483,62241508805,99985645029,3.65,2025-07-18 03:40:53.808,0.00268621,2014-05-22 00:00:00.000,2026-07-06 14:54:54.198,2026-07-06 14:55:11.160
solana,SOL,Solana,80.18,82.17,79.31,-1.071956468,-1.31936,46604495100,7,2079201254,581247001.41908,629847162.778242,293.31,2025-01-19 11:15:27.957,0.500801,2020-05-11 19:35:23.449,2026-07-06 14:54:53.146,2026-07-06 14:55:11.160
cardano,ADA,Cardano,0.181301,0.19175,0.178499,-0.007855703895,-4.15301,6755795834,16,458637650,37263472566.6758,45000000000,3.09,2021-09-02 06:00:10.474,0.01925275,2020-03-13 02:22:55.044,2026-07-06 14:55:00.289,2026-07-06 14:55:11.160
ethereum,ETH,Ethereum,1794.5,1800.61,1732.1,18.39,1.03549,216534625436,2,15536642664,120683199.939814,120683199.939814,4946.05,2025-08-24 19:21:03.333,0.432979,2015-10-20 00:00:00.000,2026-07-06 20:54:57.548,2026-07-06 20:55:11.425
solana,SOL,Solana,80.37,82.17,79.77,-0.1290250861,-0.16029,46702618821,7,1752585583,581129464.597819,629717780.957392,293.31,2025-01-19 11:15:27.957,0.500801,2020-05-11 19:35:23.449,2026-07-06 08:55:00.360,2026-07-06 08:55:10.952
bitcoin,BTC,Bitcoin,62840,63857,62462,-27.632493193,-0.04395,1260275490078,1,21524622522,20052781,20052781,126080,2025-10-06 18:57:42.558,67.81,2013-07-06 00:00:00.000,2026-07-06 08:54:58.725,2026-07-06 08:55:10.952
ethereum,ETH,Ethereum,1764.18,1800.61,1751.18,-2.343913974,-0.13269,212906824841,2,8732484067,120683199.939814,120683199.939814,4946.05,2025-08-24 19:21:03.333,0.432979,2015-10-20 00:00:00.000,2026-07-06 08:54:58.867,2026-07-06 08:55:10.952
ripple,XRP,XRP,1.14,1.16,1.13,0.00195512,0.17175,70972798929,6,1164979747,62241508805,99985645029,3.65,2025-07-18 03:40:53.808,0.00268621,2014-05-22 00:00:00.000,2026-07-06 08:55:00.757,2026-07-06 08:55:10.952
solana,SOL,Solana,80.37,82.17,79.77,-0.1290250861,-0.16029,46702618821,7,1752585583,581129464.597819,629717780.957392,293.31,2025-01-19 11:15:27.957,0.500801,2020-05-11 19:35:23.449,2026-07-06 08:55:00.360,2026-07-06 08:55:10.952
cardano,ADA,Cardano,0.18498,0.192313,0.183172,-0.007332274848,-3.81269,6893403274,17,461104503,37263472566.6758,45000000000,3.09,2021-09-02 06:00:10.474,0.01925275,2020-03-13 02:22:55.044,2026-07-06 08:54:51.526,2026-07-06 08:55:10.952
ripple,XRP,XRP,1.14,1.16,1.13,0.00195512,0.17175,70972798929,6,1164979747,62241508805,99985645029,3.65,2025-07-18 03:40:53.808,0.00268621,2014-05-22 00:00:00.000,2026-07-06 08:55:00.757,2026-07-06 08:55:10.952
bitcoin,BTC,Bitcoin,62840,63857,62462,-27.632493193,-0.04395,1260275490078,1,21524622522,20052781,20052781,126080,2025-10-06 18:57:42.558,67.81,2013-07-06 00:00:00.000,2026-07-06 08:54:58.725,2026-07-06 08:55:10.952
ethereum,ETH,Ethereum,1764.18,1800.61,1751.18,-2.343913974,-0.13269,212906824841,2,8732484067,120683199.939814,120683199.939814,4946.05,2025-08-24 19:21:03.333,0.432979,2015-10-20 00:00:00.000,2026-07-06 08:54:58.867,2026-07-06 08:55:10.952
ripple,XRP,XRP,1.14,1.16,1.13,0.00195512,0.17175,70972798929,6,1164979747,62241508805,99985645029,3.65,2025-07-18 03:40:53.808,0.00268621,2014-05-22 00:00:00.000,2026-07-06 08:55:00.757,2026-07-06 08:55:10.952
solana,SOL,Solana,80.37,82.17,79.77,-0.1290250861,-0.16029,46702618821,7,1752585583,581129464.597819,629717780.957392,293.31,2025-01-19 11:15:27.957,0.500801,2020-05-11 19:35:23.449,2026-07-06 08:55:00.360,2026-07-06 08:55:10.952
cardano,ADA,Cardano,0.18498,0.192313,0.183172,-0.007332274848,-3.81269,6893403274,17,461104503,37263472566.6758,45000000000,3.09,2021-09-02 06:00:10.474,0.01925275,2020-03-13 02:22:55.044,2026-07-06 08:54:51.526,2026-07-06 08:55:10.952
ethereum,ETH,Ethereum,1764.18,1800.61,1751.18,-2.343913974,-0.13269,212906824841,2,8732484067,120683199.939814,120683199.939814,4946.05,2025-08-24 19:21:03.333,0.432979,2015-10-20 00:00:00.000,2026-07-06 08:54:58.867,2026-07-06 08:55:10.952
bitcoin,BTC,Bitcoin,63358,63857,62462,726.71,1.16031,1270455146602,1,19497618883,20052665,20052665,126080,2025-10-06 18:57:42.558,67.81,2013-07-06 00:00:00.000,2026-07-06 02:55:08.348,2026-07-06 02:55:11.250
ethereum,ETH,Ethereum,1781.11,1800.61,1751.18,22.12,1.25749,214867474397,2,10756620747,120683199.939814,120683199.939814,4946.05,2025-08-24 19:21:03.333,0.432979,2015-10-20 00:00:00.000,2026-07-06 02:55:08.328,2026-07-06 02:55:11.250
ripple,XRP,XRP,1.15,1.16,1.13,0.0123745,1.09105,71356475196,6,1224806632,62241508805,99985645029,3.65,2025-07-18 03:40:53.808,0.00268621,2014-05-22 00:00:00.000,2026-07-06 02:54:54.911,2026-07-06 02:55:11.250
solana,SOL,Solana,80.98,82.17,79.77,0.79595,0.99265,47064176492,7,1646583611,581129638.889946,629717954.672414,293.31,2025-01-19 11:15:27.957,0.500801,2020-05-11 19:35:23.449,2026-07-06 02:55:03.831,2026-07-06 02:55:11.250
cardano,ADA,Cardano,0.188899,0.193117,0.185588,-0.00114122015,-0.60051,7039434034,16,481867778,37263472566.6758,45000000000,3.09,2021-09-02 06:00:10.474,0.01925275,2020-03-13 02:22:55.044,2026-07-06 02:55:04.112,2026-07-06 02:55:11.250
solana,SOL,Solana,80.37,82.17,79.77,-0.1290250861,-0.16029,46702618821,7,1752585583,581129464.597819,629717780.957392,293.31,2025-01-19 11:15:27.957,0.500801,2020-05-11 19:35:23.449,2026-07-06 08:55:00.360,2026-07-06 08:55:10.952
bitcoin,BTC,Bitcoin,63358,63857,62462,726.71,1.16031,1270455146602,1,19497618883,20052665,20052665,126080,2025-10-06 18:57:42.558,67.81,2013-07-06 00:00:00.000,2026-07-06 02:55:08.348,2026-07-06 02:55:11.250
ethereum,ETH,Ethereum,1781.11,1800.61,1751.18,22.12,1.25749,214867474397,2,10756620747,120683199.939814,120683199.939814,4946.05,2025-08-24 19:21:03.333,0.432979,2015-10-20 00:00:00.000,2026-07-06 02:55:08.328,2026-07-06 02:55:11.250
ripple,XRP,XRP,1.15,1.16,1.13,0.0123745,1.09105,71356475196,6,1224806632,62241508805,99985645029,3.65,2025-07-18 03:40:53.808,0.00268621,2014-05-22 00:00:00.000,2026-07-06 02:54:54.911,2026-07-06 02:55:11.250
solana,SOL,Solana,80.98,82.17,79.77,0.79595,0.99265,47064176492,7,1646583611,581129638.889946,629717954.672414,293.31,2025-01-19 11:15:27.957,0.500801,2020-05-11 19:35:23.449,2026-07-06 02:55:03.831,2026-07-06 02:55:11.250
cardano,ADA,Cardano,0.188899,0.193117,0.185588,-0.00114122015,-0.60051,7039434034,16,481867778,37263472566.6758,45000000000,3.09,2021-09-02 06:00:10.474,0.01925275,2020-03-13 02:22:55.044,2026-07-06 02:55:04.112,2026-07-06 02:55:11.250
bitcoin,BTC,Bitcoin,62840,63857,62462,-27.632493193,-0.04395,1260275490078,1,21524622522,20052781,20052781,126080,2025-10-06 18:57:42.558,67.81,2013-07-06 00:00:00.000,2026-07-06 08:54:58.725,2026-07-06 08:55:10.952
cardano,ADA,Cardano,0.18498,0.192313,0.183172,-0.007332274848,-3.81269,6893403274,17,461104503,37263472566.6758,45000000000,3.09,2021-09-02 06:00:10.474,0.01925275,2020-03-13 02:22:55.044,2026-07-06 08:54:51.526,2026-07-06 08:55:10.952
bitcoin,BTC,Bitcoin,63358,63857,62462,726.71,1.16031,1270455146602,1,19497618883,20052665,20052665,126080,2025-10-06 18:57:42.558,67.81,2013-07-06 00:00:00.000,2026-07-06 02:55:08.348,2026-07-06 02:55:11.250
ethereum,ETH,Ethereum,1781.11,1800.61,1751.18,22.12,1.25749,214867474397,2,10756620747,120683199.939814,120683199.939814,4946.05,2025-08-24 19:21:03.333,0.432979,2015-10-20 00:00:00.000,2026-07-06 02:55:08.328,2026-07-06 02:55:11.250
ripple,XRP,XRP,1.15,1.16,1.13,0.0123745,1.09105,71356475196,6,1224806632,62241508805,99985645029,3.65,2025-07-18 03:40:53.808,0.00268621,2014-05-22 00:00:00.000,2026-07-06 02:54:54.911,2026-07-06 02:55:11.250
solana,SOL,Solana,80.98,82.17,79.77,0.79595,0.99265,47064176492,7,1646583611,581129638.889946,629717954.672414,293.31,2025-01-19 11:15:27.957,0.500801,2020-05-11 19:35:23.449,2026-07-06 02:55:03.831,2026-07-06 02:55:11.250
cardano,ADA,Cardano,0.188899,0.193117,0.185588,-0.00114122015,-0.60051,7039434034,16,481867778,37263472566.6758,45000000000,3.09,2021-09-02 06:00:10.474,0.01925275,2020-03-13 02:22:55.044,2026-07-06 02:55:04.112,2026-07-06 02:55:11.250
ripple,XRP,XRP,1.14,1.16,1.13,0.00195512,0.17175,70972798929,6,1164979747,62241508805,99985645029,3.65,2025-07-18 03:40:53.808,0.00268621,2014-05-22 00:00:00.000,2026-07-06 08:55:00.757,2026-07-06 08:55:10.952
bitcoin,BTC,Bitcoin,62699,63383,62462,-497.776598807,-0.78766,1257274476074,1,15757531511,20052575,20052575,126080,2025-10-06 18:57:42.558,67.81,2013-07-06 00:00:00.000,2026-07-05 20:55:01.498,2026-07-05 20:55:10.859
ethereum,ETH,Ethereum,1776.1,1791.89,1751.18,-10.304998635,-0.57686,214351018546,2,9804431439,120683221.187191,120683221.187191,4946.05,2025-08-24 19:21:03.333,0.432979,2015-10-20 00:00:00.000,2026-07-05 20:55:02.014,2026-07-05 20:55:10.859
ripple,XRP,XRP,1.13,1.17,1.13,-0.02642754577,-2.27549,70640664015,6,1141191124,62241508805,99985645029,3.65,2025-07-18 03:40:53.808,0.00268621,2014-05-22 00:00:00.000,2026-07-05 20:54:53.062,2026-07-05 20:55:10.859
solana,SOL,Solana,80.95,82.05,79.77,-0.9842526114,-1.20133,47039873560,7,1485376788,581129825.538301,629718142.582772,293.31,2025-01-19 11:15:27.957,0.500801,2020-05-11 19:35:23.449,2026-07-05 20:54:52.232,2026-07-05 20:55:10.859
cardano,ADA,Cardano,0.188261,0.194344,0.185588,-0.003118724199,-1.6296,7014891117,16,526467320,37263472566.6758,45000000000,3.09,2021-09-02 06:00:10.474,0.01925275,2020-03-13 02:22:55.044,2026-07-05 20:54:59.584,2026-07-05 20:55:10.859
ripple,XRP,XRP,1.15,1.16,1.13,0.0123745,1.09105,71356475196,6,1224806632,62241508805,99985645029,3.65,2025-07-18 03:40:53.808,0.00268621,2014-05-22 00:00:00.000,2026-07-06 02:54:54.911,2026-07-06 02:55:11.250
bitcoin,BTC,Bitcoin,62699,63383,62462,-497.776598807,-0.78766,1257274476074,1,15757531511,20052575,20052575,126080,2025-10-06 18:57:42.558,67.81,2013-07-06 00:00:00.000,2026-07-05 20:55:01.498,2026-07-05 20:55:10.859
ethereum,ETH,Ethereum,1776.1,1791.89,1751.18,-10.304998635,-0.57686,214351018546,2,9804431439,120683221.187191,120683221.187191,4946.05,2025-08-24 19:21:03.333,0.432979,2015-10-20 00:00:00.000,2026-07-05 20:55:02.014,2026-07-05 20:55:10.859
ripple,XRP,XRP,1.13,1.17,1.13,-0.02642754577,-2.27549,70640664015,6,1141191124,62241508805,99985645029,3.65,2025-07-18 03:40:53.808,0.00268621,2014-05-22 00:00:00.000,2026-07-05 20:54:53.062,2026-07-05 20:55:10.859
solana,SOL,Solana,80.95,82.05,79.77,-0.9842526114,-1.20133,47039873560,7,1485376788,581129825.538301,629718142.582772,293.31,2025-01-19 11:15:27.957,0.500801,2020-05-11 19:35:23.449,2026-07-05 20:54:52.232,2026-07-05 20:55:10.859
cardano,ADA,Cardano,0.188261,0.194344,0.185588,-0.003118724199,-1.6296,7014891117,16,526467320,37263472566.6758,45000000000,3.09,2021-09-02 06:00:10.474,0.01925275,2020-03-13 02:22:55.044,2026-07-05 20:54:59.584,2026-07-05 20:55:10.859
bitcoin,BTC,Bitcoin,63358,63857,62462,726.71,1.16031,1270455146602,1,19497618883,20052665,20052665,126080,2025-10-06 18:57:42.558,67.81,2013-07-06 00:00:00.000,2026-07-06 02:55:08.348,2026-07-06 02:55:11.250
cardano,ADA,Cardano,0.188899,0.193117,0.185588,-0.00114122015,-0.60051,7039434034,16,481867778,37263472566.6758,45000000000,3.09,2021-09-02 06:00:10.474,0.01925275,2020-03-13 02:22:55.044,2026-07-06 02:55:04.112,2026-07-06 02:55:11.250
bitcoin,BTC,Bitcoin,62699,63383,62462,-497.776598807,-0.78766,1257274476074,1,15757531511,20052575,20052575,126080,2025-10-06 18:57:42.558,67.81,2013-07-06 00:00:00.000,2026-07-05 20:55:01.498,2026-07-05 20:55:10.859
ethereum,ETH,Ethereum,1776.1,1791.89,1751.18,-10.304998635,-0.57686,214351018546,2,9804431439,120683221.187191,120683221.187191,4946.05,2025-08-24 19:21:03.333,0.432979,2015-10-20 00:00:00.000,2026-07-05 20:55:02.014,2026-07-05 20:55:10.859
ripple,XRP,XRP,1.13,1.17,1.13,-0.02642754577,-2.27549,70640664015,6,1141191124,62241508805,99985645029,3.65,2025-07-18 03:40:53.808,0.00268621,2014-05-22 00:00:00.000,2026-07-05 20:54:53.062,2026-07-05 20:55:10.859
solana,SOL,Solana,80.95,82.05,79.77,-0.9842526114,-1.20133,47039873560,7,1485376788,581129825.538301,629718142.582772,293.31,2025-01-19 11:15:27.957,0.500801,2020-05-11 19:35:23.449,2026-07-05 20:54:52.232,2026-07-05 20:55:10.859
cardano,ADA,Cardano,0.188261,0.194344,0.185588,-0.003118724199,-1.6296,7014891117,16,526467320,37263472566.6758,45000000000,3.09,2021-09-02 06:00:10.474,0.01925275,2020-03-13 02:22:55.044,2026-07-05 20:54:59.584,2026-07-05 20:55:10.859
ethereum,ETH,Ethereum,1781.11,1800.61,1751.18,22.12,1.25749,214867474397,2,10756620747,120683199.939814,120683199.939814,4946.05,2025-08-24 19:21:03.333,0.432979,2015-10-20 00:00:00.000,2026-07-06 02:55:08.328,2026-07-06 02:55:11.250
bitcoin,BTC,Bitcoin,62699,63383,62462,-497.776598807,-0.78766,1257274476074,1,15757531511,20052575,20052575,126080,2025-10-06 18:57:42.558,67.81,2013-07-06 00:00:00.000,2026-07-05 20:55:01.498,2026-07-05 20:55:10.859
cardano,ADA,Cardano,0.188261,0.194344,0.185588,-0.003118724199,-1.6296,7014891117,16,526467320,37263472566.6758,45000000000,3.09,2021-09-02 06:00:10.474,0.01925275,2020-03-13 02:22:55.044,2026-07-05 20:54:59.584,2026-07-05 20:55:10.859
bitcoin,BTC,Bitcoin,62673,63383,62462,38.72,0.06181,1256682332755,1,17773141792,20052475,20052475,126080,2025-10-06 18:57:42.558,67.81,2013-07-06 00:00:00.000,2026-07-05 14:55:09.876,2026-07-05 14:55:10.688
ethereum,ETH,Ethereum,1766.9,1801.59,1751.18,-3.268064285,-0.18462,213197927143,2,10896370720,120683221.187191,120683221.187191,4946.05,2025-08-24 19:21:03.333,0.432979,2015-10-20 00:00:00.000,2026-07-05 14:55:10.300,2026-07-05 14:55:10.688
ripple,XRP,XRP,1.13,1.18,1.13,-0.03386544161,-2.89738,70639010326,6,1441727093,62241508805,99985645029,3.65,2025-07-18 03:40:53.808,0.00268621,2014-05-22 00:00:00.000,2026-07-05 14:55:08.685,2026-07-05 14:55:10.688
solana,SOL,Solana,81.25,82.58,79.77,-0.4254957604,-0.52096,47215241966,7,1705880870,581130022.673573,629718359.109931,293.31,2025-01-19 11:15:27.957,0.500801,2020-05-11 19:35:23.449,2026-07-05 14:55:08.388,2026-07-05 14:55:10.688
cardano,ADA,Cardano,0.189195,0.198594,0.181459,0.00773589,4.26317,7050301279,16,829690850,37263472566.6758,45000000000,3.09,2021-09-02 06:00:10.474,0.01925275,2020-03-13 02:22:55.044,2026-07-05 14:54:55.590,2026-07-05 14:55:10.688
ripple,XRP,XRP,1.13,1.17,1.13,-0.02642754577,-2.27549,70640664015,6,1141191124,62241508805,99985645029,3.65,2025-07-18 03:40:53.808,0.00268621,2014-05-22 00:00:00.000,2026-07-05 20:54:53.062,2026-07-05 20:55:10.859
bitcoin,BTC,Bitcoin,62673,63383,62462,38.72,0.06181,1256682332755,1,17773141792,20052475,20052475,126080,2025-10-06 18:57:42.558,67.81,2013-07-06 00:00:00.000,2026-07-05 14:55:09.876,2026-07-05 14:55:10.688
ethereum,ETH,Ethereum,1766.9,1801.59,1751.18,-3.268064285,-0.18462,213197927143,2,10896370720,120683221.187191,120683221.187191,4946.05,2025-08-24 19:21:03.333,0.432979,2015-10-20 00:00:00.000,2026-07-05 14:55:10.300,2026-07-05 14:55:10.688
ripple,XRP,XRP,1.13,1.18,1.13,-0.03386544161,-2.89738,70639010326,6,1441727093,62241508805,99985645029,3.65,2025-07-18 03:40:53.808,0.00268621,2014-05-22 00:00:00.000,2026-07-05 14:55:08.685,2026-07-05 14:55:10.688
solana,SOL,Solana,81.25,82.58,79.77,-0.4254957604,-0.52096,47215241966,7,1705880870,581130022.673573,629718359.109931,293.31,2025-01-19 11:15:27.957,0.500801,2020-05-11 19:35:23.449,2026-07-05 14:55:08.388,2026-07-05 14:55:10.688
cardano,ADA,Cardano,0.189195,0.198594,0.181459,0.00773589,4.26317,7050301279,16,829690850,37263472566.6758,45000000000,3.09,2021-09-02 06:00:10.474,0.01925275,2020-03-13 02:22:55.044,2026-07-05 14:54:55.590,2026-07-05 14:55:10.688
ethereum,ETH,Ethereum,1776.1,1791.89,1751.18,-10.304998635,-0.57686,214351018546,2,9804431439,120683221.187191,120683221.187191,4946.05,2025-08-24 19:21:03.333,0.432979,2015-10-20 00:00:00.000,2026-07-05 20:55:02.014,2026-07-05 20:55:10.859
bitcoin,BTC,Bitcoin,62673,63383,62462,38.72,0.06181,1256682332755,1,17773141792,20052475,20052475,126080,2025-10-06 18:57:42.558,67.81,2013-07-06 00:00:00.000,2026-07-05 14:55:09.876,2026-07-05 14:55:10.688
ethereum,ETH,Ethereum,1766.9,1801.59,1751.18,-3.268064285,-0.18462,213197927143,2,10896370720,120683221.187191,120683221.187191,4946.05,2025-08-24 19:21:03.333,0.432979,2015-10-20 00:00:00.000,2026-07-05 14:55:10.300,2026-07-05 14:55:10.688
ripple,XRP,XRP,1.13,1.18,1.13,-0.03386544161,-2.89738,70639010326,6,1441727093,62241508805,99985645029,3.65,2025-07-18 03:40:53.808,0.00268621,2014-05-22 00:00:00.000,2026-07-05 14:55:08.685,2026-07-05 14:55:10.688
solana,SOL,Solana,81.25,82.58,79.77,-0.4254957604,-0.52096,47215241966,7,1705880870,581130022.673573,629718359.109931,293.31,2025-01-19 11:15:27.957,0.500801,2020-05-11 19:35:23.449,2026-07-05 14:55:08.388,2026-07-05 14:55:10.688
cardano,ADA,Cardano,0.189195,0.198594,0.181459,0.00773589,4.26317,7050301279,16,829690850,37263472566.6758,45000000000,3.09,2021-09-02 06:00:10.474,0.01925275,2020-03-13 02:22:55.044,2026-07-05 14:54:55.590,2026-07-05 14:55:10.688
bitcoin,BTC,Bitcoin,62868,63383,62395,347.15,0.55526,1260648441691,1,18046556122,20052359,20052359,126080,2025-10-06 18:57:42.558,67.81,2013-07-06 00:00:00.000,2026-07-05 08:55:09.221,2026-07-05 08:55:10.639
ethereum,ETH,Ethereum,1766.55,1801.59,1754.38,5.89,0.33477,213196029224,2,9507904342,120683221.187191,120683221.187191,4946.05,2025-08-24 19:21:03.333,0.432979,2015-10-20 00:00:00.000,2026-07-05 08:55:09.480,2026-07-05 08:55:10.639
ripple,XRP,XRP,1.14,1.18,1.13,-0.004246388909,-0.37159,70868879761,6,1685431417,62241508805,99985645029,3.65,2025-07-18 03:40:53.808,0.00268621,2014-05-22 00:00:00.000,2026-07-05 08:54:54.662,2026-07-05 08:55:10.639
solana,SOL,Solana,80.47,82.58,80.18,-1.890591242,-2.29546,46765633204,7,1651259270,581130205.603553,629718518.447955,293.31,2025-01-19 11:15:27.957,0.500801,2020-05-11 19:35:23.449,2026-07-05 08:54:54.481,2026-07-05 08:55:10.639
cardano,ADA,Cardano,0.192343,0.198594,0.175034,0.01646097,9.35907,7170116053,16,815892544,37263472566.6758,45000000000,3.09,2021-09-02 06:00:10.474,0.01925275,2020-03-13 02:22:55.044,2026-07-05 08:55:02.973,2026-07-05 08:55:10.639
ripple,XRP,XRP,1.13,1.18,1.13,-0.03386544161,-2.89738,70639010326,6,1441727093,62241508805,99985645029,3.65,2025-07-18 03:40:53.808,0.00268621,2014-05-22 00:00:00.000,2026-07-05 14:55:08.685,2026-07-05 14:55:10.688
bitcoin,BTC,Bitcoin,62868,63383,62395,347.15,0.55526,1260648441691,1,18046556122,20052359,20052359,126080,2025-10-06 18:57:42.558,67.81,2013-07-06 00:00:00.000,2026-07-05 08:55:09.221,2026-07-05 08:55:10.639
ethereum,ETH,Ethereum,1766.55,1801.59,1754.38,5.89,0.33477,213196029224,2,9507904342,120683221.187191,120683221.187191,4946.05,2025-08-24 19:21:03.333,0.432979,2015-10-20 00:00:00.000,2026-07-05 08:55:09.480,2026-07-05 08:55:10.639
ripple,XRP,XRP,1.14,1.18,1.13,-0.004246388909,-0.37159,70868879761,6,1685431417,62241508805,99985645029,3.65,2025-07-18 03:40:53.808,0.00268621,2014-05-22 00:00:00.000,2026-07-05 08:54:54.662,2026-07-05 08:55:10.639
solana,SOL,Solana,80.47,82.58,80.18,-1.890591242,-2.29546,46765633204,7,1651259270,581130205.603553,629718518.447955,293.31,2025-01-19 11:15:27.957,0.500801,2020-05-11 19:35:23.449,2026-07-05 08:54:54.481,2026-07-05 08:55:10.639
cardano,ADA,Cardano,0.192343,0.198594,0.175034,0.01646097,9.35907,7170116053,16,815892544,37263472566.6758,45000000000,3.09,2021-09-02 06:00:10.474,0.01925275,2020-03-13 02:22:55.044,2026-07-05 08:55:02.973,2026-07-05 08:55:10.639
bitcoin,BTC,Bitcoin,62673,63383,62462,38.72,0.06181,1256682332755,1,17773141792,20052475,20052475,126080,2025-10-06 18:57:42.558,67.81,2013-07-06 00:00:00.000,2026-07-05 14:55:09.876,2026-07-05 14:55:10.688
cardano,ADA,Cardano,0.189195,0.198594,0.181459,0.00773589,4.26317,7050301279,16,829690850,37263472566.6758,45000000000,3.09,2021-09-02 06:00:10.474,0.01925275,2020-03-13 02:22:55.044,2026-07-05 14:54:55.590,2026-07-05 14:55:10.688
bitcoin,BTC,Bitcoin,62868,63383,62395,347.15,0.55526,1260648441691,1,18046556122,20052359,20052359,126080,2025-10-06 18:57:42.558,67.81,2013-07-06 00:00:00.000,2026-07-05 08:55:09.221,2026-07-05 08:55:10.639
ethereum,ETH,Ethereum,1766.55,1801.59,1754.38,5.89,0.33477,213196029224,2,9507904342,120683221.187191,120683221.187191,4946.05,2025-08-24 19:21:03.333,0.432979,2015-10-20 00:00:00.000,2026-07-05 08:55:09.480,2026-07-05 08:55:10.639
ripple,XRP,XRP,1.14,1.18,1.13,-0.004246388909,-0.37159,70868879761,6,1685431417,62241508805,99985645029,3.65,2025-07-18 03:40:53.808,0.00268621,2014-05-22 00:00:00.000,2026-07-05 08:54:54.662,2026-07-05 08:55:10.639
solana,SOL,Solana,80.47,82.58,80.18,-1.890591242,-2.29546,46765633204,7,1651259270,581130205.603553,629718518.447955,293.31,2025-01-19 11:15:27.957,0.500801,2020-05-11 19:35:23.449,2026-07-05 08:54:54.481,2026-07-05 08:55:10.639
cardano,ADA,Cardano,0.192343,0.198594,0.175034,0.01646097,9.35907,7170116053,16,815892544,37263472566.6758,45000000000,3.09,2021-09-02 06:00:10.474,0.01925275,2020-03-13 02:22:55.044,2026-07-05 08:55:02.973,2026-07-05 08:55:10.639
solana,SOL,Solana,81.25,82.58,79.77,-0.4254957604,-0.52096,47215241966,7,1705880870,581130022.673573,629718359.109931,293.31,2025-01-19 11:15:27.957,0.500801,2020-05-11 19:35:23.449,2026-07-05 14:55:08.388,2026-07-05 14:55:10.688
solana,SOL,Solana,80.47,82.58,80.18,-1.890591242,-2.29546,46765633204,7,1651259270,581130205.603553,629718518.447955,293.31,2025-01-19 11:15:27.957,0.500801,2020-05-11 19:35:23.449,2026-07-05 08:54:54.481,2026-07-05 08:55:10.639
bitcoin,BTC,Bitcoin,62868,63383,62395,347.15,0.55526,1260648441691,1,18046556122,20052359,20052359,126080,2025-10-06 18:57:42.558,67.81,2013-07-06 00:00:00.000,2026-07-05 08:55:09.221,2026-07-05 08:55:10.639
cardano,ADA,Cardano,0.192343,0.198594,0.175034,0.01646097,9.35907,7170116053,16,815892544,37263472566.6758,45000000000,3.09,2021-09-02 06:00:10.474,0.01925275,2020-03-13 02:22:55.044,2026-07-05 08:55:02.973,2026-07-05 08:55:10.639
bitcoin,BTC,Bitcoin,62582,63383,62305,99.19,0.15875,1254856509056,1,17626298270,20052250,20052250,126080,2025-10-06 18:57:42.558,67.81,2013-07-06 00:00:00.000,2026-07-05 02:55:09.410,2026-07-05 02:55:10.783
ethereum,ETH,Ethereum,1758.05,1801.59,1746.31,10.49,0.60046,212162463346,2,7381240409,120683221.187191,120683221.187191,4946.05,2025-08-24 19:21:03.333,0.432979,2015-10-20 00:00:00.000,2026-07-05 02:55:09.160,2026-07-05 02:55:10.783
ripple,XRP,XRP,1.13,1.18,1.13,-0.001577885658,-0.13893,70599782304,6,1806305332,62241508805,99985645029,3.65,2025-07-18 03:40:53.808,0.00268621,2014-05-22 00:00:00.000,2026-07-05 02:55:00.201,2026-07-05 02:55:10.783
solana,SOL,Solana,80.21,83.74,80.24,-2.011793808,-2.4469,46624589315,7,2080211805,581130371.06626,629718712.513192,293.31,2025-01-19 11:15:27.957,0.500801,2020-05-11 19:35:23.449,2026-07-05 02:54:59.476,2026-07-05 02:55:10.783
cardano,ADA,Cardano,0.190395,0.198594,0.175034,0.01311701,7.39913,7094613487,16,790792008,37263472566.6758,45000000000,3.09,2021-09-02 06:00:10.474,0.01925275,2020-03-13 02:22:55.044,2026-07-05 02:55:07.456,2026-07-05 02:55:10.783
bitcoin,BTC,Bitcoin,62582,63383,62305,99.19,0.15875,1254856509056,1,17626298270,20052250,20052250,126080,2025-10-06 18:57:42.558,67.81,2013-07-06 00:00:00.000,2026-07-05 02:55:09.410,2026-07-05 02:55:10.783
ethereum,ETH,Ethereum,1758.05,1801.59,1746.31,10.49,0.60046,212162463346,2,7381240409,120683221.187191,120683221.187191,4946.05,2025-08-24 19:21:03.333,0.432979,2015-10-20 00:00:00.000,2026-07-05 02:55:09.160,2026-07-05 02:55:10.783
ripple,XRP,XRP,1.13,1.18,1.13,-0.001577885658,-0.13893,70599782304,6,1806305332,62241508805,99985645029,3.65,2025-07-18 03:40:53.808,0.00268621,2014-05-22 00:00:00.000,2026-07-05 02:55:00.201,2026-07-05 02:55:10.783
solana,SOL,Solana,80.21,83.74,80.24,-2.011793808,-2.4469,46624589315,7,2080211805,581130371.06626,629718712.513192,293.31,2025-01-19 11:15:27.957,0.500801,2020-05-11 19:35:23.449,2026-07-05 02:54:59.476,2026-07-05 02:55:10.783
cardano,ADA,Cardano,0.190395,0.198594,0.175034,0.01311701,7.39913,7094613487,16,790792008,37263472566.6758,45000000000,3.09,2021-09-02 06:00:10.474,0.01925275,2020-03-13 02:22:55.044,2026-07-05 02:55:07.456,2026-07-05 02:55:10.783
ripple,XRP,XRP,1.14,1.18,1.13,-0.004246388909,-0.37159,70868879761,6,1685431417,62241508805,99985645029,3.65,2025-07-18 03:40:53.808,0.00268621,2014-05-22 00:00:00.000,2026-07-05 08:54:54.662,2026-07-05 08:55:10.639
ethereum,ETH,Ethereum,1758.05,1801.59,1746.31,10.49,0.60046,212162463346,2,7381240409,120683221.187191,120683221.187191,4946.05,2025-08-24 19:21:03.333,0.432979,2015-10-20 00:00:00.000,2026-07-05 02:55:09.160,2026-07-05 02:55:10.783
bitcoin,BTC,Bitcoin,63252,63334,62305,565.07,0.90143,1268393550741,1,19073465593,20052143,20052143,126080,2025-10-06 18:57:42.558,67.81,2013-07-06 00:00:00.000,2026-07-04 20:55:10.699,2026-07-04 20:55:10.979
ethereum,ETH,Ethereum,1786.95,1801.59,1745.37,23.32,1.32204,215652649800,2,7492750600,120683240.641507,120683240.641507,4946.05,2025-08-24 19:21:03.333,0.432979,2015-10-20 00:00:00.000,2026-07-04 20:55:10.136,2026-07-04 20:55:10.979
ripple,XRP,XRP,1.16,1.18,1.13,0.02273229,1.99626,72292906844,6,1818438962,62241508805,99985645029,3.65,2025-07-18 03:40:53.808,0.00268621,2014-05-22 00:00:00.000,2026-07-04 20:55:09.599,2026-07-04 20:55:10.979
solana,SOL,Solana,81.94,83.74,81.37,-0.7408263697,-0.89605,47618212618,7,2010464987,581130557.106752,629718870.34215,293.31,2025-01-19 11:15:27.957,0.500801,2020-05-11 19:35:23.449,2026-07-04 20:55:07.530,2026-07-04 20:55:10.979
cardano,ADA,Cardano,0.191425,0.198594,0.175034,0.01049292,5.79939,7134214332,16,775898951,37263472566.6758,45000000000,3.09,2021-09-02 06:00:10.474,0.01925275,2020-03-13 02:22:55.044,2026-07-04 20:55:06.775,2026-07-04 20:55:10.979
bitcoin,BTC,Bitcoin,62582,63383,62305,99.19,0.15875,1254856509056,1,17626298270,20052250,20052250,126080,2025-10-06 18:57:42.558,67.81,2013-07-06 00:00:00.000,2026-07-05 02:55:09.410,2026-07-05 02:55:10.783
cardano,ADA,Cardano,0.190395,0.198594,0.175034,0.01311701,7.39913,7094613487,16,790792008,37263472566.6758,45000000000,3.09,2021-09-02 06:00:10.474,0.01925275,2020-03-13 02:22:55.044,2026-07-05 02:55:07.456,2026-07-05 02:55:10.783
bitcoin,BTC,Bitcoin,63252,63334,62305,565.07,0.90143,1268393550741,1,19073465593,20052143,20052143,126080,2025-10-06 18:57:42.558,67.81,2013-07-06 00:00:00.000,2026-07-04 20:55:10.699,2026-07-04 20:55:10.979
ethereum,ETH,Ethereum,1786.95,1801.59,1745.37,23.32,1.32204,215652649800,2,7492750600,120683240.641507,120683240.641507,4946.05,2025-08-24 19:21:03.333,0.432979,2015-10-20 00:00:00.000,2026-07-04 20:55:10.136,2026-07-04 20:55:10.979
ripple,XRP,XRP,1.16,1.18,1.13,0.02273229,1.99626,72292906844,6,1818438962,62241508805,99985645029,3.65,2025-07-18 03:40:53.808,0.00268621,2014-05-22 00:00:00.000,2026-07-04 20:55:09.599,2026-07-04 20:55:10.979
solana,SOL,Solana,81.94,83.74,81.37,-0.7408263697,-0.89605,47618212618,7,2010464987,581130557.106752,629718870.34215,293.31,2025-01-19 11:15:27.957,0.500801,2020-05-11 19:35:23.449,2026-07-04 20:55:07.530,2026-07-04 20:55:10.979
cardano,ADA,Cardano,0.191425,0.198594,0.175034,0.01049292,5.79939,7134214332,16,775898951,37263472566.6758,45000000000,3.09,2021-09-02 06:00:10.474,0.01925275,2020-03-13 02:22:55.044,2026-07-04 20:55:06.775,2026-07-04 20:55:10.979
bitcoin,BTC,Bitcoin,63252,63334,62305,565.07,0.90143,1268393550741,1,19073465593,20052143,20052143,126080,2025-10-06 18:57:42.558,67.81,2013-07-06 00:00:00.000,2026-07-04 20:55:10.699,2026-07-04 20:55:10.979
ethereum,ETH,Ethereum,1786.95,1801.59,1745.37,23.32,1.32204,215652649800,2,7492750600,120683240.641507,120683240.641507,4946.05,2025-08-24 19:21:03.333,0.432979,2015-10-20 00:00:00.000,2026-07-04 20:55:10.136,2026-07-04 20:55:10.979
ripple,XRP,XRP,1.16,1.18,1.13,0.02273229,1.99626,72292906844,6,1818438962,62241508805,99985645029,3.65,2025-07-18 03:40:53.808,0.00268621,2014-05-22 00:00:00.000,2026-07-04 20:55:09.599,2026-07-04 20:55:10.979
solana,SOL,Solana,81.94,83.74,81.37,-0.7408263697,-0.89605,47618212618,7,2010464987,581130557.106752,629718870.34215,293.31,2025-01-19 11:15:27.957,0.500801,2020-05-11 19:35:23.449,2026-07-04 20:55:07.530,2026-07-04 20:55:10.979
cardano,ADA,Cardano,0.191425,0.198594,0.175034,0.01049292,5.79939,7134214332,16,775898951,37263472566.6758,45000000000,3.09,2021-09-02 06:00:10.474,0.01925275,2020-03-13 02:22:55.044,2026-07-04 20:55:06.775,2026-07-04 20:55:10.979
solana,SOL,Solana,80.21,83.74,80.24,-2.011793808,-2.4469,46624589315,7,2080211805,581130371.06626,629718712.513192,293.31,2025-01-19 11:15:27.957,0.500801,2020-05-11 19:35:23.449,2026-07-05 02:54:59.476,2026-07-05 02:55:10.783
bitcoin,BTC,Bitcoin,62619,62821,61789,496.21,0.79876,1255933036411,1,19557765098,20052025,20052025,126080,2025-10-06 18:57:42.558,67.81,2013-07-06 00:00:00.000,2026-07-04 14:55:09.476,2026-07-04 14:55:11.386
ethereum,ETH,Ethereum,1768.73,1771.21,1728.23,32.31,1.86082,213507454548,2,6790564252,120683240.641507,120683240.641507,4946.05,2025-08-24 19:21:03.333,0.432979,2015-10-20 00:00:00.000,2026-07-04 14:55:07.408,2026-07-04 14:55:11.386
ripple,XRP,XRP,1.17,1.17,1.11,0.057027,5.13047,72718779105,6,1929902535,62241508805,99985645029,3.65,2025-07-18 03:40:53.808,0.00268621,2014-05-22 00:00:00.000,2026-07-04 14:55:02.407,2026-07-04 14:55:11.386
solana,SOL,Solana,81.65,83.74,81.15,0.131226,0.16098,47452165044,7,2157013495,581130761.709905,629719076.81965,293.31,2025-01-19 11:15:27.957,0.500801,2020-05-11 19:35:23.449,2026-07-04 14:55:10.605,2026-07-04 14:55:11.386
cardano,ADA,Cardano,0.181594,0.182359,0.170357,0.01123729,6.59631,6766061764,17,626304986,37263472566.6758,45000000000,3.09,2021-09-02 06:00:10.474,0.01925275,2020-03-13 02:22:55.044,2026-07-04 14:55:10.603,2026-07-04 14:55:11.386
ripple,XRP,XRP,1.16,1.18,1.13,0.02273229,1.99626,72292906844,6,1818438962,62241508805,99985645029,3.65,2025-07-18 03:40:53.808,0.00268621,2014-05-22 00:00:00.000,2026-07-04 20:55:09.599,2026-07-04 20:55:10.979
bitcoin,BTC,Bitcoin,62619,62821,61789,496.21,0.79876,1255933036411,1,19557765098,20052025,20052025,126080,2025-10-06 18:57:42.558,67.81,2013-07-06 00:00:00.000,2026-07-04 14:55:09.476,2026-07-04 14:55:11.386
ethereum,ETH,Ethereum,1768.73,1771.21,1728.23,32.31,1.86082,213507454548,2,6790564252,120683240.641507,120683240.641507,4946.05,2025-08-24 19:21:03.333,0.432979,2015-10-20 00:00:00.000,2026-07-04 14:55:07.408,2026-07-04 14:55:11.386
ripple,XRP,XRP,1.17,1.17,1.11,0.057027,5.13047,72718779105,6,1929902535,62241508805,99985645029,3.65,2025-07-18 03:40:53.808,0.00268621,2014-05-22 00:00:00.000,2026-07-04 14:55:02.407,2026-07-04 14:55:11.386
solana,SOL,Solana,81.65,83.74,81.15,0.131226,0.16098,47452165044,7,2157013495,581130761.709905,629719076.81965,293.31,2025-01-19 11:15:27.957,0.500801,2020-05-11 19:35:23.449,2026-07-04 14:55:10.605,2026-07-04 14:55:11.386
cardano,ADA,Cardano,0.181594,0.182359,0.170357,0.01123729,6.59631,6766061764,17,626304986,37263472566.6758,45000000000,3.09,2021-09-02 06:00:10.474,0.01925275,2020-03-13 02:22:55.044,2026-07-04 14:55:10.603,2026-07-04 14:55:11.386
bitcoin,BTC,Bitcoin,63252,63334,62305,565.07,0.90143,1268393550741,1,19073465593,20052143,20052143,126080,2025-10-06 18:57:42.558,67.81,2013-07-06 00:00:00.000,2026-07-04 20:55:10.699,2026-07-04 20:55:10.979
cardano,ADA,Cardano,0.191425,0.198594,0.175034,0.01049292,5.79939,7134214332,16,775898951,37263472566.6758,45000000000,3.09,2021-09-02 06:00:10.474,0.01925275,2020-03-13 02:22:55.044,2026-07-04 20:55:06.775,2026-07-04 20:55:10.979
bitcoin,BTC,Bitcoin,62619,62821,61789,496.21,0.79876,1255933036411,1,19557765098,20052025,20052025,126080,2025-10-06 18:57:42.558,67.81,2013-07-06 00:00:00.000,2026-07-04 14:55:09.476,2026-07-04 14:55:11.386
ethereum,ETH,Ethereum,1768.73,1771.21,1728.23,32.31,1.86082,213507454548,2,6790564252,120683240.641507,120683240.641507,4946.05,2025-08-24 19:21:03.333,0.432979,2015-10-20 00:00:00.000,2026-07-04 14:55:07.408,2026-07-04 14:55:11.386
ripple,XRP,XRP,1.17,1.17,1.11,0.057027,5.13047,72718779105,6,1929902535,62241508805,99985645029,3.65,2025-07-18 03:40:53.808,0.00268621,2014-05-22 00:00:00.000,2026-07-04 14:55:02.407,2026-07-04 14:55:11.386
solana,SOL,Solana,81.65,83.74,81.15,0.131226,0.16098,47452165044,7,2157013495,581130761.709905,629719076.81965,293.31,2025-01-19 11:15:27.957,0.500801,2020-05-11 19:35:23.449,2026-07-04 14:55:10.605,2026-07-04 14:55:11.386
cardano,ADA,Cardano,0.181594,0.182359,0.170357,0.01123729,6.59631,6766061764,17,626304986,37263472566.6758,45000000000,3.09,2021-09-02 06:00:10.474,0.01925275,2020-03-13 02:22:55.044,2026-07-04 14:55:10.603,2026-07-04 14:55:11.386
ethereum,ETH,Ethereum,1786.95,1801.59,1745.37,23.32,1.32204,215652649800,2,7492750600,120683240.641507,120683240.641507,4946.05,2025-08-24 19:21:03.333,0.432979,2015-10-20 00:00:00.000,2026-07-04 20:55:10.136,2026-07-04 20:55:10.979
bitcoin,BTC,Bitcoin,62619,62821,61789,496.21,0.79876,1255933036411,1,19557765098,20052025,20052025,126080,2025-10-06 18:57:42.558,67.81,2013-07-06 00:00:00.000,2026-07-04 14:55:09.476,2026-07-04 14:55:11.386
ripple,XRP,XRP,1.17,1.17,1.11,0.057027,5.13047,72718779105,6,1929902535,62241508805,99985645029,3.65,2025-07-18 03:40:53.808,0.00268621,2014-05-22 00:00:00.000,2026-07-04 14:55:02.407,2026-07-04 14:55:11.386
cardano,ADA,Cardano,0.181594,0.182359,0.170357,0.01123729,6.59631,6766061764,17,626304986,37263472566.6758,45000000000,3.09,2021-09-02 06:00:10.474,0.01925275,2020-03-13 02:22:55.044,2026-07-04 14:55:10.603,2026-07-04 14:55:11.386
bitcoin,BTC,Bitcoin,62584,62821,61514,1070.04,1.7395,1255030295699,1,23608534819,20051934,20051934,126080,2025-10-06 18:57:42.558,67.81,2013-07-06 00:00:00.000,2026-07-04 08:55:08.241,2026-07-04 08:55:10.243
ethereum,ETH,Ethereum,1762.07,1768.38,1717.36,44.71,2.60361,212639281688,2,9170679126,120683240.641507,120683240.641507,4946.05,2025-08-24 19:21:03.333,0.432979,2015-10-20 00:00:00.000,2026-07-04 08:55:08.192,2026-07-04 08:55:10.243
ripple,XRP,XRP,1.14,1.15,1.099,0.04281814,3.89313,71122100263,6,1803387764,62241508805,99985645029,3.65,2025-07-18 03:40:53.808,0.00268621,2014-05-22 00:00:00.000,2026-07-04 08:55:05.304,2026-07-04 08:55:10.243
solana,SOL,Solana,82.38,83.74,80.68,1.47,1.81996,47871440776,7,2277626314,581013391.532587,629589586.252891,293.31,2025-01-19 11:15:27.957,0.500801,2020-05-11 19:35:23.449,2026-07-04 08:54:58.972,2026-07-04 08:55:10.243
cardano,ADA,Cardano,0.175979,0.182359,0.166054,0.0097691,5.87758,6556577730,18,648647257,37263472566.6758,45000000000,3.09,2021-09-02 06:00:10.474,0.01925275,2020-03-13 02:22:55.044,2026-07-04 08:55:06.889,2026-07-04 08:55:10.243
bitcoin,BTC,Bitcoin,62584,62821,61514,1070.04,1.7395,1255030295699,1,23608534819,20051934,20051934,126080,2025-10-06 18:57:42.558,67.81,2013-07-06 00:00:00.000,2026-07-04 08:55:08.241,2026-07-04 08:55:10.243
ripple,XRP,XRP,1.14,1.15,1.099,0.04281814,3.89313,71122100263,6,1803387764,62241508805,99985645029,3.65,2025-07-18 03:40:53.808,0.00268621,2014-05-22 00:00:00.000,2026-07-04 08:55:05.304,2026-07-04 08:55:10.243
cardano,ADA,Cardano,0.175979,0.182359,0.166054,0.0097691,5.87758,6556577730,18,648647257,37263472566.6758,45000000000,3.09,2021-09-02 06:00:10.474,0.01925275,2020-03-13 02:22:55.044,2026-07-04 08:55:06.889,2026-07-04 08:55:10.243
ethereum,ETH,Ethereum,1762.07,1768.38,1717.36,44.71,2.60361,212639281688,2,9170679126,120683240.641507,120683240.641507,4946.05,2025-08-24 19:21:03.333,0.432979,2015-10-20 00:00:00.000,2026-07-04 08:55:08.192,2026-07-04 08:55:10.243
bitcoin,BTC,Bitcoin,62498,62821,61272,1134.59,1.84895,1253289736211,1,25126083795,20051778,20051778,126080,2025-10-06 18:57:42.558,67.81,2013-07-06 00:00:00.000,2026-07-04 02:55:06.775,2026-07-04 02:55:10.821
ethereum,ETH,Ethereum,1748.35,1768.38,1698.74,45.51,2.67267,211040283980,2,8405154336,120683240.641507,120683240.641507,4946.05,2025-08-24 19:21:03.333,0.432979,2015-10-20 00:00:00.000,2026-07-04 02:55:07.196,2026-07-04 02:55:10.821
ripple,XRP,XRP,1.14,1.14,1.086,0.04766925,4.38098,70694038837,6,1738859533,62241508805,99985645029,3.65,2025-07-18 03:40:53.808,0.00268621,2014-05-22 00:00:00.000,2026-07-04 02:55:03.567,2026-07-04 02:55:10.821
solana,SOL,Solana,82.21,82.82,80.37,1.48,1.83824,47756782318,7,2001629150,581013569.446733,629589770.644357,293.31,2025-01-19 11:15:27.957,0.500801,2020-05-11 19:35:23.449,2026-07-04 02:55:03.398,2026-07-04 02:55:10.821
cardano,ADA,Cardano,0.177325,0.182359,0.16331,0.01098098,6.60135,6608144558,18,689321817,37263472566.6758,45000000000,3.09,2021-09-02 06:00:10.474,0.01925275,2020-03-13 02:22:55.044,2026-07-04 02:54:52.312,2026-07-04 02:55:10.821
solana,SOL,Solana,82.38,83.74,80.68,1.47,1.81996,47871440776,7,2277626314,581013391.532587,629589586.252891,293.31,2025-01-19 11:15:27.957,0.500801,2020-05-11 19:35:23.449,2026-07-04 08:54:58.972,2026-07-04 08:55:10.243
bitcoin,BTC,Bitcoin,62498,62821,61272,1134.59,1.84895,1253289736211,1,25126083795,20051778,20051778,126080,2025-10-06 18:57:42.558,67.81,2013-07-06 00:00:00.000,2026-07-04 02:55:06.775,2026-07-04 02:55:10.821
ethereum,ETH,Ethereum,1748.35,1768.38,1698.74,45.51,2.67267,211040283980,2,8405154336,120683240.641507,120683240.641507,4946.05,2025-08-24 19:21:03.333,0.432979,2015-10-20 00:00:00.000,2026-07-04 02:55:07.196,2026-07-04 02:55:10.821
ripple,XRP,XRP,1.14,1.14,1.086,0.04766925,4.38098,70694038837,6,1738859533,62241508805,99985645029,3.65,2025-07-18 03:40:53.808,0.00268621,2014-05-22 00:00:00.000,2026-07-04 02:55:03.567,2026-07-04 02:55:10.821
solana,SOL,Solana,82.21,82.82,80.37,1.48,1.83824,47756782318,7,2001629150,581013569.446733,629589770.644357,293.31,2025-01-19 11:15:27.957,0.500801,2020-05-11 19:35:23.449,2026-07-04 02:55:03.398,2026-07-04 02:55:10.821
cardano,ADA,Cardano,0.177325,0.182359,0.16331,0.01098098,6.60135,6608144558,18,689321817,37263472566.6758,45000000000,3.09,2021-09-02 06:00:10.474,0.01925275,2020-03-13 02:22:55.044,2026-07-04 02:54:52.312,2026-07-04 02:55:10.821
bitcoin,BTC,Bitcoin,62584,62821,61514,1070.04,1.7395,1255030295699,1,23608534819,20051934,20051934,126080,2025-10-06 18:57:42.558,67.81,2013-07-06 00:00:00.000,2026-07-04 08:55:08.241,2026-07-04 08:55:10.243
cardano,ADA,Cardano,0.175979,0.182359,0.166054,0.0097691,5.87758,6556577730,18,648647257,37263472566.6758,45000000000,3.09,2021-09-02 06:00:10.474,0.01925275,2020-03-13 02:22:55.044,2026-07-04 08:55:06.889,2026-07-04 08:55:10.243
bitcoin,BTC,Bitcoin,62498,62821,61272,1134.59,1.84895,1253289736211,1,25126083795,20051778,20051778,126080,2025-10-06 18:57:42.558,67.81,2013-07-06 00:00:00.000,2026-07-04 02:55:06.775,2026-07-04 02:55:10.821
ethereum,ETH,Ethereum,1748.35,1768.38,1698.74,45.51,2.67267,211040283980,2,8405154336,120683240.641507,120683240.641507,4946.05,2025-08-24 19:21:03.333,0.432979,2015-10-20 00:00:00.000,2026-07-04 02:55:07.196,2026-07-04 02:55:10.821
ripple,XRP,XRP,1.14,1.14,1.086,0.04766925,4.38098,70694038837,6,1738859533,62241508805,99985645029,3.65,2025-07-18 03:40:53.808,0.00268621,2014-05-22 00:00:00.000,2026-07-04 02:55:03.567,2026-07-04 02:55:10.821
solana,SOL,Solana,82.21,82.82,80.37,1.48,1.83824,47756782318,7,2001629150,581013569.446733,629589770.644357,293.31,2025-01-19 11:15:27.957,0.500801,2020-05-11 19:35:23.449,2026-07-04 02:55:03.398,2026-07-04 02:55:10.821
cardano,ADA,Cardano,0.177325,0.182359,0.16331,0.01098098,6.60135,6608144558,18,689321817,37263472566.6758,45000000000,3.09,2021-09-02 06:00:10.474,0.01925275,2020-03-13 02:22:55.044,2026-07-04 02:54:52.312,2026-07-04 02:55:10.821
bitcoin,BTC,Bitcoin,62498,62821,61272,1134.59,1.84895,1253289736211,1,25126083795,20051778,20051778,126080,2025-10-06 18:57:42.558,67.81,2013-07-06 00:00:00.000,2026-07-04 02:55:06.775,2026-07-04 02:55:10.821
cardano,ADA,Cardano,0.177325,0.182359,0.16331,0.01098098,6.60135,6608144558,18,689321817,37263472566.6758,45000000000,3.09,2021-09-02 06:00:10.474,0.01925275,2020-03-13 02:22:55.044,2026-07-04 02:54:52.312,2026-07-04 02:55:10.821
bitcoin,BTC,Bitcoin,62753,62764,61218,1245.29,2.0246,1258200280602,1,26110926916,20051671,20051671,126080,2025-10-06 18:57:42.558,67.81,2013-07-06 00:00:00.000,2026-07-03 20:55:10.363,2026-07-03 20:55:11.434
ethereum,ETH,Ethereum,1766.14,1768.38,1690.96,62.81,3.68725,213214517327,2,9592303813,120683264.740178,120683264.740178,4946.05,2025-08-24 19:21:03.333,0.432979,2015-10-20 00:00:00.000,2026-07-03 20:55:09.803,2026-07-03 20:55:11.434
ripple,XRP,XRP,1.14,1.14,1.078,0.05661,5.23318,70855779108,6,1647935220,62241508805,99985645029,3.65,2025-07-18 03:40:53.808,0.00268621,2014-05-22 00:00:00.000,2026-07-03 20:55:00.757,2026-07-03 20:55:11.434
solana,SOL,Solana,82.69,82.82,80.37,1.86,2.29573,48042373244,7,2051332421,581013763.380386,629589969.40194,293.31,2025-01-19 11:15:27.957,0.500801,2020-05-11 19:35:23.449,2026-07-03 20:54:59.996,2026-07-03 20:55:11.434
cardano,ADA,Cardano,0.181144,0.182359,0.160395,0.01955467,12.10145,6745754870,17,688273103,37258288157.7447,45000000000,3.09,2021-09-02 06:00:10.474,0.01925275,2020-03-13 02:22:55.044,2026-07-03 20:55:09.858,2026-07-03 20:55:11.434
ripple,XRP,XRP,1.14,1.14,1.086,0.04766925,4.38098,70694038837,6,1738859533,62241508805,99985645029,3.65,2025-07-18 03:40:53.808,0.00268621,2014-05-22 00:00:00.000,2026-07-04 02:55:03.567,2026-07-04 02:55:10.821
bitcoin,BTC,Bitcoin,62753,62764,61218,1245.29,2.0246,1258200280602,1,26110926916,20051671,20051671,126080,2025-10-06 18:57:42.558,67.81,2013-07-06 00:00:00.000,2026-07-03 20:55:10.363,2026-07-03 20:55:11.434
ethereum,ETH,Ethereum,1766.14,1768.38,1690.96,62.81,3.68725,213214517327,2,9592303813,120683264.740178,120683264.740178,4946.05,2025-08-24 19:21:03.333,0.432979,2015-10-20 00:00:00.000,2026-07-03 20:55:09.803,2026-07-03 20:55:11.434
ripple,XRP,XRP,1.14,1.14,1.078,0.05661,5.23318,70855779108,6,1647935220,62241508805,99985645029,3.65,2025-07-18 03:40:53.808,0.00268621,2014-05-22 00:00:00.000,2026-07-03 20:55:00.757,2026-07-03 20:55:11.434
solana,SOL,Solana,82.69,82.82,80.37,1.86,2.29573,48042373244,7,2051332421,581013763.380386,629589969.40194,293.31,2025-01-19 11:15:27.957,0.500801,2020-05-11 19:35:23.449,2026-07-03 20:54:59.996,2026-07-03 20:55:11.434
cardano,ADA,Cardano,0.181144,0.182359,0.160395,0.01955467,12.10145,6745754870,17,688273103,37258288157.7447,45000000000,3.09,2021-09-02 06:00:10.474,0.01925275,2020-03-13 02:22:55.044,2026-07-03 20:55:09.858,2026-07-03 20:55:11.434
bitcoin,BTC,Bitcoin,62753,62764,61218,1245.29,2.0246,1258200280602,1,26110926916,20051671,20051671,126080,2025-10-06 18:57:42.558,67.81,2013-07-06 00:00:00.000,2026-07-03 20:55:10.363,2026-07-03 20:55:11.434
ethereum,ETH,Ethereum,1766.14,1768.38,1690.96,62.81,3.68725,213214517327,2,9592303813,120683264.740178,120683264.740178,4946.05,2025-08-24 19:21:03.333,0.432979,2015-10-20 00:00:00.000,2026-07-03 20:55:09.803,2026-07-03 20:55:11.434
ripple,XRP,XRP,1.14,1.14,1.078,0.05661,5.23318,70855779108,6,1647935220,62241508805,99985645029,3.65,2025-07-18 03:40:53.808,0.00268621,2014-05-22 00:00:00.000,2026-07-03 20:55:00.757,2026-07-03 20:55:11.434
solana,SOL,Solana,82.69,82.82,80.37,1.86,2.29573,48042373244,7,2051332421,581013763.380386,629589969.40194,293.31,2025-01-19 11:15:27.957,0.500801,2020-05-11 19:35:23.449,2026-07-03 20:54:59.996,2026-07-03 20:55:11.434
cardano,ADA,Cardano,0.181144,0.182359,0.160395,0.01955467,12.10145,6745754870,17,688273103,37258288157.7447,45000000000,3.09,2021-09-02 06:00:10.474,0.01925275,2020-03-13 02:22:55.044,2026-07-03 20:55:09.858,2026-07-03 20:55:11.434
ethereum,ETH,Ethereum,1748.35,1768.38,1698.74,45.51,2.67267,211040283980,2,8405154336,120683240.641507,120683240.641507,4946.05,2025-08-24 19:21:03.333,0.432979,2015-10-20 00:00:00.000,2026-07-04 02:55:07.196,2026-07-04 02:55:10.821
solana,SOL,Solana,82.69,82.82,80.37,1.86,2.29573,48042373244,7,2051332421,581013763.380386,629589969.40194,293.31,2025-01-19 11:15:27.957,0.500801,2020-05-11 19:35:23.449,2026-07-03 20:54:59.996,2026-07-03 20:55:11.434
bitcoin,BTC,Bitcoin,62076,62080,61120,516.96,0.83978,1244726007637,1,28471600123,20051553,20051553,126080,2025-10-06 18:57:42.558,67.81,2013-07-06 00:00:00.000,2026-07-03 14:55:09.815,2026-07-03 14:55:11.220
ethereum,ETH,Ethereum,1734.6,1747.21,1686.78,37.6,2.21559,209390203646,2,9647191218,120683264.740178,120683264.740178,4946.05,2025-08-24 19:21:03.333,0.432979,2015-10-20 00:00:00.000,2026-07-03 14:55:09.670,2026-07-03 14:55:11.220
ripple,XRP,XRP,1.11,1.11,1.078,0.0223721,2.05428,69175145861,6,1361422602,62241508805,99985645029,3.65,2025-07-18 03:40:53.808,0.00268621,2014-05-22 00:00:00.000,2026-07-03 14:54:56.866,2026-07-03 14:55:11.220
solana,SOL,Solana,81.46,81.57,80.2,0.870105,1.07964,47328178409,7,2185161482,581013968.243718,629590172.53196,293.31,2025-01-19 11:15:27.957,0.500801,2020-05-11 19:35:23.449,2026-07-03 14:54:57.034,2026-07-03 14:55:11.220
cardano,ADA,Cardano,0.170385,0.170825,0.158914,0.01070542,6.70431,6351652429,18,514742559,37258288157.7447,45000000000,3.09,2021-09-02 06:00:10.474,0.01925275,2020-03-13 02:22:55.044,2026-07-03 14:55:05.746,2026-07-03 14:55:11.220
bitcoin,BTC,Bitcoin,62753,62764,61218,1245.29,2.0246,1258200280602,1,26110926916,20051671,20051671,126080,2025-10-06 18:57:42.558,67.81,2013-07-06 00:00:00.000,2026-07-03 20:55:10.363,2026-07-03 20:55:11.434
cardano,ADA,Cardano,0.181144,0.182359,0.160395,0.01955467,12.10145,6745754870,17,688273103,37258288157.7447,45000000000,3.09,2021-09-02 06:00:10.474,0.01925275,2020-03-13 02:22:55.044,2026-07-03 20:55:09.858,2026-07-03 20:55:11.434
bitcoin,BTC,Bitcoin,62076,62080,61120,516.96,0.83978,1244726007637,1,28471600123,20051553,20051553,126080,2025-10-06 18:57:42.558,67.81,2013-07-06 00:00:00.000,2026-07-03 14:55:09.815,2026-07-03 14:55:11.220
ethereum,ETH,Ethereum,1734.6,1747.21,1686.78,37.6,2.21559,209390203646,2,9647191218,120683264.740178,120683264.740178,4946.05,2025-08-24 19:21:03.333,0.432979,2015-10-20 00:00:00.000,2026-07-03 14:55:09.670,2026-07-03 14:55:11.220
ripple,XRP,XRP,1.11,1.11,1.078,0.0223721,2.05428,69175145861,6,1361422602,62241508805,99985645029,3.65,2025-07-18 03:40:53.808,0.00268621,2014-05-22 00:00:00.000,2026-07-03 14:54:56.866,2026-07-03 14:55:11.220
solana,SOL,Solana,81.46,81.57,80.2,0.870105,1.07964,47328178409,7,2185161482,581013968.243718,629590172.53196,293.31,2025-01-19 11:15:27.957,0.500801,2020-05-11 19:35:23.449,2026-07-03 14:54:57.034,2026-07-03 14:55:11.220
cardano,ADA,Cardano,0.170385,0.170825,0.158914,0.01070542,6.70431,6351652429,18,514742559,37258288157.7447,45000000000,3.09,2021-09-02 06:00:10.474,0.01925275,2020-03-13 02:22:55.044,2026-07-03 14:55:05.746,2026-07-03 14:55:11.220
bitcoin,BTC,Bitcoin,62076,62080,61120,516.96,0.83978,1244726007637,1,28471600123,20051553,20051553,126080,2025-10-06 18:57:42.558,67.81,2013-07-06 00:00:00.000,2026-07-03 14:55:09.815,2026-07-03 14:55:11.220
ethereum,ETH,Ethereum,1734.6,1747.21,1686.78,37.6,2.21559,209390203646,2,9647191218,120683264.740178,120683264.740178,4946.05,2025-08-24 19:21:03.333,0.432979,2015-10-20 00:00:00.000,2026-07-03 14:55:09.670,2026-07-03 14:55:11.220
ripple,XRP,XRP,1.11,1.11,1.078,0.0223721,2.05428,69175145861,6,1361422602,62241508805,99985645029,3.65,2025-07-18 03:40:53.808,0.00268621,2014-05-22 00:00:00.000,2026-07-03 14:54:56.866,2026-07-03 14:55:11.220
solana,SOL,Solana,81.46,81.57,80.2,0.870105,1.07964,47328178409,7,2185161482,581013968.243718,629590172.53196,293.31,2025-01-19 11:15:27.957,0.500801,2020-05-11 19:35:23.449,2026-07-03 14:54:57.034,2026-07-03 14:55:11.220
cardano,ADA,Cardano,0.170385,0.170825,0.158914,0.01070542,6.70431,6351652429,18,514742559,37258288157.7447,45000000000,3.09,2021-09-02 06:00:10.474,0.01925275,2020-03-13 02:22:55.044,2026-07-03 14:55:05.746,2026-07-03 14:55:11.220
ethereum,ETH,Ethereum,1766.14,1768.38,1690.96,62.81,3.68725,213214517327,2,9592303813,120683264.740178,120683264.740178,4946.05,2025-08-24 19:21:03.333,0.432979,2015-10-20 00:00:00.000,2026-07-03 20:55:09.803,2026-07-03 20:55:11.434
bitcoin,BTC,Bitcoin,61554,62060,60340,1122.73,1.85786,1234608250727,1,36602630631,20051440,20051440,126080,2025-10-06 18:57:42.558,67.81,2013-07-06 00:00:00.000,2026-07-03 08:55:07.024,2026-07-03 08:55:10.492
ethereum,ETH,Ethereum,1719.15,1726.67,1619.52,96.23,5.92947,207532253363,2,13365349277,120683264.740178,120683264.740178,4946.05,2025-08-24 19:21:03.333,0.432979,2015-10-20 00:00:00.000,2026-07-03 08:55:07.487,2026-07-03 08:55:10.492
ripple,XRP,XRP,1.1,1.11,1.062,0.03755256,3.53366,68499843759,6,1765739265,62241508805,99985645029,3.65,2025-07-18 03:40:53.808,0.00268621,2014-05-22 00:00:00.000,2026-07-03 08:55:08.238,2026-07-03 08:55:10.492
solana,SOL,Solana,80.95,82.4,78.28,2.64,3.37014,47041906320,7,3652093933,581014152.329852,629590357.271668,293.31,2025-01-19 11:15:27.957,0.500801,2020-05-11 19:35:23.449,2026-07-03 08:55:07.845,2026-07-03 08:55:10.492
cardano,ADA,Cardano,0.166068,0.167882,0.155711,0.00970761,6.20849,6187281422,18,511563565,37258288157.7447,45000000000,3.09,2021-09-02 06:00:10.474,0.01925275,2020-03-13 02:22:55.044,2026-07-03 08:54:55.401,2026-07-03 08:55:10.492
ripple,XRP,XRP,1.11,1.11,1.078,0.0223721,2.05428,69175145861,6,1361422602,62241508805,99985645029,3.65,2025-07-18 03:40:53.808,0.00268621,2014-05-22 00:00:00.000,2026-07-03 14:54:56.866,2026-07-03 14:55:11.220
bitcoin,BTC,Bitcoin,61554,62060,60340,1122.73,1.85786,1234608250727,1,36602630631,20051440,20051440,126080,2025-10-06 18:57:42.558,67.81,2013-07-06 00:00:00.000,2026-07-03 08:55:07.024,2026-07-03 08:55:10.492
ethereum,ETH,Ethereum,1719.15,1726.67,1619.52,96.23,5.92947,207532253363,2,13365349277,120683264.740178,120683264.740178,4946.05,2025-08-24 19:21:03.333,0.432979,2015-10-20 00:00:00.000,2026-07-03 08:55:07.487,2026-07-03 08:55:10.492
ripple,XRP,XRP,1.1,1.11,1.062,0.03755256,3.53366,68499843759,6,1765739265,62241508805,99985645029,3.65,2025-07-18 03:40:53.808,0.00268621,2014-05-22 00:00:00.000,2026-07-03 08:55:08.238,2026-07-03 08:55:10.492
solana,SOL,Solana,80.95,82.4,78.28,2.64,3.37014,47041906320,7,3652093933,581014152.329852,629590357.271668,293.31,2025-01-19 11:15:27.957,0.500801,2020-05-11 19:35:23.449,2026-07-03 08:55:07.845,2026-07-03 08:55:10.492
cardano,ADA,Cardano,0.166068,0.167882,0.155711,0.00970761,6.20849,6187281422,18,511563565,37258288157.7447,45000000000,3.09,2021-09-02 06:00:10.474,0.01925275,2020-03-13 02:22:55.044,2026-07-03 08:54:55.401,2026-07-03 08:55:10.492
solana,SOL,Solana,81.46,81.57,80.2,0.870105,1.07964,47328178409,7,2185161482,581013968.243718,629590172.53196,293.31,2025-01-19 11:15:27.957,0.500801,2020-05-11 19:35:23.449,2026-07-03 14:54:57.034,2026-07-03 14:55:11.220
bitcoin,BTC,Bitcoin,61554,62060,60340,1122.73,1.85786,1234608250727,1,36602630631,20051440,20051440,126080,2025-10-06 18:57:42.558,67.81,2013-07-06 00:00:00.000,2026-07-03 08:55:07.024,2026-07-03 08:55:10.492
ethereum,ETH,Ethereum,1719.15,1726.67,1619.52,96.23,5.92947,207532253363,2,13365349277,120683264.740178,120683264.740178,4946.05,2025-08-24 19:21:03.333,0.432979,2015-10-20 00:00:00.000,2026-07-03 08:55:07.487,2026-07-03 08:55:10.492
ripple,XRP,XRP,1.1,1.11,1.062,0.03755256,3.53366,68499843759,6,1765739265,62241508805,99985645029,3.65,2025-07-18 03:40:53.808,0.00268621,2014-05-22 00:00:00.000,2026-07-03 08:55:08.238,2026-07-03 08:55:10.492
solana,SOL,Solana,80.95,82.4,78.28,2.64,3.37014,47041906320,7,3652093933,581014152.329852,629590357.271668,293.31,2025-01-19 11:15:27.957,0.500801,2020-05-11 19:35:23.449,2026-07-03 08:55:07.845,2026-07-03 08:55:10.492
cardano,ADA,Cardano,0.166068,0.167882,0.155711,0.00970761,6.20849,6187281422,18,511563565,37258288157.7447,45000000000,3.09,2021-09-02 06:00:10.474,0.01925275,2020-03-13 02:22:55.044,2026-07-03 08:54:55.401,2026-07-03 08:55:10.492
bitcoin,BTC,Bitcoin,62076,62080,61120,516.96,0.83978,1244726007637,1,28471600123,20051553,20051553,126080,2025-10-06 18:57:42.558,67.81,2013-07-06 00:00:00.000,2026-07-03 14:55:09.815,2026-07-03 14:55:11.220
cardano,ADA,Cardano,0.170385,0.170825,0.158914,0.01070542,6.70431,6351652429,18,514742559,37258288157.7447,45000000000,3.09,2021-09-02 06:00:10.474,0.01925275,2020-03-13 02:22:55.044,2026-07-03 14:55:05.746,2026-07-03 14:55:11.220
bitcoin,BTC,Bitcoin,61347,62060,60055,961.98,1.59308,1229872349309,1,38034049101,20051284,20051296,126080,2025-10-06 18:57:42.558,67.81,2013-07-06 00:00:00.000,2026-07-03 02:55:10.731,2026-07-03 02:55:11.207
ethereum,ETH,Ethereum,1701.52,1717.43,1613.3,82.01,5.06415,205311668536,2,12602458383,120683264.740178,120683264.740178,4946.05,2025-08-24 19:21:03.333,0.432979,2015-10-20 00:00:00.000,2026-07-03 02:55:11.012,2026-07-03 02:55:11.207
ripple,XRP,XRP,1.088,1.11,1.055,0.02970399,2.80652,67709694564,6,1742022614,62241508805,99985645029,3.65,2025-07-18 03:40:53.808,0.00268621,2014-05-22 00:00:00.000,2026-07-03 02:55:06.178,2026-07-03 02:55:11.207
solana,SOL,Solana,80.72,82.4,77.63,2.41,3.07394,46892790542,7,3777058924,581014324.607311,629590548.410491,293.31,2025-01-19 11:15:27.957,0.500801,2020-05-11 19:35:23.449,2026-07-03 02:55:05.356,2026-07-03 02:55:11.207
cardano,ADA,Cardano,0.166344,0.167882,0.153825,0.01189221,7.6996,6191891298,18,473801011,37258288157.7447,45000000000,3.09,2021-09-02 06:00:10.474,0.01925275,2020-03-13 02:22:55.044,2026-07-03 02:55:05.682,2026-07-03 02:55:11.207
ethereum,ETH,Ethereum,1719.15,1726.67,1619.52,96.23,5.92947,207532253363,2,13365349277,120683264.740178,120683264.740178,4946.05,2025-08-24 19:21:03.333,0.432979,2015-10-20 00:00:00.000,2026-07-03 08:55:07.487,2026-07-03 08:55:10.492
solana,SOL,Solana,80.95,82.4,78.28,2.64,3.37014,47041906320,7,3652093933,581014152.329852,629590357.271668,293.31,2025-01-19 11:15:27.957,0.500801,2020-05-11 19:35:23.449,2026-07-03 08:55:07.845,2026-07-03 08:55:10.492
bitcoin,BTC,Bitcoin,61347,62060,60055,961.98,1.59308,1229872349309,1,38034049101,20051284,20051296,126080,2025-10-06 18:57:42.558,67.81,2013-07-06 00:00:00.000,2026-07-03 02:55:10.731,2026-07-03 02:55:11.207
ethereum,ETH,Ethereum,1701.52,1717.43,1613.3,82.01,5.06415,205311668536,2,12602458383,120683264.740178,120683264.740178,4946.05,2025-08-24 19:21:03.333,0.432979,2015-10-20 00:00:00.000,2026-07-03 02:55:11.012,2026-07-03 02:55:11.207
ripple,XRP,XRP,1.088,1.11,1.055,0.02970399,2.80652,67709694564,6,1742022614,62241508805,99985645029,3.65,2025-07-18 03:40:53.808,0.00268621,2014-05-22 00:00:00.000,2026-07-03 02:55:06.178,2026-07-03 02:55:11.207
solana,SOL,Solana,80.72,82.4,77.63,2.41,3.07394,46892790542,7,3777058924,581014324.607311,629590548.410491,293.31,2025-01-19 11:15:27.957,0.500801,2020-05-11 19:35:23.449,2026-07-03 02:55:05.356,2026-07-03 02:55:11.207
cardano,ADA,Cardano,0.166344,0.167882,0.153825,0.01189221,7.6996,6191891298,18,473801011,37258288157.7447,45000000000,3.09,2021-09-02 06:00:10.474,0.01925275,2020-03-13 02:22:55.044,2026-07-03 02:55:05.682,2026-07-03 02:55:11.207
bitcoin,BTC,Bitcoin,61347,62060,60055,961.98,1.59308,1229872349309,1,38034049101,20051284,20051296,126080,2025-10-06 18:57:42.558,67.81,2013-07-06 00:00:00.000,2026-07-03 02:55:10.731,2026-07-03 02:55:11.207
ripple,XRP,XRP,1.088,1.11,1.055,0.02970399,2.80652,67709694564,6,1742022614,62241508805,99985645029,3.65,2025-07-18 03:40:53.808,0.00268621,2014-05-22 00:00:00.000,2026-07-03 02:55:06.178,2026-07-03 02:55:11.207
cardano,ADA,Cardano,0.166344,0.167882,0.153825,0.01189221,7.6996,6191891298,18,473801011,37258288157.7447,45000000000,3.09,2021-09-02 06:00:10.474,0.01925275,2020-03-13 02:22:55.044,2026-07-03 02:55:05.682,2026-07-03 02:55:11.207
solana,SOL,Solana,80.72,82.4,77.63,2.41,3.07394,46892790542,7,3777058924,581014324.607311,629590548.410491,293.31,2025-01-19 11:15:27.957,0.500801,2020-05-11 19:35:23.449,2026-07-03 02:55:05.356,2026-07-03 02:55:11.207
bitcoin,BTC,Bitcoin,61371,62060,59540,1306.03,2.17435,1230830644881,1,43271338552,20051190,20051212,126080,2025-10-06 18:57:42.558,67.81,2013-07-06 00:00:00.000,2026-07-02 20:55:02.267,2026-07-02 20:55:10.266
ethereum,ETH,Ethereum,1698.32,1717.43,1596.41,82.52,5.10735,205006219904,2,13924994140,120683347.060602,120683347.060602,4946.05,2025-08-24 19:21:03.333,0.432979,2015-10-20 00:00:00.000,2026-07-02 20:55:02.453,2026-07-02 20:55:10.266
ripple,XRP,XRP,1.082,1.11,1.045,0.02418922,2.28734,67329149335,6,1839974407,62241508805,99985645029,3.65,2025-07-18 03:40:53.808,0.00268621,2014-05-22 00:00:00.000,2026-07-02 20:54:50.432,2026-07-02 20:55:10.266
solana,SOL,Solana,80.83,82.4,76.9,3.54,4.57747,46961733928,7,4108692970,581014507.280093,629590701.523329,293.31,2025-01-19 11:15:27.957,0.500801,2020-05-11 19:35:23.449,2026-07-02 20:54:49.977,2026-07-02 20:55:10.266
cardano,ADA,Cardano,0.161604,0.162092,0.15266,0.00791382,5.14919,6022103612,18,437788867,37258288157.7447,45000000000,3.09,2021-09-02 06:00:10.474,0.01925275,2020-03-13 02:22:55.044,2026-07-02 20:54:58.025,2026-07-02 20:55:10.266
ethereum,ETH,Ethereum,1701.52,1717.43,1613.3,82.01,5.06415,205311668536,2,12602458383,120683264.740178,120683264.740178,4946.05,2025-08-24 19:21:03.333,0.432979,2015-10-20 00:00:00.000,2026-07-03 02:55:11.012,2026-07-03 02:55:11.207
bitcoin,BTC,Bitcoin,61371,62060,59540,1306.03,2.17435,1230830644881,1,43271338552,20051190,20051212,126080,2025-10-06 18:57:42.558,67.81,2013-07-06 00:00:00.000,2026-07-02 20:55:02.267,2026-07-02 20:55:10.266
ethereum,ETH,Ethereum,1698.32,1717.43,1596.41,82.52,5.10735,205006219904,2,13924994140,120683347.060602,120683347.060602,4946.05,2025-08-24 19:21:03.333,0.432979,2015-10-20 00:00:00.000,2026-07-02 20:55:02.453,2026-07-02 20:55:10.266
ripple,XRP,XRP,1.082,1.11,1.045,0.02418922,2.28734,67329149335,6,1839974407,62241508805,99985645029,3.65,2025-07-18 03:40:53.808,0.00268621,2014-05-22 00:00:00.000,2026-07-02 20:54:50.432,2026-07-02 20:55:10.266
solana,SOL,Solana,80.83,82.4,76.9,3.54,4.57747,46961733928,7,4108692970,581014507.280093,629590701.523329,293.31,2025-01-19 11:15:27.957,0.500801,2020-05-11 19:35:23.449,2026-07-02 20:54:49.977,2026-07-02 20:55:10.266
cardano,ADA,Cardano,0.161604,0.162092,0.15266,0.00791382,5.14919,6022103612,18,437788867,37258288157.7447,45000000000,3.09,2021-09-02 06:00:10.474,0.01925275,2020-03-13 02:22:55.044,2026-07-02 20:54:58.025,2026-07-02 20:55:10.266
bitcoin,BTC,Bitcoin,61371,62060,59540,1306.03,2.17435,1230830644881,1,43271338552,20051190,20051212,126080,2025-10-06 18:57:42.558,67.81,2013-07-06 00:00:00.000,2026-07-02 20:55:02.267,2026-07-02 20:55:10.266
ethereum,ETH,Ethereum,1698.32,1717.43,1596.41,82.52,5.10735,205006219904,2,13924994140,120683347.060602,120683347.060602,4946.05,2025-08-24 19:21:03.333,0.432979,2015-10-20 00:00:00.000,2026-07-02 20:55:02.453,2026-07-02 20:55:10.266
ripple,XRP,XRP,1.082,1.11,1.045,0.02418922,2.28734,67329149335,6,1839974407,62241508805,99985645029,3.65,2025-07-18 03:40:53.808,0.00268621,2014-05-22 00:00:00.000,2026-07-02 20:54:50.432,2026-07-02 20:55:10.266
solana,SOL,Solana,80.83,82.4,76.9,3.54,4.57747,46961733928,7,4108692970,581014507.280093,629590701.523329,293.31,2025-01-19 11:15:27.957,0.500801,2020-05-11 19:35:23.449,2026-07-02 20:54:49.977,2026-07-02 20:55:10.266
cardano,ADA,Cardano,0.161604,0.162092,0.15266,0.00791382,5.14919,6022103612,18,437788867,37258288157.7447,45000000000,3.09,2021-09-02 06:00:10.474,0.01925275,2020-03-13 02:22:55.044,2026-07-02 20:54:58.025,2026-07-02 20:55:10.266
ripple,XRP,XRP,1.088,1.11,1.055,0.02970399,2.80652,67709694564,6,1742022614,62241508805,99985645029,3.65,2025-07-18 03:40:53.808,0.00268621,2014-05-22 00:00:00.000,2026-07-03 02:55:06.178,2026-07-03 02:55:11.207
bitcoin,BTC,Bitcoin,61516,62060,59466,2049.51,3.44652,1233703124371,1,43815730455,20051131,20051131,126080,2025-10-06 18:57:42.558,67.81,2013-07-06 00:00:00.000,2026-07-02 14:55:08.711,2026-07-02 14:55:11.017
ethereum,ETH,Ethereum,1695.21,1717.43,1596.41,97.06,6.07327,204610916413,2,14173427449,120683347.060602,120683347.060602,4946.05,2025-08-24 19:21:03.333,0.432979,2015-10-20 00:00:00.000,2026-07-02 14:55:08.515,2026-07-02 14:55:11.017
ripple,XRP,XRP,1.089,1.11,1.045,0.03819695,3.6352,67799896478,6,1893971879,62241508805,99985645029,3.65,2025-07-18 03:40:53.808,0.00268621,2014-05-22 00:00:00.000,2026-07-02 14:55:08.075,2026-07-02 14:55:11.017
solana,SOL,Solana,80.43,82.4,76.6,3.57,4.64351,46775748502,7,4257337363,581014745.78795,629590945.891533,293.31,2025-01-19 11:15:27.957,0.500801,2020-05-11 19:35:23.449,2026-07-02 14:55:09.818,2026-07-02 14:55:11.017
cardano,ADA,Cardano,0.159817,0.162092,0.15266,0.00444134,2.85845,5955011866,18,454495162,37258288157.7447,45000000000,3.09,2021-09-02 06:00:10.474,0.01925275,2020-03-13 02:22:55.044,2026-07-02 14:54:52.853,2026-07-02 14:55:11.017
ripple,XRP,XRP,1.082,1.11,1.045,0.02418922,2.28734,67329149335,6,1839974407,62241508805,99985645029,3.65,2025-07-18 03:40:53.808,0.00268621,2014-05-22 00:00:00.000,2026-07-02 20:54:50.432,2026-07-02 20:55:10.266
bitcoin,BTC,Bitcoin,61516,62060,59466,2049.51,3.44652,1233703124371,1,43815730455,20051131,20051131,126080,2025-10-06 18:57:42.558,67.81,2013-07-06 00:00:00.000,2026-07-02 14:55:08.711,2026-07-02 14:55:11.017
ethereum,ETH,Ethereum,1695.21,1717.43,1596.41,97.06,6.07327,204610916413,2,14173427449,120683347.060602,120683347.060602,4946.05,2025-08-24 19:21:03.333,0.432979,2015-10-20 00:00:00.000,2026-07-02 14:55:08.515,2026-07-02 14:55:11.017
ripple,XRP,XRP,1.089,1.11,1.045,0.03819695,3.6352,67799896478,6,1893971879,62241508805,99985645029,3.65,2025-07-18 03:40:53.808,0.00268621,2014-05-22 00:00:00.000,2026-07-02 14:55:08.075,2026-07-02 14:55:11.017
solana,SOL,Solana,80.43,82.4,76.6,3.57,4.64351,46775748502,7,4257337363,581014745.78795,629590945.891533,293.31,2025-01-19 11:15:27.957,0.500801,2020-05-11 19:35:23.449,2026-07-02 14:55:09.818,2026-07-02 14:55:11.017
cardano,ADA,Cardano,0.159817,0.162092,0.15266,0.00444134,2.85845,5955011866,18,454495162,37258288157.7447,45000000000,3.09,2021-09-02 06:00:10.474,0.01925275,2020-03-13 02:22:55.044,2026-07-02 14:54:52.853,2026-07-02 14:55:11.017
bitcoin,BTC,Bitcoin,61371,62060,59540,1306.03,2.17435,1230830644881,1,43271338552,20051190,20051212,126080,2025-10-06 18:57:42.558,67.81,2013-07-06 00:00:00.000,2026-07-02 20:55:02.267,2026-07-02 20:55:10.266
cardano,ADA,Cardano,0.161604,0.162092,0.15266,0.00791382,5.14919,6022103612,18,437788867,37258288157.7447,45000000000,3.09,2021-09-02 06:00:10.474,0.01925275,2020-03-13 02:22:55.044,2026-07-02 20:54:58.025,2026-07-02 20:55:10.266
bitcoin,BTC,Bitcoin,61516,62060,59466,2049.51,3.44652,1233703124371,1,43815730455,20051131,20051131,126080,2025-10-06 18:57:42.558,67.81,2013-07-06 00:00:00.000,2026-07-02 14:55:08.711,2026-07-02 14:55:11.017
ethereum,ETH,Ethereum,1695.21,1717.43,1596.41,97.06,6.07327,204610916413,2,14173427449,120683347.060602,120683347.060602,4946.05,2025-08-24 19:21:03.333,0.432979,2015-10-20 00:00:00.000,2026-07-02 14:55:08.515,2026-07-02 14:55:11.017
ripple,XRP,XRP,1.089,1.11,1.045,0.03819695,3.6352,67799896478,6,1893971879,62241508805,99985645029,3.65,2025-07-18 03:40:53.808,0.00268621,2014-05-22 00:00:00.000,2026-07-02 14:55:08.075,2026-07-02 14:55:11.017
solana,SOL,Solana,80.43,82.4,76.6,3.57,4.64351,46775748502,7,4257337363,581014745.78795,629590945.891533,293.31,2025-01-19 11:15:27.957,0.500801,2020-05-11 19:35:23.449,2026-07-02 14:55:09.818,2026-07-02 14:55:11.017
cardano,ADA,Cardano,0.159817,0.162092,0.15266,0.00444134,2.85845,5955011866,18,454495162,37258288157.7447,45000000000,3.09,2021-09-02 06:00:10.474,0.01925275,2020-03-13 02:22:55.044,2026-07-02 14:54:52.853,2026-07-02 14:55:11.017
ethereum,ETH,Ethereum,1698.32,1717.43,1596.41,82.52,5.10735,205006219904,2,13924994140,120683347.060602,120683347.060602,4946.05,2025-08-24 19:21:03.333,0.432979,2015-10-20 00:00:00.000,2026-07-02 20:55:02.453,2026-07-02 20:55:10.266
ethereum,ETH,Ethereum,1695.21,1717.43,1596.41,97.06,6.07327,204610916413,2,14173427449,120683347.060602,120683347.060602,4946.05,2025-08-24 19:21:03.333,0.432979,2015-10-20 00:00:00.000,2026-07-02 14:55:08.515,2026-07-02 14:55:11.017
bitcoin,BTC,Bitcoin,60437,60978,58279,1552.67,2.6368,1211739397559,1,40184018431,20051018,20051018,126080,2025-10-06 18:57:42.558,67.81,2013-07-06 00:00:00.000,2026-07-02 08:55:07.112,2026-07-02 08:55:11.235
ethereum,ETH,Ethereum,1622.93,1637.22,1564.82,44.58,2.82457,195897476096,2,10426366999,120683347.060602,120683347.060602,4946.05,2025-08-24 19:21:03.333,0.432979,2015-10-20 00:00:00.000,2026-07-02 08:55:07.052,2026-07-02 08:55:11.235
ripple,XRP,XRP,1.063,1.069,1.034,0.02141015,2.05601,66139950514,6,1435793576,62241508805,99985645029,3.65,2025-07-18 03:40:53.808,0.00268621,2014-05-22 00:00:00.000,2026-07-02 08:55:08.621,2026-07-02 08:55:11.235
solana,SOL,Solana,78.32,78.62,74.34,3.6,4.81251,45504069467,7,3333144653,581015264.321169,629591147.69985,293.31,2025-01-19 11:15:27.957,0.500801,2020-05-11 19:35:23.449,2026-07-02 08:55:08.678,2026-07-02 08:55:11.235
cardano,ADA,Cardano,0.156357,0.157404,0.149845,0.00651215,4.34593,5825864194,19,469136018,37258288157.7447,45000000000,3.09,2021-09-02 06:00:10.474,0.01925275,2020-03-13 02:22:55.044,2026-07-02 08:55:09.154,2026-07-02 08:55:11.235
ripple,XRP,XRP,1.089,1.11,1.045,0.03819695,3.6352,67799896478,6,1893971879,62241508805,99985645029,3.65,2025-07-18 03:40:53.808,0.00268621,2014-05-22 00:00:00.000,2026-07-02 14:55:08.075,2026-07-02 14:55:11.017
bitcoin,BTC,Bitcoin,60437,60978,58279,1552.67,2.6368,1211739397559,1,40184018431,20051018,20051018,126080,2025-10-06 18:57:42.558,67.81,2013-07-06 00:00:00.000,2026-07-02 08:55:07.112,2026-07-02 08:55:11.235
ethereum,ETH,Ethereum,1622.93,1637.22,1564.82,44.58,2.82457,195897476096,2,10426366999,120683347.060602,120683347.060602,4946.05,2025-08-24 19:21:03.333,0.432979,2015-10-20 00:00:00.000,2026-07-02 08:55:07.052,2026-07-02 08:55:11.235
ripple,XRP,XRP,1.063,1.069,1.034,0.02141015,2.05601,66139950514,6,1435793576,62241508805,99985645029,3.65,2025-07-18 03:40:53.808,0.00268621,2014-05-22 00:00:00.000,2026-07-02 08:55:08.621,2026-07-02 08:55:11.235
solana,SOL,Solana,78.32,78.62,74.34,3.6,4.81251,45504069467,7,3333144653,581015264.321169,629591147.69985,293.31,2025-01-19 11:15:27.957,0.500801,2020-05-11 19:35:23.449,2026-07-02 08:55:08.678,2026-07-02 08:55:11.235
cardano,ADA,Cardano,0.156357,0.157404,0.149845,0.00651215,4.34593,5825864194,19,469136018,37258288157.7447,45000000000,3.09,2021-09-02 06:00:10.474,0.01925275,2020-03-13 02:22:55.044,2026-07-02 08:55:09.154,2026-07-02 08:55:11.235
solana,SOL,Solana,80.43,82.4,76.6,3.57,4.64351,46775748502,7,4257337363,581014745.78795,629590945.891533,293.31,2025-01-19 11:15:27.957,0.500801,2020-05-11 19:35:23.449,2026-07-02 14:55:09.818,2026-07-02 14:55:11.017
ripple,XRP,XRP,1.063,1.069,1.034,0.02141015,2.05601,66139950514,6,1435793576,62241508805,99985645029,3.65,2025-07-18 03:40:53.808,0.00268621,2014-05-22 00:00:00.000,2026-07-02 08:55:08.621,2026-07-02 08:55:11.235
bitcoin,BTC,Bitcoin,60310,60978,58279,1302.38,2.20715,1209226275988,1,38476375235,20050918,20050918,126080,2025-10-06 18:57:42.558,67.81,2013-07-06 00:00:00.000,2026-07-02 02:55:07.371,2026-07-02 02:55:11.270
ethereum,ETH,Ethereum,1619.09,1636.76,1564.82,34.87,2.20112,195438518070,2,10452505034,120683347.060602,120683347.060602,4946.05,2025-08-24 19:21:03.333,0.432979,2015-10-20 00:00:00.000,2026-07-02 02:55:07.248,2026-07-02 02:55:11.270
ripple,XRP,XRP,1.058,1.069,1.034,0.01371031,1.3124,65872703553,6,1579408234,62241508805,99985645029,3.65,2025-07-18 03:40:53.808,0.00268621,2014-05-22 00:00:00.000,2026-07-02 02:55:08.339,2026-07-02 02:55:11.270
solana,SOL,Solana,78.32,78.52,74.04,3.62,4.84585,45501916024,7,3555493031,580897443.519531,629461567.76843,293.31,2025-01-19 11:15:27.957,0.500801,2020-05-11 19:35:23.449,2026-07-02 02:55:07.649,2026-07-02 02:55:11.270
cardano,ADA,Cardano,0.154469,0.157404,0.146062,0.00837746,5.73437,5755651664,19,559991720,37258288157.7447,45000000000,3.09,2021-09-02 06:00:10.474,0.01925275,2020-03-13 02:22:55.044,2026-07-02 02:55:02.700,2026-07-02 02:55:11.270
ethereum,ETH,Ethereum,1622.93,1637.22,1564.82,44.58,2.82457,195897476096,2,10426366999,120683347.060602,120683347.060602,4946.05,2025-08-24 19:21:03.333,0.432979,2015-10-20 00:00:00.000,2026-07-02 08:55:07.052,2026-07-02 08:55:11.235
bitcoin,BTC,Bitcoin,60310,60978,58279,1302.38,2.20715,1209226275988,1,38476375235,20050918,20050918,126080,2025-10-06 18:57:42.558,67.81,2013-07-06 00:00:00.000,2026-07-02 02:55:07.371,2026-07-02 02:55:11.270
ethereum,ETH,Ethereum,1619.09,1636.76,1564.82,34.87,2.20112,195438518070,2,10452505034,120683347.060602,120683347.060602,4946.05,2025-08-24 19:21:03.333,0.432979,2015-10-20 00:00:00.000,2026-07-02 02:55:07.248,2026-07-02 02:55:11.270
ripple,XRP,XRP,1.058,1.069,1.034,0.01371031,1.3124,65872703553,6,1579408234,62241508805,99985645029,3.65,2025-07-18 03:40:53.808,0.00268621,2014-05-22 00:00:00.000,2026-07-02 02:55:08.339,2026-07-02 02:55:11.270
solana,SOL,Solana,78.32,78.52,74.04,3.62,4.84585,45501916024,7,3555493031,580897443.519531,629461567.76843,293.31,2025-01-19 11:15:27.957,0.500801,2020-05-11 19:35:23.449,2026-07-02 02:55:07.649,2026-07-02 02:55:11.270
cardano,ADA,Cardano,0.154469,0.157404,0.146062,0.00837746,5.73437,5755651664,19,559991720,37258288157.7447,45000000000,3.09,2021-09-02 06:00:10.474,0.01925275,2020-03-13 02:22:55.044,2026-07-02 02:55:02.700,2026-07-02 02:55:11.270
solana,SOL,Solana,78.32,78.62,74.34,3.6,4.81251,45504069467,7,3333144653,581015264.321169,629591147.69985,293.31,2025-01-19 11:15:27.957,0.500801,2020-05-11 19:35:23.449,2026-07-02 08:55:08.678,2026-07-02 08:55:11.235
bitcoin,BTC,Bitcoin,60310,60978,58279,1302.38,2.20715,1209226275988,1,38476375235,20050918,20050918,126080,2025-10-06 18:57:42.558,67.81,2013-07-06 00:00:00.000,2026-07-02 02:55:07.371,2026-07-02 02:55:11.270
ethereum,ETH,Ethereum,1619.09,1636.76,1564.82,34.87,2.20112,195438518070,2,10452505034,120683347.060602,120683347.060602,4946.05,2025-08-24 19:21:03.333,0.432979,2015-10-20 00:00:00.000,2026-07-02 02:55:07.248,2026-07-02 02:55:11.270
ripple,XRP,XRP,1.058,1.069,1.034,0.01371031,1.3124,65872703553,6,1579408234,62241508805,99985645029,3.65,2025-07-18 03:40:53.808,0.00268621,2014-05-22 00:00:00.000,2026-07-02 02:55:08.339,2026-07-02 02:55:11.270
solana,SOL,Solana,78.32,78.52,74.04,3.62,4.84585,45501916024,7,3555493031,580897443.519531,629461567.76843,293.31,2025-01-19 11:15:27.957,0.500801,2020-05-11 19:35:23.449,2026-07-02 02:55:07.649,2026-07-02 02:55:11.270
cardano,ADA,Cardano,0.154469,0.157404,0.146062,0.00837746,5.73437,5755651664,19,559991720,37258288157.7447,45000000000,3.09,2021-09-02 06:00:10.474,0.01925275,2020-03-13 02:22:55.044,2026-07-02 02:55:02.700,2026-07-02 02:55:11.270
solana,SOL,Solana,77.28,77.75,72.72,3.71,5.03941,44890132671,7,3418785248,580897633.371668,629461757.622363,293.31,2025-01-19 11:15:27.957,0.500801,2020-05-11 19:35:23.449,2026-07-01 20:54:47.712,2026-07-01 20:55:10.757
bitcoin,BTC,Bitcoin,60054,60359,57945,1385.51,2.3616,1204099630539,1,35750312822,20050800,20050800,126080,2025-10-06 18:57:42.558,67.81,2013-07-06 00:00:00.000,2026-07-01 20:55:08.466,2026-07-01 20:55:10.757
ethereum,ETH,Ethereum,1615.72,1625.09,1557.35,41.82,2.65707,194986109398,2,10561702993,120683397.108515,120683397.108515,4946.05,2025-08-24 19:21:03.333,0.432979,2015-10-20 00:00:00.000,2026-07-01 20:55:09.242,2026-07-01 20:55:10.757
ripple,XRP,XRP,1.058,1.063,1.027,0.01553497,1.49091,65821329907,6,1608332860,62241508805,99985645029,3.65,2025-07-18 03:40:53.808,0.00268621,2014-05-22 00:00:00.000,2026-07-01 20:55:00.569,2026-07-01 20:55:10.757
solana,SOL,Solana,77.28,77.75,72.72,3.71,5.03941,44890132671,7,3418785248,580897633.371668,629461757.622363,293.31,2025-01-19 11:15:27.957,0.500801,2020-05-11 19:35:23.449,2026-07-01 20:54:47.712,2026-07-01 20:55:10.757
cardano,ADA,Cardano,0.153682,0.157108,0.142876,0.00997925,6.94435,5725944446,19,534173331,37258288157.7447,45000000000,3.09,2021-09-02 06:00:10.474,0.01925275,2020-03-13 02:22:55.044,2026-07-01 20:54:56.561,2026-07-01 20:55:10.757
ripple,XRP,XRP,1.058,1.063,1.027,0.01553497,1.49091,65821329907,6,1608332860,62241508805,99985645029,3.65,2025-07-18 03:40:53.808,0.00268621,2014-05-22 00:00:00.000,2026-07-01 20:55:00.569,2026-07-01 20:55:10.757
bitcoin,BTC,Bitcoin,60054,60359,57945,1385.51,2.3616,1204099630539,1,35750312822,20050800,20050800,126080,2025-10-06 18:57:42.558,67.81,2013-07-06 00:00:00.000,2026-07-01 20:55:08.466,2026-07-01 20:55:10.757
ethereum,ETH,Ethereum,1615.72,1625.09,1557.35,41.82,2.65707,194986109398,2,10561702993,120683397.108515,120683397.108515,4946.05,2025-08-24 19:21:03.333,0.432979,2015-10-20 00:00:00.000,2026-07-01 20:55:09.242,2026-07-01 20:55:10.757
ripple,XRP,XRP,1.058,1.063,1.027,0.01553497,1.49091,65821329907,6,1608332860,62241508805,99985645029,3.65,2025-07-18 03:40:53.808,0.00268621,2014-05-22 00:00:00.000,2026-07-01 20:55:00.569,2026-07-01 20:55:10.757
solana,SOL,Solana,77.28,77.75,72.72,3.71,5.03941,44890132671,7,3418785248,580897633.371668,629461757.622363,293.31,2025-01-19 11:15:27.957,0.500801,2020-05-11 19:35:23.449,2026-07-01 20:54:47.712,2026-07-01 20:55:10.757
cardano,ADA,Cardano,0.153682,0.157108,0.142876,0.00997925,6.94435,5725944446,19,534173331,37258288157.7447,45000000000,3.09,2021-09-02 06:00:10.474,0.01925275,2020-03-13 02:22:55.044,2026-07-01 20:54:56.561,2026-07-01 20:55:10.757
ethereum,ETH,Ethereum,1615.72,1625.09,1557.35,41.82,2.65707,194986109398,2,10561702993,120683397.108515,120683397.108515,4946.05,2025-08-24 19:21:03.333,0.432979,2015-10-20 00:00:00.000,2026-07-01 20:55:09.242,2026-07-01 20:55:10.757
ripple,XRP,XRP,1.058,1.063,1.027,0.01553497,1.49091,65821329907,6,1608332860,62241508805,99985645029,3.65,2025-07-18 03:40:53.808,0.00268621,2014-05-22 00:00:00.000,2026-07-01 20:55:00.569,2026-07-01 20:55:10.757
bitcoin,BTC,Bitcoin,59658,59950,57945,1233.78,2.11176,1195903247881,1,35356787685,20050659,20050659,126080,2025-10-06 18:57:42.558,67.81,2013-07-06 00:00:00.000,2026-07-01 14:55:03.829,2026-07-01 14:55:11.746
ethereum,ETH,Ethereum,1599.73,1612.21,1557.35,39.05,2.50209,193026658569,2,10508701474,120683397.108515,120683397.108515,4946.05,2025-08-24 19:21:03.333,0.432979,2015-10-20 00:00:00.000,2026-07-01 14:55:08.765,2026-07-01 14:55:11.746
ripple,XRP,XRP,1.051,1.056,1.027,0.0168837,1.6329,65378708971,6,1611765095,62241508805,99985645029,3.65,2025-07-18 03:40:53.808,0.00268621,2014-05-22 00:00:00.000,2026-07-01 14:55:08.682,2026-07-01 14:55:11.746
solana,SOL,Solana,76.9,76.84,72.69,3.99,5.4722,44662479159,7,3266485159,580898137.100403,629462309.584343,293.31,2025-01-19 11:15:27.957,0.500801,2020-05-11 19:35:23.449,2026-07-01 14:55:07.680,2026-07-01 14:55:11.746
cardano,ADA,Cardano,0.155341,0.156411,0.142876,0.01151568,8.00673,5781832739,18,469359554,37258288157.7447,45000000000,3.09,2021-09-02 06:00:10.474,0.01925275,2020-03-13 02:22:55.044,2026-07-01 14:55:07.486,2026-07-01 14:55:11.746
solana,SOL,Solana,77.28,77.75,72.72,3.71,5.03941,44890132671,7,3418785248,580897633.371668,629461757.622363,293.31,2025-01-19 11:15:27.957,0.500801,2020-05-11 19:35:23.449,2026-07-01 20:54:47.712,2026-07-01 20:55:10.757
bitcoin,BTC,Bitcoin,59658,59950,57945,1233.78,2.11176,1195903247881,1,35356787685,20050659,20050659,126080,2025-10-06 18:57:42.558,67.81,2013-07-06 00:00:00.000,2026-07-01 14:55:03.829,2026-07-01 14:55:11.746
ethereum,ETH,Ethereum,1599.73,1612.21,1557.35,39.05,2.50209,193026658569,2,10508701474,120683397.108515,120683397.108515,4946.05,2025-08-24 19:21:03.333,0.432979,2015-10-20 00:00:00.000,2026-07-01 14:55:08.765,2026-07-01 14:55:11.746
ripple,XRP,XRP,1.051,1.056,1.027,0.0168837,1.6329,65378708971,6,1611765095,62241508805,99985645029,3.65,2025-07-18 03:40:53.808,0.00268621,2014-05-22 00:00:00.000,2026-07-01 14:55:08.682,2026-07-01 14:55:11.746
solana,SOL,Solana,76.9,76.84,72.69,3.99,5.4722,44662479159,7,3266485159,580898137.100403,629462309.584343,293.31,2025-01-19 11:15:27.957,0.500801,2020-05-11 19:35:23.449,2026-07-01 14:55:07.680,2026-07-01 14:55:11.746
cardano,ADA,Cardano,0.155341,0.156411,0.142876,0.01151568,8.00673,5781832739,18,469359554,37258288157.7447,45000000000,3.09,2021-09-02 06:00:10.474,0.01925275,2020-03-13 02:22:55.044,2026-07-01 14:55:07.486,2026-07-01 14:55:11.746
bitcoin,BTC,Bitcoin,59658,59950,57945,1233.78,2.11176,1195903247881,1,35356787685,20050659,20050659,126080,2025-10-06 18:57:42.558,67.81,2013-07-06 00:00:00.000,2026-07-01 14:55:03.829,2026-07-01 14:55:11.746
ethereum,ETH,Ethereum,1599.73,1612.21,1557.35,39.05,2.50209,193026658569,2,10508701474,120683397.108515,120683397.108515,4946.05,2025-08-24 19:21:03.333,0.432979,2015-10-20 00:00:00.000,2026-07-01 14:55:08.765,2026-07-01 14:55:11.746
ripple,XRP,XRP,1.051,1.056,1.027,0.0168837,1.6329,65378708971,6,1611765095,62241508805,99985645029,3.65,2025-07-18 03:40:53.808,0.00268621,2014-05-22 00:00:00.000,2026-07-01 14:55:08.682,2026-07-01 14:55:11.746
solana,SOL,Solana,76.9,76.84,72.69,3.99,5.4722,44662479159,7,3266485159,580898137.100403,629462309.584343,293.31,2025-01-19 11:15:27.957,0.500801,2020-05-11 19:35:23.449,2026-07-01 14:55:07.680,2026-07-01 14:55:11.746
cardano,ADA,Cardano,0.155341,0.156411,0.142876,0.01151568,8.00673,5781832739,18,469359554,37258288157.7447,45000000000,3.09,2021-09-02 06:00:10.474,0.01925275,2020-03-13 02:22:55.044,2026-07-01 14:55:07.486,2026-07-01 14:55:11.746
bitcoin,BTC,Bitcoin,60054,60359,57945,1385.51,2.3616,1204099630539,1,35750312822,20050800,20050800,126080,2025-10-06 18:57:42.558,67.81,2013-07-06 00:00:00.000,2026-07-01 20:55:08.466,2026-07-01 20:55:10.757
cardano,ADA,Cardano,0.153682,0.157108,0.142876,0.00997925,6.94435,5725944446,19,534173331,37258288157.7447,45000000000,3.09,2021-09-02 06:00:10.474,0.01925275,2020-03-13 02:22:55.044,2026-07-01 20:54:56.561,2026-07-01 20:55:10.757
ethereum,ETH,Ethereum,1599.73,1612.21,1557.35,39.05,2.50209,193026658569,2,10508701474,120683397.108515,120683397.108515,4946.05,2025-08-24 19:21:03.333,0.432979,2015-10-20 00:00:00.000,2026-07-01 14:55:08.765,2026-07-01 14:55:11.746
bitcoin,BTC,Bitcoin,58715,59313,57945,-509.563275734,-0.8604,1176909880688,1,34304932099,20050568,20050568,126080,2025-10-06 18:57:42.558,67.81,2013-07-06 00:00:00.000,2026-07-01 08:55:07.276,2026-07-01 08:55:11.012
ethereum,ETH,Ethereum,1574.19,1598.1,1551.15,-7.217405998,-0.45639,189923202904,2,10133147347,120683397.108515,120683397.108515,4946.05,2025-08-24 19:21:03.333,0.432979,2015-10-20 00:00:00.000,2026-07-01 08:55:06.811,2026-07-01 08:55:11.012
ripple,XRP,XRP,1.041,1.051,1.027,-1.049174083e-05,-0.00101,64801119834,6,1605490988,62241508805,99985645029,3.65,2025-07-18 03:40:53.808,0.00268621,2014-05-22 00:00:00.000,2026-07-01 08:55:07.312,2026-07-01 08:55:11.012
solana,SOL,Solana,74.69,75.58,72.03,1.36,1.85193,43384382023,7,3038717597,580898333.693859,629462459.238952,293.31,2025-01-19 11:15:27.957,0.500801,2020-05-11 19:35:23.449,2026-07-01 08:55:07.753,2026-07-01 08:55:11.012
cardano,ADA,Cardano,0.149827,0.151935,0.142122,0.00578728,4.01785,5583125859,20,443574891,37258288157.7447,45000000000,3.09,2021-09-02 06:00:10.474,0.01925275,2020-03-13 02:22:55.044,2026-07-01 08:54:53.278,2026-07-01 08:55:11.012
ripple,XRP,XRP,1.051,1.056,1.027,0.0168837,1.6329,65378708971,6,1611765095,62241508805,99985645029,3.65,2025-07-18 03:40:53.808,0.00268621,2014-05-22 00:00:00.000,2026-07-01 14:55:08.682,2026-07-01 14:55:11.746
bitcoin,BTC,Bitcoin,58715,59313,57945,-509.563275734,-0.8604,1176909880688,1,34304932099,20050568,20050568,126080,2025-10-06 18:57:42.558,67.81,2013-07-06 00:00:00.000,2026-07-01 08:55:07.276,2026-07-01 08:55:11.012
ethereum,ETH,Ethereum,1574.19,1598.1,1551.15,-7.217405998,-0.45639,189923202904,2,10133147347,120683397.108515,120683397.108515,4946.05,2025-08-24 19:21:03.333,0.432979,2015-10-20 00:00:00.000,2026-07-01 08:55:06.811,2026-07-01 08:55:11.012
ripple,XRP,XRP,1.041,1.051,1.027,-1.049174083e-05,-0.00101,64801119834,6,1605490988,62241508805,99985645029,3.65,2025-07-18 03:40:53.808,0.00268621,2014-05-22 00:00:00.000,2026-07-01 08:55:07.312,2026-07-01 08:55:11.012
solana,SOL,Solana,74.69,75.58,72.03,1.36,1.85193,43384382023,7,3038717597,580898333.693859,629462459.238952,293.31,2025-01-19 11:15:27.957,0.500801,2020-05-11 19:35:23.449,2026-07-01 08:55:07.753,2026-07-01 08:55:11.012
cardano,ADA,Cardano,0.149827,0.151935,0.142122,0.00578728,4.01785,5583125859,20,443574891,37258288157.7447,45000000000,3.09,2021-09-02 06:00:10.474,0.01925275,2020-03-13 02:22:55.044,2026-07-01 08:54:53.278,2026-07-01 08:55:11.012
bitcoin,BTC,Bitcoin,58715,59313,57945,-509.563275734,-0.8604,1176909880688,1,34304932099,20050568,20050568,126080,2025-10-06 18:57:42.558,67.81,2013-07-06 00:00:00.000,2026-07-01 08:55:07.276,2026-07-01 08:55:11.012
ethereum,ETH,Ethereum,1574.19,1598.1,1551.15,-7.217405998,-0.45639,189923202904,2,10133147347,120683397.108515,120683397.108515,4946.05,2025-08-24 19:21:03.333,0.432979,2015-10-20 00:00:00.000,2026-07-01 08:55:06.811,2026-07-01 08:55:11.012
ripple,XRP,XRP,1.041,1.051,1.027,-1.049174083e-05,-0.00101,64801119834,6,1605490988,62241508805,99985645029,3.65,2025-07-18 03:40:53.808,0.00268621,2014-05-22 00:00:00.000,2026-07-01 08:55:07.312,2026-07-01 08:55:11.012
solana,SOL,Solana,74.69,75.58,72.03,1.36,1.85193,43384382023,7,3038717597,580898333.693859,629462459.238952,293.31,2025-01-19 11:15:27.957,0.500801,2020-05-11 19:35:23.449,2026-07-01 08:55:07.753,2026-07-01 08:55:11.012
cardano,ADA,Cardano,0.149827,0.151935,0.142122,0.00578728,4.01785,5583125859,20,443574891,37258288157.7447,45000000000,3.09,2021-09-02 06:00:10.474,0.01925275,2020-03-13 02:22:55.044,2026-07-01 08:54:53.278,2026-07-01 08:55:11.012
solana,SOL,Solana,76.9,76.84,72.69,3.99,5.4722,44662479159,7,3266485159,580898137.100403,629462309.584343,293.31,2025-01-19 11:15:27.957,0.500801,2020-05-11 19:35:23.449,2026-07-01 14:55:07.680,2026-07-01 14:55:11.746
solana,SOL,Solana,74.69,75.58,72.03,1.36,1.85193,43384382023,7,3038717597,580898333.693859,629462459.238952,293.31,2025-01-19 11:15:27.957,0.500801,2020-05-11 19:35:23.449,2026-07-01 08:55:07.753,2026-07-01 08:55:11.012
ripple,XRP,XRP,1.041,1.051,1.027,-1.049174083e-05,-0.00101,64801119834,6,1605490988,62241508805,99985645029,3.65,2025-07-18 03:40:53.808,0.00268621,2014-05-22 00:00:00.000,2026-07-01 08:55:07.312,2026-07-01 08:55:11.012
bitcoin,BTC,Bitcoin,58978,59913,57945,-900.031003286,-1.50312,1182338019214,1,34816497867,20050440,20050440,126080,2025-10-06 18:57:42.558,67.81,2013-07-06 00:00:00.000,2026-07-01 02:55:08.477,2026-07-01 02:55:11.104
ethereum,ETH,Ethereum,1583.37,1592.68,1551.15,-5.492517622,-0.34569,191022500463,2,9009730327,120683397.108515,120683397.108515,4946.05,2025-08-24 19:21:03.333,0.432979,2015-10-20 00:00:00.000,2026-07-01 02:55:09.835,2026-07-01 02:55:11.104
ripple,XRP,XRP,1.044,1.05,1.027,-0.006129748902,-0.5836,64995063986,6,1521428667,62241508805,99985645029,3.65,2025-07-18 03:40:53.808,0.00268621,2014-05-22 00:00:00.000,2026-07-01 02:54:48.184,2026-07-01 02:55:11.104
solana,SOL,Solana,74.66,74.8,72.03,0.03397207,0.04552,43366952783,7,2795308734,580898514.088275,629462671.470286,293.31,2025-01-19 11:15:27.957,0.500801,2020-05-11 19:35:23.449,2026-07-01 02:55:07.392,2026-07-01 02:55:11.104
cardano,ADA,Cardano,0.146042,0.14624,0.142122,0.00144548,0.99966,5440573679,20,309913352,37258288157.7447,45000000000,3.09,2021-09-02 06:00:10.474,0.01925275,2020-03-13 02:22:55.044,2026-07-01 02:54:54.688,2026-07-01 02:55:11.104
bitcoin,BTC,Bitcoin,58978,59913,57945,-900.031003286,-1.50312,1182338019214,1,34816497867,20050440,20050440,126080,2025-10-06 18:57:42.558,67.81,2013-07-06 00:00:00.000,2026-07-01 02:55:08.477,2026-07-01 02:55:11.104
ethereum,ETH,Ethereum,1583.37,1592.68,1551.15,-5.492517622,-0.34569,191022500463,2,9009730327,120683397.108515,120683397.108515,4946.05,2025-08-24 19:21:03.333,0.432979,2015-10-20 00:00:00.000,2026-07-01 02:55:09.835,2026-07-01 02:55:11.104
ripple,XRP,XRP,1.044,1.05,1.027,-0.006129748902,-0.5836,64995063986,6,1521428667,62241508805,99985645029,3.65,2025-07-18 03:40:53.808,0.00268621,2014-05-22 00:00:00.000,2026-07-01 02:54:48.184,2026-07-01 02:55:11.104
solana,SOL,Solana,74.66,74.8,72.03,0.03397207,0.04552,43366952783,7,2795308734,580898514.088275,629462671.470286,293.31,2025-01-19 11:15:27.957,0.500801,2020-05-11 19:35:23.449,2026-07-01 02:55:07.392,2026-07-01 02:55:11.104
cardano,ADA,Cardano,0.146042,0.14624,0.142122,0.00144548,0.99966,5440573679,20,309913352,37258288157.7447,45000000000,3.09,2021-09-02 06:00:10.474,0.01925275,2020-03-13 02:22:55.044,2026-07-01 02:54:54.688,2026-07-01 02:55:11.104
bitcoin,BTC,Bitcoin,58715,59313,57945,-509.563275734,-0.8604,1176909880688,1,34304932099,20050568,20050568,126080,2025-10-06 18:57:42.558,67.81,2013-07-06 00:00:00.000,2026-07-01 08:55:07.276,2026-07-01 08:55:11.012
cardano,ADA,Cardano,0.149827,0.151935,0.142122,0.00578728,4.01785,5583125859,20,443574891,37258288157.7447,45000000000,3.09,2021-09-02 06:00:10.474,0.01925275,2020-03-13 02:22:55.044,2026-07-01 08:54:53.278,2026-07-01 08:55:11.012
bitcoin,BTC,Bitcoin,58629,60444,58149,-1579.996165657,-2.6242,1175411434274,1,32017656176,20050312,20050331,126080,2025-10-06 18:57:42.558,67.81,2013-07-06 00:00:00.000,2026-06-30 20:55:08.710,2026-06-30 20:55:10.876
ethereum,ETH,Ethereum,1573.23,1619.5,1551.15,-42.324102414,-2.61979,189849313724,2,9321184264,120683442.992444,120683442.992444,4946.05,2025-08-24 19:21:03.333,0.432979,2015-10-20 00:00:00.000,2026-06-30 20:55:08.163,2026-06-30 20:55:10.876
ripple,XRP,XRP,1.042,1.064,1.027,-0.0211581203,-1.99035,64838799788,6,1407345431,62241508805,99985645029,3.65,2025-07-18 03:40:53.808,0.00268621,2014-05-22 00:00:00.000,2026-06-30 20:55:07.300,2026-06-30 20:55:10.876
solana,SOL,Solana,73.59,75.58,72.03,-1.699974813,-2.25798,42747936154,7,2753301493,580884067.910391,629462822.631139,293.31,2025-01-19 11:15:27.957,0.500801,2020-05-11 19:35:23.449,2026-06-30 20:55:07.025,2026-06-30 20:55:10.876
cardano,ADA,Cardano,0.143708,0.147409,0.142122,-0.003189868176,-2.17149,5352975017,21,289115595,37258288157.7447,45000000000,3.09,2021-09-02 06:00:10.474,0.01925275,2020-03-13 02:22:55.044,2026-06-30 20:54:56.650,2026-06-30 20:55:10.876
ethereum,ETH,Ethereum,1583.37,1592.68,1551.15,-5.492517622,-0.34569,191022500463,2,9009730327,120683397.108515,120683397.108515,4946.05,2025-08-24 19:21:03.333,0.432979,2015-10-20 00:00:00.000,2026-07-01 02:55:09.835,2026-07-01 02:55:11.104
bitcoin,BTC,Bitcoin,58978,59913,57945,-900.031003286,-1.50312,1182338019214,1,34816497867,20050440,20050440,126080,2025-10-06 18:57:42.558,67.81,2013-07-06 00:00:00.000,2026-07-01 02:55:08.477,2026-07-01 02:55:11.104
cardano,ADA,Cardano,0.146042,0.14624,0.142122,0.00144548,0.99966,5440573679,20,309913352,37258288157.7447,45000000000,3.09,2021-09-02 06:00:10.474,0.01925275,2020-03-13 02:22:55.044,2026-07-01 02:54:54.688,2026-07-01 02:55:11.104
bitcoin,BTC,Bitcoin,58629,60444,58149,-1579.996165657,-2.6242,1175411434274,1,32017656176,20050312,20050331,126080,2025-10-06 18:57:42.558,67.81,2013-07-06 00:00:00.000,2026-06-30 20:55:08.710,2026-06-30 20:55:10.876
ethereum,ETH,Ethereum,1573.23,1619.5,1551.15,-42.324102414,-2.61979,189849313724,2,9321184264,120683442.992444,120683442.992444,4946.05,2025-08-24 19:21:03.333,0.432979,2015-10-20 00:00:00.000,2026-06-30 20:55:08.163,2026-06-30 20:55:10.876
ripple,XRP,XRP,1.042,1.064,1.027,-0.0211581203,-1.99035,64838799788,6,1407345431,62241508805,99985645029,3.65,2025-07-18 03:40:53.808,0.00268621,2014-05-22 00:00:00.000,2026-06-30 20:55:07.300,2026-06-30 20:55:10.876
solana,SOL,Solana,73.59,75.58,72.03,-1.699974813,-2.25798,42747936154,7,2753301493,580884067.910391,629462822.631139,293.31,2025-01-19 11:15:27.957,0.500801,2020-05-11 19:35:23.449,2026-06-30 20:55:07.025,2026-06-30 20:55:10.876
cardano,ADA,Cardano,0.143708,0.147409,0.142122,-0.003189868176,-2.17149,5352975017,21,289115595,37258288157.7447,45000000000,3.09,2021-09-02 06:00:10.474,0.01925275,2020-03-13 02:22:55.044,2026-06-30 20:54:56.650,2026-06-30 20:55:10.876
bitcoin,BTC,Bitcoin,58629,60444,58149,-1579.996165657,-2.6242,1175411434274,1,32017656176,20050312,20050331,126080,2025-10-06 18:57:42.558,67.81,2013-07-06 00:00:00.000,2026-06-30 20:55:08.710,2026-06-30 20:55:10.876
ethereum,ETH,Ethereum,1573.23,1619.5,1551.15,-42.324102414,-2.61979,189849313724,2,9321184264,120683442.992444,120683442.992444,4946.05,2025-08-24 19:21:03.333,0.432979,2015-10-20 00:00:00.000,2026-06-30 20:55:08.163,2026-06-30 20:55:10.876
ripple,XRP,XRP,1.042,1.064,1.027,-0.0211581203,-1.99035,64838799788,6,1407345431,62241508805,99985645029,3.65,2025-07-18 03:40:53.808,0.00268621,2014-05-22 00:00:00.000,2026-06-30 20:55:07.300,2026-06-30 20:55:10.876
solana,SOL,Solana,73.59,75.58,72.03,-1.699974813,-2.25798,42747936154,7,2753301493,580884067.910391,629462822.631139,293.31,2025-01-19 11:15:27.957,0.500801,2020-05-11 19:35:23.449,2026-06-30 20:55:07.025,2026-06-30 20:55:10.876
cardano,ADA,Cardano,0.143708,0.147409,0.142122,-0.003189868176,-2.17149,5352975017,21,289115595,37258288157.7447,45000000000,3.09,2021-09-02 06:00:10.474,0.01925275,2020-03-13 02:22:55.044,2026-06-30 20:54:56.650,2026-06-30 20:55:10.876
solana,SOL,Solana,74.66,74.8,72.03,0.03397207,0.04552,43366952783,7,2795308734,580898514.088275,629462671.470286,293.31,2025-01-19 11:15:27.957,0.500801,2020-05-11 19:35:23.449,2026-07-01 02:55:07.392,2026-07-01 02:55:11.104
bitcoin,BTC,Bitcoin,58476,60492,58226,-846.085489892,-1.42625,1173221551226,1,29635911581,20050228,20050228,126080,2025-10-06 18:57:42.558,67.81,2013-07-06 00:00:00.000,2026-06-30 14:55:10.824,2026-06-30 14:55:10.952
ethereum,ETH,Ethereum,1561.06,1630.03,1551.15,-7.414856247,-0.47274,188513284590,2,10128422066,120683442.992444,120683442.992444,4946.05,2025-08-24 19:21:03.333,0.432979,2015-10-20 00:00:00.000,2026-06-30 14:55:10.380,2026-06-30 14:55:10.952
ripple,XRP,XRP,1.034,1.073,1.027,-0.007909311548,-0.75886,64424491351,6,1508178246,62241508805,99985645029,3.65,2025-07-18 03:40:53.808,0.00268621,2014-05-22 00:00:00.000,2026-06-30 14:55:09.944,2026-06-30 14:55:10.952
solana,SOL,Solana,72.92,75.93,72.03,-0.07688234927,-0.10532,42396477603,7,3235278865,580884437.840021,629463028.023657,293.31,2025-01-19 11:15:27.957,0.500801,2020-05-11 19:35:23.449,2026-06-30 14:55:08.976,2026-06-30 14:55:10.952
cardano,ADA,Cardano,0.14389,0.147928,0.142122,-0.0001854843058,-0.12874,5364497048,21,271456871,37258288157.7447,45000000000,3.09,2021-09-02 06:00:10.474,0.01925275,2020-03-13 02:22:55.044,2026-06-30 14:55:00.441,2026-06-30 14:55:10.952
bitcoin,BTC,Bitcoin,58476,60492,58226,-846.085489892,-1.42625,1173221551226,1,29635911581,20050228,20050228,126080,2025-10-06 18:57:42.558,67.81,2013-07-06 00:00:00.000,2026-06-30 14:55:10.824,2026-06-30 14:55:10.952
ripple,XRP,XRP,1.034,1.073,1.027,-0.007909311548,-0.75886,64424491351,6,1508178246,62241508805,99985645029,3.65,2025-07-18 03:40:53.808,0.00268621,2014-05-22 00:00:00.000,2026-06-30 14:55:09.944,2026-06-30 14:55:10.952
cardano,ADA,Cardano,0.14389,0.147928,0.142122,-0.0001854843058,-0.12874,5364497048,21,271456871,37258288157.7447,45000000000,3.09,2021-09-02 06:00:10.474,0.01925275,2020-03-13 02:22:55.044,2026-06-30 14:55:00.441,2026-06-30 14:55:10.952
bitcoin,BTC,Bitcoin,59209,60644,59023,-557.918273509,-0.9335,1186665280243,1,29899437391,20050109,20050109,126080,2025-10-06 18:57:42.558,67.81,2013-07-06 00:00:00.000,2026-06-30 08:55:09.195,2026-06-30 08:55:11.045
ethereum,ETH,Ethereum,1580.08,1630.03,1559.22,9.24,0.58852,190618555361,2,11331974379,120683442.992444,120683442.992444,4946.05,2025-08-24 19:21:03.333,0.432979,2015-10-20 00:00:00.000,2026-06-30 08:55:09.241,2026-06-30 08:55:11.045
ripple,XRP,XRP,1.042,1.073,1.041,-0.0016874967,-0.16164,64857853468,6,1639959939,62241508805,99985645029,3.65,2025-07-18 03:40:53.808,0.00268621,2014-05-22 00:00:00.000,2026-06-30 08:55:08.802,2026-06-30 08:55:11.045
solana,SOL,Solana,73.33,75.93,72.27,0.613957,0.84433,42585135929,7,3757555799,580884633.340686,629463225.189334,293.31,2025-01-19 11:15:27.957,0.500801,2020-05-11 19:35:23.449,2026-06-30 08:55:07.898,2026-06-30 08:55:11.045
cardano,ADA,Cardano,0.144037,0.147928,0.143306,-8.865497203e-05,-0.06151,5364666258,21,283021683,37258288157.7447,45000000000,3.09,2021-09-02 06:00:10.474,0.01925275,2020-03-13 02:22:55.044,2026-06-30 08:54:58.278,2026-06-30 08:55:11.045
bitcoin,BTC,Bitcoin,59209,60644,59023,-557.918273509,-0.9335,1186665280243,1,29899437391,20050109,20050109,126080,2025-10-06 18:57:42.558,67.81,2013-07-06 00:00:00.000,2026-06-30 08:55:09.195,2026-06-30 08:55:11.045
ripple,XRP,XRP,1.042,1.073,1.041,-0.0016874967,-0.16164,64857853468,6,1639959939,62241508805,99985645029,3.65,2025-07-18 03:40:53.808,0.00268621,2014-05-22 00:00:00.000,2026-06-30 08:55:08.802,2026-06-30 08:55:11.045
cardano,ADA,Cardano,0.144037,0.147928,0.143306,-8.865497203e-05,-0.06151,5364666258,21,283021683,37258288157.7447,45000000000,3.09,2021-09-02 06:00:10.474,0.01925275,2020-03-13 02:22:55.044,2026-06-30 08:54:58.278,2026-06-30 08:55:11.045
bitcoin,BTC,Bitcoin,59209,60644,59023,-557.918273509,-0.9335,1186665280243,1,29899437391,20050109,20050109,126080,2025-10-06 18:57:42.558,67.81,2013-07-06 00:00:00.000,2026-06-30 08:55:09.195,2026-06-30 08:55:11.045
cardano,ADA,Cardano,0.144037,0.147928,0.143306,-8.865497203e-05,-0.06151,5364666258,21,283021683,37258288157.7447,45000000000,3.09,2021-09-02 06:00:10.474,0.01925275,2020-03-13 02:22:55.044,2026-06-30 08:54:58.278,2026-06-30 08:55:11.045
bitcoin,BTC,Bitcoin,59946,60644,59023,284.18,0.47631,1201886765255,1,30267205275,20049990,20049990,126080,2025-10-06 18:57:42.558,67.81,2013-07-06 00:00:00.000,2026-06-30 02:55:08.869,2026-06-30 02:55:10.949
ethereum,ETH,Ethereum,1590.57,1630.03,1559.22,16.12,1.02381,191975331668,2,10893817563,120683442.992444,120683442.992444,4946.05,2025-08-24 19:21:03.333,0.432979,2015-10-20 00:00:00.000,2026-06-30 02:55:09.190,2026-06-30 02:55:10.949
ripple,XRP,XRP,1.05,1.073,1.037,0.00547354,0.52378,65380065824,6,1743353870,62241508805,99985645029,3.65,2025-07-18 03:40:53.808,0.00268621,2014-05-22 00:00:00.000,2026-06-30 02:55:07.905,2026-06-30 02:55:10.949
solana,SOL,Solana,74.63,75.93,71.13,2.65,3.68659,43342216483,7,3984813407,580766921.190205,629333671.939252,293.31,2025-01-19 11:15:27.957,0.500801,2020-05-11 19:35:23.449,2026-06-30 02:55:07.930,2026-06-30 02:55:10.949
cardano,ADA,Cardano,0.144568,0.147928,0.1428,0.00053283,0.36993,5385876386,21,296273426,37258288157.7447,45000000000,3.09,2021-09-02 06:00:10.474,0.01925275,2020-03-13 02:22:55.044,2026-06-30 02:55:06.188,2026-06-30 02:55:10.949
solana,SOL,Solana,73.33,75.93,72.27,0.613957,0.84433,42585135929,7,3757555799,580884633.340686,629463225.189334,293.31,2025-01-19 11:15:27.957,0.500801,2020-05-11 19:35:23.449,2026-06-30 08:55:07.898,2026-06-30 08:55:11.045
bitcoin,BTC,Bitcoin,59946,60644,59023,284.18,0.47631,1201886765255,1,30267205275,20049990,20049990,126080,2025-10-06 18:57:42.558,67.81,2013-07-06 00:00:00.000,2026-06-30 02:55:08.869,2026-06-30 02:55:10.949
ethereum,ETH,Ethereum,1590.57,1630.03,1559.22,16.12,1.02381,191975331668,2,10893817563,120683442.992444,120683442.992444,4946.05,2025-08-24 19:21:03.333,0.432979,2015-10-20 00:00:00.000,2026-06-30 02:55:09.190,2026-06-30 02:55:10.949
ripple,XRP,XRP,1.05,1.073,1.037,0.00547354,0.52378,65380065824,6,1743353870,62241508805,99985645029,3.65,2025-07-18 03:40:53.808,0.00268621,2014-05-22 00:00:00.000,2026-06-30 02:55:07.905,2026-06-30 02:55:10.949
solana,SOL,Solana,74.63,75.93,71.13,2.65,3.68659,43342216483,7,3984813407,580766921.190205,629333671.939252,293.31,2025-01-19 11:15:27.957,0.500801,2020-05-11 19:35:23.449,2026-06-30 02:55:07.930,2026-06-30 02:55:10.949
cardano,ADA,Cardano,0.144568,0.147928,0.1428,0.00053283,0.36993,5385876386,21,296273426,37258288157.7447,45000000000,3.09,2021-09-02 06:00:10.474,0.01925275,2020-03-13 02:22:55.044,2026-06-30 02:55:06.188,2026-06-30 02:55:10.949
ripple,XRP,XRP,1.042,1.073,1.041,-0.0016874967,-0.16164,64857853468,6,1639959939,62241508805,99985645029,3.65,2025-07-18 03:40:53.808,0.00268621,2014-05-22 00:00:00.000,2026-06-30 08:55:08.802,2026-06-30 08:55:11.045
bitcoin,BTC,Bitcoin,59946,60644,59023,284.18,0.47631,1201886765255,1,30267205275,20049990,20049990,126080,2025-10-06 18:57:42.558,67.81,2013-07-06 00:00:00.000,2026-06-30 02:55:08.869,2026-06-30 02:55:10.949
ethereum,ETH,Ethereum,1590.57,1630.03,1559.22,16.12,1.02381,191975331668,2,10893817563,120683442.992444,120683442.992444,4946.05,2025-08-24 19:21:03.333,0.432979,2015-10-20 00:00:00.000,2026-06-30 02:55:09.190,2026-06-30 02:55:10.949
ripple,XRP,XRP,1.05,1.073,1.037,0.00547354,0.52378,65380065824,6,1743353870,62241508805,99985645029,3.65,2025-07-18 03:40:53.808,0.00268621,2014-05-22 00:00:00.000,2026-06-30 02:55:07.905,2026-06-30 02:55:10.949
solana,SOL,Solana,74.63,75.93,71.13,2.65,3.68659,43342216483,7,3984813407,580766921.190205,629333671.939252,293.31,2025-01-19 11:15:27.957,0.500801,2020-05-11 19:35:23.449,2026-06-30 02:55:07.930,2026-06-30 02:55:10.949
cardano,ADA,Cardano,0.144568,0.147928,0.1428,0.00053283,0.36993,5385876386,21,296273426,37258288157.7447,45000000000,3.09,2021-09-02 06:00:10.474,0.01925275,2020-03-13 02:22:55.044,2026-06-30 02:55:06.188,2026-06-30 02:55:10.949
bitcoin,BTC,Bitcoin,60229,60644,58935,655.36,1.10008,1207678706416,1,32663393826,20049871,20049909,126080,2025-10-06 18:57:42.558,67.81,2013-07-06 00:00:00.000,2026-06-29 20:55:09.114,2026-06-29 20:55:10.707
ethereum,ETH,Ethereum,1617.79,1630.03,1553.81,46.63,2.96799,195275012472,2,11526999235,120683706.658434,120683706.658434,4946.05,2025-08-24 19:21:03.333,0.432979,2015-10-20 00:00:00.000,2026-06-29 20:55:09.562,2026-06-29 20:55:10.707
ripple,XRP,XRP,1.064,1.073,1.034,0.01840031,1.76058,66205521556,6,1938086096,62241508805,99985645029,3.65,2025-07-18 03:40:53.808,0.00268621,2014-05-22 00:00:00.000,2026-06-29 20:55:09.469,2026-06-29 20:55:10.707
solana,SOL,Solana,75.29,75.93,70.05,4.58,6.4727,43734561903,7,4219312360,580767046.828816,629333865.294495,293.31,2025-01-19 11:15:27.957,0.500801,2020-05-11 19:35:23.449,2026-06-29 20:55:08.376,2026-06-29 20:55:10.707
cardano,ADA,Cardano,0.146856,0.147928,0.141761,0.00348524,2.43094,5472733080,21,313338277,37258288157.7447,45000000000,3.09,2021-09-02 06:00:10.474,0.01925275,2020-03-13 02:22:55.044,2026-06-29 20:54:53.530,2026-06-29 20:55:10.707
ethereum,ETH,Ethereum,1590.57,1630.03,1559.22,16.12,1.02381,191975331668,2,10893817563,120683442.992444,120683442.992444,4946.05,2025-08-24 19:21:03.333,0.432979,2015-10-20 00:00:00.000,2026-06-30 02:55:09.190,2026-06-30 02:55:10.949
bitcoin,BTC,Bitcoin,60229,60644,58935,655.36,1.10008,1207678706416,1,32663393826,20049871,20049909,126080,2025-10-06 18:57:42.558,67.81,2013-07-06 00:00:00.000,2026-06-29 20:55:09.114,2026-06-29 20:55:10.707
ethereum,ETH,Ethereum,1617.79,1630.03,1553.81,46.63,2.96799,195275012472,2,11526999235,120683706.658434,120683706.658434,4946.05,2025-08-24 19:21:03.333,0.432979,2015-10-20 00:00:00.000,2026-06-29 20:55:09.562,2026-06-29 20:55:10.707
ripple,XRP,XRP,1.064,1.073,1.034,0.01840031,1.76058,66205521556,6,1938086096,62241508805,99985645029,3.65,2025-07-18 03:40:53.808,0.00268621,2014-05-22 00:00:00.000,2026-06-29 20:55:09.469,2026-06-29 20:55:10.707
solana,SOL,Solana,75.29,75.93,70.05,4.58,6.4727,43734561903,7,4219312360,580767046.828816,629333865.294495,293.31,2025-01-19 11:15:27.957,0.500801,2020-05-11 19:35:23.449,2026-06-29 20:55:08.376,2026-06-29 20:55:10.707
cardano,ADA,Cardano,0.146856,0.147928,0.141761,0.00348524,2.43094,5472733080,21,313338277,37258288157.7447,45000000000,3.09,2021-09-02 06:00:10.474,0.01925275,2020-03-13 02:22:55.044,2026-06-29 20:54:53.530,2026-06-29 20:55:10.707
bitcoin,BTC,Bitcoin,60229,60644,58935,655.36,1.10008,1207678706416,1,32663393826,20049871,20049909,126080,2025-10-06 18:57:42.558,67.81,2013-07-06 00:00:00.000,2026-06-29 20:55:09.114,2026-06-29 20:55:10.707
ethereum,ETH,Ethereum,1617.79,1630.03,1553.81,46.63,2.96799,195275012472,2,11526999235,120683706.658434,120683706.658434,4946.05,2025-08-24 19:21:03.333,0.432979,2015-10-20 00:00:00.000,2026-06-29 20:55:09.562,2026-06-29 20:55:10.707
ripple,XRP,XRP,1.064,1.073,1.034,0.01840031,1.76058,66205521556,6,1938086096,62241508805,99985645029,3.65,2025-07-18 03:40:53.808,0.00268621,2014-05-22 00:00:00.000,2026-06-29 20:55:09.469,2026-06-29 20:55:10.707
solana,SOL,Solana,75.29,75.93,70.05,4.58,6.4727,43734561903,7,4219312360,580767046.828816,629333865.294495,293.31,2025-01-19 11:15:27.957,0.500801,2020-05-11 19:35:23.449,2026-06-29 20:55:08.376,2026-06-29 20:55:10.707
cardano,ADA,Cardano,0.146856,0.147928,0.141761,0.00348524,2.43094,5472733080,21,313338277,37258288157.7447,45000000000,3.09,2021-09-02 06:00:10.474,0.01925275,2020-03-13 02:22:55.044,2026-06-29 20:54:53.530,2026-06-29 20:55:10.707
ripple,XRP,XRP,1.05,1.073,1.037,0.00547354,0.52378,65380065824,6,1743353870,62241508805,99985645029,3.65,2025-07-18 03:40:53.808,0.00268621,2014-05-22 00:00:00.000,2026-06-30 02:55:07.905,2026-06-30 02:55:10.949
bitcoin,BTC,Bitcoin,59946,60644,59023,284.18,0.47631,1201886765255,1,30267205275,20049990,20049990,126080,2025-10-06 18:57:42.558,67.81,2013-07-06 00:00:00.000,2026-06-30 02:55:08.869,2026-06-30 02:55:10.949
cardano,ADA,Cardano,0.144568,0.147928,0.1428,0.00053283,0.36993,5385876386,21,296273426,37258288157.7447,45000000000,3.09,2021-09-02 06:00:10.474,0.01925275,2020-03-13 02:22:55.044,2026-06-30 02:55:06.188,2026-06-30 02:55:10.949
bitcoin,BTC,Bitcoin,59416,60644,58935,-543.284208127,-0.90609,1189558278915,1,29847957533,20049790,20049790,126080,2025-10-06 18:57:42.558,67.81,2013-07-06 00:00:00.000,2026-06-29 14:55:10.027,2026-06-29 14:55:11.173
ethereum,ETH,Ethereum,1569.88,1592.61,1553.81,-10.206675894,-0.64596,189206154835,2,9876794994,120683477.194553,120683477.194553,4946.05,2025-08-24 19:21:03.333,0.432979,2015-10-20 00:00:00.000,2026-06-29 14:55:09.503,2026-06-29 14:55:11.173
ripple,XRP,XRP,1.044,1.062,1.034,-0.008912506361,-0.84675,64916363098,6,1713874386,62241508805,99985645029,3.65,2025-07-18 03:40:53.808,0.00268621,2014-05-22 00:00:00.000,2026-06-29 14:55:08.551,2026-06-29 14:55:11.173
solana,SOL,Solana,73.14,74.13,70.05,1.36,1.90046,42449320362,7,3471658466,580767259.17332,629334128.267596,293.31,2025-01-19 11:15:27.957,0.500801,2020-05-11 19:35:23.449,2026-06-29 14:55:08.629,2026-06-29 14:55:11.173
cardano,ADA,Cardano,0.144076,0.146382,0.141761,-0.000557517964,-0.38547,5361988747,21,294821344,37258288157.7447,45000000000,3.09,2021-09-02 06:00:10.474,0.01925275,2020-03-13 02:22:55.044,2026-06-29 14:54:55.848,2026-06-29 14:55:11.173
solana,SOL,Solana,75.29,75.93,70.05,4.58,6.4727,43734561903,7,4219312360,580767046.828816,629333865.294495,293.31,2025-01-19 11:15:27.957,0.500801,2020-05-11 19:35:23.449,2026-06-29 20:55:08.376,2026-06-29 20:55:10.707
bitcoin,BTC,Bitcoin,59416,60644,58935,-543.284208127,-0.90609,1189558278915,1,29847957533,20049790,20049790,126080,2025-10-06 18:57:42.558,67.81,2013-07-06 00:00:00.000,2026-06-29 14:55:10.027,2026-06-29 14:55:11.173
ethereum,ETH,Ethereum,1569.88,1592.61,1553.81,-10.206675894,-0.64596,189206154835,2,9876794994,120683477.194553,120683477.194553,4946.05,2025-08-24 19:21:03.333,0.432979,2015-10-20 00:00:00.000,2026-06-29 14:55:09.503,2026-06-29 14:55:11.173
ripple,XRP,XRP,1.044,1.062,1.034,-0.008912506361,-0.84675,64916363098,6,1713874386,62241508805,99985645029,3.65,2025-07-18 03:40:53.808,0.00268621,2014-05-22 00:00:00.000,2026-06-29 14:55:08.551,2026-06-29 14:55:11.173
solana,SOL,Solana,73.14,74.13,70.05,1.36,1.90046,42449320362,7,3471658466,580767259.17332,629334128.267596,293.31,2025-01-19 11:15:27.957,0.500801,2020-05-11 19:35:23.449,2026-06-29 14:55:08.629,2026-06-29 14:55:11.173
cardano,ADA,Cardano,0.144076,0.146382,0.141761,-0.000557517964,-0.38547,5361988747,21,294821344,37258288157.7447,45000000000,3.09,2021-09-02 06:00:10.474,0.01925275,2020-03-13 02:22:55.044,2026-06-29 14:54:55.848,2026-06-29 14:55:11.173
ripple,XRP,XRP,1.064,1.073,1.034,0.01840031,1.76058,66205521556,6,1938086096,62241508805,99985645029,3.65,2025-07-18 03:40:53.808,0.00268621,2014-05-22 00:00:00.000,2026-06-29 20:55:09.469,2026-06-29 20:55:10.707
bitcoin,BTC,Bitcoin,59416,60644,58935,-543.284208127,-0.90609,1189558278915,1,29847957533,20049790,20049790,126080,2025-10-06 18:57:42.558,67.81,2013-07-06 00:00:00.000,2026-06-29 14:55:10.027,2026-06-29 14:55:11.173
ethereum,ETH,Ethereum,1569.88,1592.61,1553.81,-10.206675894,-0.64596,189206154835,2,9876794994,120683477.194553,120683477.194553,4946.05,2025-08-24 19:21:03.333,0.432979,2015-10-20 00:00:00.000,2026-06-29 14:55:09.503,2026-06-29 14:55:11.173
ripple,XRP,XRP,1.044,1.062,1.034,-0.008912506361,-0.84675,64916363098,6,1713874386,62241508805,99985645029,3.65,2025-07-18 03:40:53.808,0.00268621,2014-05-22 00:00:00.000,2026-06-29 14:55:08.551,2026-06-29 14:55:11.173
solana,SOL,Solana,73.14,74.13,70.05,1.36,1.90046,42449320362,7,3471658466,580767259.17332,629334128.267596,293.31,2025-01-19 11:15:27.957,0.500801,2020-05-11 19:35:23.449,2026-06-29 14:55:08.629,2026-06-29 14:55:11.173
cardano,ADA,Cardano,0.144076,0.146382,0.141761,-0.000557517964,-0.38547,5361988747,21,294821344,37258288157.7447,45000000000,3.09,2021-09-02 06:00:10.474,0.01925275,2020-03-13 02:22:55.044,2026-06-29 14:54:55.848,2026-06-29 14:55:11.173
bitcoin,BTC,Bitcoin,60229,60644,58935,655.36,1.10008,1207678706416,1,32663393826,20049871,20049909,126080,2025-10-06 18:57:42.558,67.81,2013-07-06 00:00:00.000,2026-06-29 20:55:09.114,2026-06-29 20:55:10.707
cardano,ADA,Cardano,0.146856,0.147928,0.141761,0.00348524,2.43094,5472733080,21,313338277,37258288157.7447,45000000000,3.09,2021-09-02 06:00:10.474,0.01925275,2020-03-13 02:22:55.044,2026-06-29 20:54:53.530,2026-06-29 20:55:10.707
ripple,XRP,XRP,1.044,1.062,1.034,-0.008912506361,-0.84675,64916363098,6,1713874386,62241508805,99985645029,3.65,2025-07-18 03:40:53.808,0.00268621,2014-05-22 00:00:00.000,2026-06-29 14:55:08.551,2026-06-29 14:55:11.173
bitcoin,BTC,Bitcoin,59812,60314,58935,-485.856910343,-0.80575,1199449458382,1,20726681313,20049687,20049687,126080,2025-10-06 18:57:42.558,67.81,2013-07-06 00:00:00.000,2026-06-29 08:55:09.959,2026-06-29 08:55:10.979
ethereum,ETH,Ethereum,1572.64,1584.96,1553.81,-7.070113582,-0.44756,189833242232,2,8049703406,120683477.194553,120683477.194553,4946.05,2025-08-24 19:21:03.333,0.432979,2015-10-20 00:00:00.000,2026-06-29 08:55:10.638,2026-06-29 08:55:10.979
ripple,XRP,XRP,1.044,1.054,1.034,-0.009785340921,-0.92826,65009074764,6,1376822608,62241508805,99985645029,3.65,2025-07-18 03:40:53.808,0.00268621,2014-05-22 00:00:00.000,2026-06-29 08:55:10.771,2026-06-29 08:55:10.979
solana,SOL,Solana,72.79,73,70.05,0.93591,1.30252,42275327841,7,2413296558,580767461.121057,629334287.181921,293.31,2025-01-19 11:15:27.957,0.500801,2020-05-11 19:35:23.449,2026-06-29 08:55:10.233,2026-06-29 08:55:10.979
cardano,ADA,Cardano,0.144224,0.145993,0.141761,-0.001611152855,-1.10478,5373388957,21,243565167,37258288157.7447,45000000000,3.09,2021-09-02 06:00:10.474,0.01925275,2020-03-13 02:22:55.044,2026-06-29 08:54:56.308,2026-06-29 08:55:10.979
bitcoin,BTC,Bitcoin,59416,60644,58935,-543.284208127,-0.90609,1189558278915,1,29847957533,20049790,20049790,126080,2025-10-06 18:57:42.558,67.81,2013-07-06 00:00:00.000,2026-06-29 14:55:10.027,2026-06-29 14:55:11.173
cardano,ADA,Cardano,0.144076,0.146382,0.141761,-0.000557517964,-0.38547,5361988747,21,294821344,37258288157.7447,45000000000,3.09,2021-09-02 06:00:10.474,0.01925275,2020-03-13 02:22:55.044,2026-06-29 14:54:55.848,2026-06-29 14:55:11.173
bitcoin,BTC,Bitcoin,59812,60314,58935,-485.856910343,-0.80575,1199449458382,1,20726681313,20049687,20049687,126080,2025-10-06 18:57:42.558,67.81,2013-07-06 00:00:00.000,2026-06-29 08:55:09.959,2026-06-29 08:55:10.979
ethereum,ETH,Ethereum,1572.64,1584.96,1553.81,-7.070113582,-0.44756,189833242232,2,8049703406,120683477.194553,120683477.194553,4946.05,2025-08-24 19:21:03.333,0.432979,2015-10-20 00:00:00.000,2026-06-29 08:55:10.638,2026-06-29 08:55:10.979
ripple,XRP,XRP,1.044,1.054,1.034,-0.009785340921,-0.92826,65009074764,6,1376822608,62241508805,99985645029,3.65,2025-07-18 03:40:53.808,0.00268621,2014-05-22 00:00:00.000,2026-06-29 08:55:10.771,2026-06-29 08:55:10.979
solana,SOL,Solana,72.79,73,70.05,0.93591,1.30252,42275327841,7,2413296558,580767461.121057,629334287.181921,293.31,2025-01-19 11:15:27.957,0.500801,2020-05-11 19:35:23.449,2026-06-29 08:55:10.233,2026-06-29 08:55:10.979
cardano,ADA,Cardano,0.144224,0.145993,0.141761,-0.001611152855,-1.10478,5373388957,21,243565167,37258288157.7447,45000000000,3.09,2021-09-02 06:00:10.474,0.01925275,2020-03-13 02:22:55.044,2026-06-29 08:54:56.308,2026-06-29 08:55:10.979
solana,SOL,Solana,73.14,74.13,70.05,1.36,1.90046,42449320362,7,3471658466,580767259.17332,629334128.267596,293.31,2025-01-19 11:15:27.957,0.500801,2020-05-11 19:35:23.449,2026-06-29 14:55:08.629,2026-06-29 14:55:11.173
bitcoin,BTC,Bitcoin,59812,60314,58935,-485.856910343,-0.80575,1199449458382,1,20726681313,20049687,20049687,126080,2025-10-06 18:57:42.558,67.81,2013-07-06 00:00:00.000,2026-06-29 08:55:09.959,2026-06-29 08:55:10.979
ethereum,ETH,Ethereum,1572.64,1584.96,1553.81,-7.070113582,-0.44756,189833242232,2,8049703406,120683477.194553,120683477.194553,4946.05,2025-08-24 19:21:03.333,0.432979,2015-10-20 00:00:00.000,2026-06-29 08:55:10.638,2026-06-29 08:55:10.979
ripple,XRP,XRP,1.044,1.054,1.034,-0.009785340921,-0.92826,65009074764,6,1376822608,62241508805,99985645029,3.65,2025-07-18 03:40:53.808,0.00268621,2014-05-22 00:00:00.000,2026-06-29 08:55:10.771,2026-06-29 08:55:10.979
solana,SOL,Solana,72.79,73,70.05,0.93591,1.30252,42275327841,7,2413296558,580767461.121057,629334287.181921,293.31,2025-01-19 11:15:27.957,0.500801,2020-05-11 19:35:23.449,2026-06-29 08:55:10.233,2026-06-29 08:55:10.979
cardano,ADA,Cardano,0.144224,0.145993,0.141761,-0.001611152855,-1.10478,5373388957,21,243565167,37258288157.7447,45000000000,3.09,2021-09-02 06:00:10.474,0.01925275,2020-03-13 02:22:55.044,2026-06-29 08:54:56.308,2026-06-29 08:55:10.979
ethereum,ETH,Ethereum,1572.64,1584.96,1553.81,-7.070113582,-0.44756,189833242232,2,8049703406,120683477.194553,120683477.194553,4946.05,2025-08-24 19:21:03.333,0.432979,2015-10-20 00:00:00.000,2026-06-29 08:55:10.638,2026-06-29 08:55:10.979
bitcoin,BTC,Bitcoin,59631,60360,58935,-457.942327025,-0.76211,1195628175237,1,17951855260,20049587,20049587,126080,2025-10-06 18:57:42.558,67.81,2013-07-06 00:00:00.000,2026-06-29 02:55:10.633,2026-06-29 02:55:11.123
ethereum,ETH,Ethereum,1574.38,1582.72,1553.81,3.9,0.24819,190010140627,2,6355653288,120683477.194553,120683477.194553,4946.05,2025-08-24 19:21:03.333,0.432979,2015-10-20 00:00:00.000,2026-06-29 02:55:10.932,2026-06-29 02:55:11.123
ripple,XRP,XRP,1.045,1.056,1.034,-0.0002244266122,-0.02147,65055247990,6,1197511423,62241508805,99985645029,3.65,2025-07-18 03:40:53.808,0.00268621,2014-05-22 00:00:00.000,2026-06-29 02:55:09.697,2026-06-29 02:55:11.123
solana,SOL,Solana,71.96,71.98,70.05,1.3,1.83867,41800749442,7,2024818965,580767654.263393,629334508.291114,293.31,2025-01-19 11:15:27.957,0.500801,2020-05-11 19:35:23.449,2026-06-29 02:55:10.367,2026-06-29 02:55:11.123
cardano,ADA,Cardano,0.1441,0.145996,0.141761,-0.0005908844517,-0.40838,5369181668,21,221869433,37258288157.7447,45000000000,3.09,2021-09-02 06:00:10.474,0.01925275,2020-03-13 02:22:55.044,2026-06-29 02:54:53.129,2026-06-29 02:55:11.123
solana,SOL,Solana,72.79,73,70.05,0.93591,1.30252,42275327841,7,2413296558,580767461.121057,629334287.181921,293.31,2025-01-19 11:15:27.957,0.500801,2020-05-11 19:35:23.449,2026-06-29 08:55:10.233,2026-06-29 08:55:10.979
bitcoin,BTC,Bitcoin,59631,60360,58935,-457.942327025,-0.76211,1195628175237,1,17951855260,20049587,20049587,126080,2025-10-06 18:57:42.558,67.81,2013-07-06 00:00:00.000,2026-06-29 02:55:10.633,2026-06-29 02:55:11.123
ethereum,ETH,Ethereum,1574.38,1582.72,1553.81,3.9,0.24819,190010140627,2,6355653288,120683477.194553,120683477.194553,4946.05,2025-08-24 19:21:03.333,0.432979,2015-10-20 00:00:00.000,2026-06-29 02:55:10.932,2026-06-29 02:55:11.123
ripple,XRP,XRP,1.045,1.056,1.034,-0.0002244266122,-0.02147,65055247990,6,1197511423,62241508805,99985645029,3.65,2025-07-18 03:40:53.808,0.00268621,2014-05-22 00:00:00.000,2026-06-29 02:55:09.697,2026-06-29 02:55:11.123
solana,SOL,Solana,71.96,71.98,70.05,1.3,1.83867,41800749442,7,2024818965,580767654.263393,629334508.291114,293.31,2025-01-19 11:15:27.957,0.500801,2020-05-11 19:35:23.449,2026-06-29 02:55:10.367,2026-06-29 02:55:11.123
cardano,ADA,Cardano,0.1441,0.145996,0.141761,-0.0005908844517,-0.40838,5369181668,21,221869433,37258288157.7447,45000000000,3.09,2021-09-02 06:00:10.474,0.01925275,2020-03-13 02:22:55.044,2026-06-29 02:54:53.129,2026-06-29 02:55:11.123
bitcoin,BTC,Bitcoin,59631,60360,58935,-457.942327025,-0.76211,1195628175237,1,17951855260,20049587,20049587,126080,2025-10-06 18:57:42.558,67.81,2013-07-06 00:00:00.000,2026-06-29 02:55:10.633,2026-06-29 02:55:11.123
ethereum,ETH,Ethereum,1574.38,1582.72,1553.81,3.9,0.24819,190010140627,2,6355653288,120683477.194553,120683477.194553,4946.05,2025-08-24 19:21:03.333,0.432979,2015-10-20 00:00:00.000,2026-06-29 02:55:10.932,2026-06-29 02:55:11.123
ripple,XRP,XRP,1.045,1.056,1.034,-0.0002244266122,-0.02147,65055247990,6,1197511423,62241508805,99985645029,3.65,2025-07-18 03:40:53.808,0.00268621,2014-05-22 00:00:00.000,2026-06-29 02:55:09.697,2026-06-29 02:55:11.123
solana,SOL,Solana,71.96,71.98,70.05,1.3,1.83867,41800749442,7,2024818965,580767654.263393,629334508.291114,293.31,2025-01-19 11:15:27.957,0.500801,2020-05-11 19:35:23.449,2026-06-29 02:55:10.367,2026-06-29 02:55:11.123
cardano,ADA,Cardano,0.1441,0.145996,0.141761,-0.0005908844517,-0.40838,5369181668,21,221869433,37258288157.7447,45000000000,3.09,2021-09-02 06:00:10.474,0.01925275,2020-03-13 02:22:55.044,2026-06-29 02:54:53.129,2026-06-29 02:55:11.123
ripple,XRP,XRP,1.044,1.054,1.034,-0.009785340921,-0.92826,65009074764,6,1376822608,62241508805,99985645029,3.65,2025-07-18 03:40:53.808,0.00268621,2014-05-22 00:00:00.000,2026-06-29 08:55:10.771,2026-06-29 08:55:10.979
solana,SOL,Solana,71.96,71.98,70.05,1.3,1.83867,41800749442,7,2024818965,580767654.263393,629334508.291114,293.31,2025-01-19 11:15:27.957,0.500801,2020-05-11 19:35:23.449,2026-06-29 02:55:10.367,2026-06-29 02:55:11.123
bitcoin,BTC,Bitcoin,59574,60371,59254,-610.244800779,-1.01397,1194437142005,1,15441783762,20049462,20049493,126080,2025-10-06 18:57:42.558,67.81,2013-07-06 00:00:00.000,2026-06-28 20:55:02.191,2026-06-28 20:55:10.320
ethereum,ETH,Ethereum,1570.74,1582.72,1558.09,-7.212555047,-0.45708,189554437959,2,5182174482,120683492.272666,120683492.272666,4946.05,2025-08-24 19:21:03.333,0.432979,2015-10-20 00:00:00.000,2026-06-28 20:55:02.047,2026-06-28 20:55:10.321
ripple,XRP,XRP,1.045,1.056,1.041,-0.00829809203,-0.78775,65052183534,6,1015687401,62241508805,99985645029,3.65,2025-07-18 03:40:53.808,0.00268621,2014-05-22 00:00:00.000,2026-06-28 20:55:00.881,2026-06-28 20:55:10.321
solana,SOL,Solana,70.7,71.94,70.21,-0.4430102483,-0.62268,41051187688,7,1668555871,580751957.816767,629334683.689817,293.31,2025-01-19 11:15:27.957,0.500801,2020-05-11 19:35:23.449,2026-06-28 20:55:00.882,2026-06-28 20:55:10.321
cardano,ADA,Cardano,0.143377,0.145996,0.142558,-0.001997627695,-1.37413,5340388916,21,203559710,37241917348.4077,45000000000,3.09,2021-09-02 06:00:10.474,0.01925275,2020-03-13 02:22:55.044,2026-06-28 20:54:54.507,2026-06-28 20:55:10.321
ripple,XRP,XRP,1.045,1.056,1.034,-0.0002244266122,-0.02147,65055247990,6,1197511423,62241508805,99985645029,3.65,2025-07-18 03:40:53.808,0.00268621,2014-05-22 00:00:00.000,2026-06-29 02:55:09.697,2026-06-29 02:55:11.123
bitcoin,BTC,Bitcoin,59574,60371,59254,-610.244800779,-1.01397,1194437142005,1,15441783762,20049462,20049493,126080,2025-10-06 18:57:42.558,67.81,2013-07-06 00:00:00.000,2026-06-28 20:55:02.191,2026-06-28 20:55:10.320
ethereum,ETH,Ethereum,1570.74,1582.72,1558.09,-7.212555047,-0.45708,189554437959,2,5182174482,120683492.272666,120683492.272666,4946.05,2025-08-24 19:21:03.333,0.432979,2015-10-20 00:00:00.000,2026-06-28 20:55:02.047,2026-06-28 20:55:10.321
ripple,XRP,XRP,1.045,1.056,1.041,-0.00829809203,-0.78775,65052183534,6,1015687401,62241508805,99985645029,3.65,2025-07-18 03:40:53.808,0.00268621,2014-05-22 00:00:00.000,2026-06-28 20:55:00.881,2026-06-28 20:55:10.321
solana,SOL,Solana,70.7,71.94,70.21,-0.4430102483,-0.62268,41051187688,7,1668555871,580751957.816767,629334683.689817,293.31,2025-01-19 11:15:27.957,0.500801,2020-05-11 19:35:23.449,2026-06-28 20:55:00.882,2026-06-28 20:55:10.321
cardano,ADA,Cardano,0.143377,0.145996,0.142558,-0.001997627695,-1.37413,5340388916,21,203559710,37241917348.4077,45000000000,3.09,2021-09-02 06:00:10.474,0.01925275,2020-03-13 02:22:55.044,2026-06-28 20:54:54.507,2026-06-28 20:55:10.321
bitcoin,BTC,Bitcoin,59574,60371,59254,-610.244800779,-1.01397,1194437142005,1,15441783762,20049462,20049493,126080,2025-10-06 18:57:42.558,67.81,2013-07-06 00:00:00.000,2026-06-28 20:55:02.191,2026-06-28 20:55:10.320
ethereum,ETH,Ethereum,1570.74,1582.72,1558.09,-7.212555047,-0.45708,189554437959,2,5182174482,120683492.272666,120683492.272666,4946.05,2025-08-24 19:21:03.333,0.432979,2015-10-20 00:00:00.000,2026-06-28 20:55:02.047,2026-06-28 20:55:10.321
ripple,XRP,XRP,1.045,1.056,1.041,-0.00829809203,-0.78775,65052183534,6,1015687401,62241508805,99985645029,3.65,2025-07-18 03:40:53.808,0.00268621,2014-05-22 00:00:00.000,2026-06-28 20:55:00.881,2026-06-28 20:55:10.321
solana,SOL,Solana,70.7,71.94,70.21,-0.4430102483,-0.62268,41051187688,7,1668555871,580751957.816767,629334683.689817,293.31,2025-01-19 11:15:27.957,0.500801,2020-05-11 19:35:23.449,2026-06-28 20:55:00.882,2026-06-28 20:55:10.321
cardano,ADA,Cardano,0.143377,0.145996,0.142558,-0.001997627695,-1.37413,5340388916,21,203559710,37241917348.4077,45000000000,3.09,2021-09-02 06:00:10.474,0.01925275,2020-03-13 02:22:55.044,2026-06-28 20:54:54.507,2026-06-28 20:55:10.321
ethereum,ETH,Ethereum,1574.38,1582.72,1553.81,3.9,0.24819,190010140627,2,6355653288,120683477.194553,120683477.194553,4946.05,2025-08-24 19:21:03.333,0.432979,2015-10-20 00:00:00.000,2026-06-29 02:55:10.932,2026-06-29 02:55:11.123
ethereum,ETH,Ethereum,1570.74,1582.72,1558.09,-7.212555047,-0.45708,189554437959,2,5182174482,120683492.272666,120683492.272666,4946.05,2025-08-24 19:21:03.333,0.432979,2015-10-20 00:00:00.000,2026-06-28 20:55:02.047,2026-06-28 20:55:10.321
bitcoin,BTC,Bitcoin,59574,60371,59254,-610.244800779,-1.01397,1194437142005,1,15441783762,20049462,20049493,126080,2025-10-06 18:57:42.558,67.81,2013-07-06 00:00:00.000,2026-06-28 20:55:02.191,2026-06-28 20:55:10.320
cardano,ADA,Cardano,0.143377,0.145996,0.142558,-0.001997627695,-1.37413,5340388916,21,203559710,37241917348.4077,45000000000,3.09,2021-09-02 06:00:10.474,0.01925275,2020-03-13 02:22:55.044,2026-06-28 20:54:54.507,2026-06-28 20:55:10.321
bitcoin,BTC,Bitcoin,59969,60784,59741,-545.106417839,-0.90079,1202566895994,1,15463790814,20049393,20049393,126080,2025-10-06 18:57:42.558,67.81,2013-07-06 00:00:00.000,2026-06-28 14:55:02.086,2026-06-28 14:55:11.013
ethereum,ETH,Ethereum,1580.07,1605.68,1562.51,-11.692342397,-0.73455,190746569355,2,6552812939,120683492.272666,120683492.272666,4946.05,2025-08-24 19:21:03.333,0.432979,2015-10-20 00:00:00.000,2026-06-28 14:55:01.726,2026-06-28 14:55:11.013
ripple,XRP,XRP,1.053,1.074,1.042,-0.01337502227,-1.25465,65524084799,6,1091139087,62241508805,99985645029,3.65,2025-07-18 03:40:53.808,0.00268621,2014-05-22 00:00:00.000,2026-06-28 14:54:57.986,2026-06-28 14:55:11.013
solana,SOL,Solana,71.76,72.9,70.21,-0.9394534195,-1.29224,41679010100,7,1729544870,580752173.532794,629334909.373829,293.31,2025-01-19 11:15:27.957,0.500801,2020-05-11 19:35:23.449,2026-06-28 14:54:57.362,2026-06-28 14:55:11.013
cardano,ADA,Cardano,0.144693,0.148902,0.143457,-0.003747361049,-2.52449,5389167474,22,210241487,37241917348.4077,45000000000,3.09,2021-09-02 06:00:10.474,0.01925275,2020-03-13 02:22:55.044,2026-06-28 14:54:53.781,2026-06-28 14:55:11.013
bitcoin,BTC,Bitcoin,59969,60784,59741,-545.106417839,-0.90079,1202566895994,1,15463790814,20049393,20049393,126080,2025-10-06 18:57:42.558,67.81,2013-07-06 00:00:00.000,2026-06-28 14:55:02.086,2026-06-28 14:55:11.013
ethereum,ETH,Ethereum,1580.07,1605.68,1562.51,-11.692342397,-0.73455,190746569355,2,6552812939,120683492.272666,120683492.272666,4946.05,2025-08-24 19:21:03.333,0.432979,2015-10-20 00:00:00.000,2026-06-28 14:55:01.726,2026-06-28 14:55:11.013
ripple,XRP,XRP,1.053,1.074,1.042,-0.01337502227,-1.25465,65524084799,6,1091139087,62241508805,99985645029,3.65,2025-07-18 03:40:53.808,0.00268621,2014-05-22 00:00:00.000,2026-06-28 14:54:57.986,2026-06-28 14:55:11.013
solana,SOL,Solana,71.76,72.9,70.21,-0.9394534195,-1.29224,41679010100,7,1729544870,580752173.532794,629334909.373829,293.31,2025-01-19 11:15:27.957,0.500801,2020-05-11 19:35:23.449,2026-06-28 14:54:57.362,2026-06-28 14:55:11.013
cardano,ADA,Cardano,0.144693,0.148902,0.143457,-0.003747361049,-2.52449,5389167474,22,210241487,37241917348.4077,45000000000,3.09,2021-09-02 06:00:10.474,0.01925275,2020-03-13 02:22:55.044,2026-06-28 14:54:53.781,2026-06-28 14:55:11.013
ripple,XRP,XRP,1.045,1.056,1.041,-0.00829809203,-0.78775,65052183534,6,1015687401,62241508805,99985645029,3.65,2025-07-18 03:40:53.808,0.00268621,2014-05-22 00:00:00.000,2026-06-28 20:55:00.881,2026-06-28 20:55:10.321
bitcoin,BTC,Bitcoin,59969,60784,59741,-545.106417839,-0.90079,1202566895994,1,15463790814,20049393,20049393,126080,2025-10-06 18:57:42.558,67.81,2013-07-06 00:00:00.000,2026-06-28 14:55:02.086,2026-06-28 14:55:11.013
cardano,ADA,Cardano,0.144693,0.148902,0.143457,-0.003747361049,-2.52449,5389167474,22,210241487,37241917348.4077,45000000000,3.09,2021-09-02 06:00:10.474,0.01925275,2020-03-13 02:22:55.044,2026-06-28 14:54:53.781,2026-06-28 14:55:11.013
bitcoin,BTC,Bitcoin,60053,60784,59741,-468.708319082,-0.77444,1204231241826,1,15349534151,20049378,20049378,126080,2025-10-06 18:57:42.558,67.81,2013-07-06 00:00:00.000,2026-06-28 14:27:05.396,2026-06-28 14:27:07.333
ethereum,ETH,Ethereum,1578.96,1605.68,1562.51,-13.001846287,-0.81672,190590487923,2,6531485307,120683492.272666,120683492.272666,4946.05,2025-08-24 19:21:03.333,0.432979,2015-10-20 00:00:00.000,2026-06-28 14:27:04.755,2026-06-28 14:27:07.333
ripple,XRP,XRP,1.053,1.074,1.042,-0.01189492784,-1.11691,65548833593,6,1089044222,62241508805,99985645029,3.65,2025-07-18 03:40:53.808,0.00268621,2014-05-22 00:00:00.000,2026-06-28 14:27:03.891,2026-06-28 14:27:07.333
solana,SOL,Solana,71.84,72.9,70.21,-0.7731017788,-1.06463,41726958594,7,1734636377,580752202.51257,629334938.238715,293.31,2025-01-19 11:15:27.957,0.500801,2020-05-11 19:35:23.449,2026-06-28 14:27:04.573,2026-06-28 14:27:07.333
cardano,ADA,Cardano,0.144872,0.148902,0.143457,-0.00358814596,-2.4169,5395153989,21,212945733,37241917348.4077,45000000000,3.09,2021-09-02 06:00:10.474,0.01925275,2020-03-13 02:22:55.044,2026-06-28 14:26:55.567,2026-06-28 14:27:07.333
ripple,XRP,XRP,1.053,1.074,1.042,-0.01337502227,-1.25465,65524084799,6,1091139087,62241508805,99985645029,3.65,2025-07-18 03:40:53.808,0.00268621,2014-05-22 00:00:00.000,2026-06-28 14:54:57.986,2026-06-28 14:55:11.013
bitcoin,BTC,Bitcoin,60053,60784,59741,-468.708319082,-0.77444,1204231241826,1,15349534151,20049378,20049378,126080,2025-10-06 18:57:42.558,67.81,2013-07-06 00:00:00.000,2026-06-28 14:27:05.396,2026-06-28 14:27:07.333
ethereum,ETH,Ethereum,1578.96,1605.68,1562.51,-13.001846287,-0.81672,190590487923,2,6531485307,120683492.272666,120683492.272666,4946.05,2025-08-24 19:21:03.333,0.432979,2015-10-20 00:00:00.000,2026-06-28 14:27:04.755,2026-06-28 14:27:07.333
ripple,XRP,XRP,1.053,1.074,1.042,-0.01189492784,-1.11691,65548833593,6,1089044222,62241508805,99985645029,3.65,2025-07-18 03:40:53.808,0.00268621,2014-05-22 00:00:00.000,2026-06-28 14:27:03.891,2026-06-28 14:27:07.333
solana,SOL,Solana,71.84,72.9,70.21,-0.7731017788,-1.06463,41726958594,7,1734636377,580752202.51257,629334938.238715,293.31,2025-01-19 11:15:27.957,0.500801,2020-05-11 19:35:23.449,2026-06-28 14:27:04.573,2026-06-28 14:27:07.333
cardano,ADA,Cardano,0.144872,0.148902,0.143457,-0.00358814596,-2.4169,5395153989,21,212945733,37241917348.4077,45000000000,3.09,2021-09-02 06:00:10.474,0.01925275,2020-03-13 02:22:55.044,2026-06-28 14:26:55.567,2026-06-28 14:27:07.333
bitcoin,BTC,Bitcoin,60053,60784,59741,-468.708319082,-0.77444,1204231241826,1,15349534151,20049378,20049378,126080,2025-10-06 18:57:42.558,67.81,2013-07-06 00:00:00.000,2026-06-28 14:27:05.396,2026-06-28 14:27:07.333
ethereum,ETH,Ethereum,1578.96,1605.68,1562.51,-13.001846287,-0.81672,190590487923,2,6531485307,120683492.272666,120683492.272666,4946.05,2025-08-24 19:21:03.333,0.432979,2015-10-20 00:00:00.000,2026-06-28 14:27:04.755,2026-06-28 14:27:07.333
ripple,XRP,XRP,1.053,1.074,1.042,-0.01189492784,-1.11691,65548833593,6,1089044222,62241508805,99985645029,3.65,2025-07-18 03:40:53.808,0.00268621,2014-05-22 00:00:00.000,2026-06-28 14:27:03.891,2026-06-28 14:27:07.333
solana,SOL,Solana,71.84,72.9,70.21,-0.7731017788,-1.06463,41726958594,7,1734636377,580752202.51257,629334938.238715,293.31,2025-01-19 11:15:27.957,0.500801,2020-05-11 19:35:23.449,2026-06-28 14:27:04.573,2026-06-28 14:27:07.333
cardano,ADA,Cardano,0.144872,0.148902,0.143457,-0.00358814596,-2.4169,5395153989,21,212945733,37241917348.4077,45000000000,3.09,2021-09-02 06:00:10.474,0.01925275,2020-03-13 02:22:55.044,2026-06-28 14:26:55.567,2026-06-28 14:27:07.333
ethereum,ETH,Ethereum,1580.07,1605.68,1562.51,-11.692342397,-0.73455,190746569355,2,6552812939,120683492.272666,120683492.272666,4946.05,2025-08-24 19:21:03.333,0.432979,2015-10-20 00:00:00.000,2026-06-28 14:55:01.726,2026-06-28 14:55:11.013
ethereum,ETH,Ethereum,1579.57,1605.68,1562.51,-13.210419969,-0.82939,190621106813,2,6495536268,120683492.272666,120683492.272666,4946.05,2025-08-24 19:21:03.333,0.432979,2015-10-20 00:00:00.000,2026-06-28 14:14:14.584,2026-06-28 14:14:15.154
solana,SOL,Solana,71.81,72.9,70.21,-0.4182565405,-0.57907,41703541265,7,1713485297,580752202.51257,629334938.238715,293.31,2025-01-19 11:15:27.957,0.500801,2020-05-11 19:35:23.449,2026-06-28 14:14:13.227,2026-06-28 14:14:15.154
bitcoin,BTC,Bitcoin,59975,60784,59741,-499.574514479,-0.82609,1202677308812,1,15392574698,20049378,20049378,126080,2025-10-06 18:57:42.558,67.81,2013-07-06 00:00:00.000,2026-06-28 14:07:06.066,2026-06-28 14:07:06.711
ethereum,ETH,Ethereum,1577.24,1605.68,1562.51,-11.290575577,-0.71076,190396181005,2,6566003245,120683492.272666,120683492.272666,4946.05,2025-08-24 19:21:03.333,0.432979,2015-10-20 00:00:00.000,2026-06-28 14:07:06.214,2026-06-28 14:07:06.711
ripple,XRP,XRP,1.048,1.074,1.042,-0.01628126633,-1.52983,65235295755,6,1093301914,62241508805,99985645029,3.65,2025-07-18 03:40:53.808,0.00268621,2014-05-22 00:00:00.000,2026-06-28 14:07:04.016,2026-06-28 14:07:06.711
solana,SOL,Solana,71.68,72.9,70.21,-0.4978593991,-0.68978,41631646341,7,1714528824,580752202.51257,629334938.238715,293.31,2025-01-19 11:15:27.957,0.500801,2020-05-11 19:35:23.449,2026-06-28 14:07:03.811,2026-06-28 14:07:06.711
cardano,ADA,Cardano,0.144135,0.148902,0.143457,-0.003733716487,-2.52502,5368831189,21,214515671,37241917348.4077,45000000000,3.09,2021-09-02 06:00:10.474,0.01925275,2020-03-13 02:22:55.044,2026-06-28 14:06:54.890,2026-06-28 14:07:06.711
bitcoin,BTC,Bitcoin,60011,60784,59741,-462.673692729,-0.76508,1203268699558,1,15024317400,20049356,20049378,126080,2025-10-06 18:57:42.558,67.81,2013-07-06 00:00:00.000,2026-06-28 13:55:34.730,2026-06-28 13:55:36.346
ethereum,ETH,Ethereum,1579.4,1605.68,1562.51,-9.31690865,-0.58644,190613190709,2,5964517171,120683492.272666,120683492.272666,4946.05,2025-08-24 19:21:03.333,0.432979,2015-10-20 00:00:00.000,2026-06-28 13:55:35.180,2026-06-28 13:55:36.346
ripple,XRP,XRP,1.049,1.074,1.042,-0.01197240842,-1.12804,65319047612,6,1097101058,62241508805,99985645029,3.65,2025-07-18 03:40:53.808,0.00268621,2014-05-22 00:00:00.000,2026-06-28 13:55:34.695,2026-06-28 13:55:36.346
solana,SOL,Solana,71.81,72.9,70.21,-0.4319462423,-0.59789,41707957924,7,1747270746,580752208.125835,629334938.238715,293.31,2025-01-19 11:15:27.957,0.500801,2020-05-11 19:35:23.449,2026-06-28 13:55:33.376,2026-06-28 13:55:36.346
cardano,ADA,Cardano,0.144345,0.148902,0.143457,-0.003409169535,-2.30733,5375853177,21,214808971,37241917348.4077,45000000000,3.09,2021-09-02 06:00:10.474,0.01925275,2020-03-13 02:22:55.044,2026-06-28 13:55:34.922,2026-06-28 13:55:36.347
ethereum,ETH,Ethereum,1577.24,1605.68,1562.51,-11.290575577,-0.71076,190396181005,2,6566003245,120683492.272666,120683492.272666,4946.05,2025-08-24 19:21:03.333,0.432979,2015-10-20 00:00:00.000,2026-06-28 14:07:06.214,2026-06-28 14:07:06.711
solana,SOL,Solana,71.68,72.9,70.21,-0.4978593991,-0.68978,41631646341,7,1714528824,580752202.51257,629334938.238715,293.31,2025-01-19 11:15:27.957,0.500801,2020-05-11 19:35:23.449,2026-06-28 14:07:03.811,2026-06-28 14:07:06.711
ethereum,ETH,Ethereum,1578.33,1605.68,1562.51,-9.044785694,-0.56979,190417178775,2,6645448223,120683492.272666,120683492.272666,4946.05,2025-08-24 19:21:03.333,0.432979,2015-10-20 00:00:00.000,2026-06-28 13:43:46.964,2026-06-28 13:43:47.561
solana,SOL,Solana,71.78,72.9,70.21,-0.5598481974,-0.77397,41682920976,7,1714420653,580752222.661765,629334938.238715,293.31,2025-01-19 11:15:27.957,0.500801,2020-05-11 19:35:23.449,2026-06-28 13:43:38.607,2026-06-28 13:43:47.561
bitcoin,BTC,Bitcoin,60069,60784,59566,230.7,0.38553,1204226554629,1,16534487102,20048996,20048996,126080,2025-10-06 18:57:42.558,67.81,2013-07-06 00:00:00.000,2026-06-27 19:40:43.596,2026-06-27 19:40:45.083
ethereum,ETH,Ethereum,1574.89,1605.68,1567,-2.965995252,-0.18798,190005955437,2,6290148925,120683512.975798,120683512.975798,4946.05,2025-08-24 19:21:03.333,0.432979,2015-10-20 00:00:00.000,2026-06-27 19:40:43.670,2026-06-27 19:40:45.083
ripple,XRP,XRP,1.053,1.074,1.039,0.00741133,0.70909,65512782881,6,1301718035,62241508805,99985645029,3.65,2025-07-18 03:40:53.808,0.00268621,2014-05-22 00:00:00.000,2026-06-27 19:40:43.385,2026-06-27 19:40:45.083
solana,SOL,Solana,70.98,73.65,71.04,-2.610223978,-3.5468,41213850846,7,2121693364,580634988.317833,629205595.874815,293.31,2025-01-19 11:15:27.957,0.500801,2020-05-11 19:35:23.449,2026-06-27 19:40:43.040,2026-06-27 19:40:45.083
cardano,ADA,Cardano,0.145093,0.149232,0.145287,-0.002850539012,-1.92678,5403441020,21,268100638,37241917348.4077,45000000000,3.09,2021-09-02 06:00:10.474,0.01925275,2020-03-13 02:22:55.044,2026-06-27 19:40:34.449,2026-06-27 19:40:45.083
bitcoin,BTC,Bitcoin,60267,60784,59764,449.91,0.75214,1208385762531,1,15712729815,20049071,20049103,126080,2025-10-06 18:57:42.558,67.81,2013-07-06 00:00:00.000,2026-06-27 21:39:57.712,2026-06-27 21:40:31.221
ethereum,ETH,Ethereum,1579.35,1605.68,1569.9,6.64,0.42227,190616656716,2,5295653170,120683512.975798,120683512.975798,4946.05,2025-08-24 19:21:03.333,0.432979,2015-10-20 00:00:00.000,2026-06-27 21:39:57.930,2026-06-27 21:40:31.221
ripple,XRP,XRP,1.054,1.074,1.039,0.01136616,1.08981,65632920901,6,1229426194,62241508805,99985645029,3.65,2025-07-18 03:40:53.808,0.00268621,2014-05-22 00:00:00.000,2026-06-27 21:39:57.320,2026-06-27 21:40:31.221
solana,SOL,Solana,71.38,72.9,70.99,-0.7888548539,-1.09307,41450230065,7,1840315433,580634926.513678,629205512.611513,293.31,2025-01-19 11:15:27.957,0.500801,2020-05-11 19:35:23.449,2026-06-27 21:39:57.216,2026-06-27 21:40:31.221
cardano,ADA,Cardano,0.145572,0.149232,0.145095,-0.001936268071,-1.31265,5421990623,21,250395355,37241917348.4077,45000000000,3.09,2021-09-02 06:00:10.474,0.01925275,2020-03-13 02:22:55.044,2026-06-27 21:39:55.419,2026-06-27 21:40:31.221
bitcoin,BTC,Bitcoin,60079,60784,59889,-144.363226714,-0.23971,1204610794074,1,15855714461,20049187,20049187,126080,2025-10-06 18:57:42.558,67.81,2013-07-06 00:00:00.000,2026-06-28 02:55:05.870,2026-06-28 02:55:11.099
ethereum,ETH,Ethereum,1570.53,1605.68,1567.78,-11.457727077,-0.72426,189546582743,2,5343238824,120683706.658434,120683706.658434,4946.05,2025-08-24 19:21:03.333,0.432979,2015-10-20 00:00:00.000,2026-06-28 02:55:05.861,2026-06-28 02:55:11.099
ripple,XRP,XRP,1.045,1.074,1.045,-0.01738772873,-1.63614,65059695450,6,1165377990,62241508805,99985645029,3.65,2025-07-18 03:40:53.808,0.00268621,2014-05-22 00:00:00.000,2026-06-28 02:55:07.194,2026-06-28 02:55:11.099
solana,SOL,Solana,70.66,72.9,70.4,-1.375976477,-1.91012,41023691040,7,1769460301,580634762.495973,629205353.738623,293.31,2025-01-19 11:15:27.957,0.500801,2020-05-11 19:35:23.449,2026-06-28 02:55:07.004,2026-06-28 02:55:11.099
cardano,ADA,Cardano,0.144676,0.149144,0.144061,-0.004468202788,-2.9959,5387562291,21,231047665,37241917348.4077,45000000000,3.09,2021-09-02 06:00:10.474,0.01925275,2020-03-13 02:22:55.044,2026-06-28 02:54:54.331,2026-06-28 02:55:11.099
bitcoin,BTC,Bitcoin,60314,60784,59741,-61.871445767,-0.10248,1209206242443,1,14447770699,20049284,20049284,126080,2025-10-06 18:57:42.558,67.81,2013-07-06 00:00:00.000,2026-06-28 08:55:08.230,2026-06-28 08:55:10.981
ethereum,ETH,Ethereum,1580.52,1605.68,1562.51,-1.422928935,-0.08995,190730955960,2,5762949903,120683492.272666,120683492.272666,4946.05,2025-08-24 19:21:03.333,0.432979,2015-10-20 00:00:00.000,2026-06-28 08:55:08.636,2026-06-28 08:55:10.981
ripple,XRP,XRP,1.054,1.074,1.042,-0.00170173586,-0.16117,65615661263,6,1107094305,62241508805,99985645029,3.65,2025-07-18 03:40:53.808,0.00268621,2014-05-22 00:00:00.000,2026-06-28 08:55:08.356,2026-06-28 08:55:10.981
solana,SOL,Solana,71.87,72.9,70.21,-0.0575587621,-0.08002,41742275213,7,1655738771,580752548.989351,629335102.573465,293.31,2025-01-19 11:15:27.957,0.500801,2020-05-11 19:35:23.449,2026-06-28 08:55:08.023,2026-06-28 08:55:10.981
cardano,ADA,Cardano,0.145835,0.148902,0.143457,-0.001245863861,-0.84706,5431943977,22,215092167,37241917348.4077,45000000000,3.09,2021-09-02 06:00:10.474,0.01925275,2020-03-13 02:22:55.044,2026-06-28 08:54:57.122,2026-06-28 08:55:10.981
bitcoin,BTC,Bitcoin,60023,60784,59741,-349.8369113,-0.57946,1203422536825,1,15387099028,20049356,20049356,126080,2025-10-06 18:57:42.558,67.81,2013-07-06 00:00:00.000,2026-06-28 13:28:17.259,2026-06-28 13:28:26.175
ethereum,ETH,Ethereum,1577.88,1605.68,1562.51,-6.708434761,-0.42336,190423878900,2,6661430238,120683492.272666,120683492.272666,4946.05,2025-08-24 19:21:03.333,0.432979,2015-10-20 00:00:00.000,2026-06-28 13:28:16.858,2026-06-28 13:28:26.175
ripple,XRP,XRP,1.048,1.074,1.042,-0.01166688515,-1.10051,65258270312,6,1107494334,62241508805,99985645029,3.65,2025-07-18 03:40:53.808,0.00268621,2014-05-22 00:00:00.000,2026-06-28 13:28:16.206,2026-06-28 13:28:26.175
solana,SOL,Solana,71.54,72.9,70.21,-0.6894941639,-0.95457,41543200514,7,1753094433,580752237.132352,629334969.84053,293.31,2025-01-19 11:15:27.957,0.500801,2020-05-11 19:35:23.449,2026-06-28 13:28:17.298,2026-06-28 13:28:26.175
cardano,ADA,Cardano,0.144243,0.148902,0.143457,-0.003168950997,-2.14972,5371887479,22,213624090,37241917348.4077,45000000000,3.09,2021-09-02 06:00:10.474,0.01925275,2020-03-13 02:22:55.044,2026-06-28 13:28:14.059,2026-06-28 13:28:26.175
bitcoin,BTC,Bitcoin,59996,60784,59741,-501.169762957,-0.82841,1203136747815,1,15962266755,20049356,20049356,126080,2025-10-06 18:57:42.558,67.81,2013-07-06 00:00:00.000,2026-06-28 13:42:07.899,2026-06-28 13:42:08.152
ethereum,ETH,Ethereum,1577.4,1605.68,1562.51,-9.976450877,-0.62849,190408377426,2,6192438105,120683492.272666,120683492.272666,4946.05,2025-08-24 19:21:03.333,0.432979,2015-10-20 00:00:00.000,2026-06-28 13:42:07.967,2026-06-28 13:42:08.152
ripple,XRP,XRP,1.049,1.074,1.042,-0.01205859618,-1.13612,65312362011,6,1108295749,62241508805,99985645029,3.65,2025-07-18 03:40:53.808,0.00268621,2014-05-22 00:00:00.000,2026-06-28 13:42:07.486,2026-06-28 13:42:08.152
solana,SOL,Solana,71.75,72.9,70.21,-0.586030643,-0.81016,41668621388,7,1714095239,580752222.661765,629334938.238715,293.31,2025-01-19 11:15:27.957,0.500801,2020-05-11 19:35:23.449,2026-06-28 13:42:07.280,2026-06-28 13:42:08.152
cardano,ADA,Cardano,0.1445,0.148902,0.143457,-0.003434758716,-2.32181,5381812711,21,214173450,37241917348.4077,45000000000,3.09,2021-09-02 06:00:10.474,0.01925275,2020-03-13 02:22:55.044,2026-06-28 13:41:53.920,2026-06-28 13:42:08.152
bitcoin,BTC,Bitcoin,59996,60784,59741,-501.169762957,-0.82841,1203136747815,1,15962266755,20049356,20049356,126080,2025-10-06 18:57:42.558,67.81,2013-07-06 00:00:00.000,2026-06-28 13:42:07.899,2026-06-28 13:42:08.152
ethereum,ETH,Ethereum,1577.4,1605.68,1562.51,-9.976450877,-0.62849,190408377426,2,6192438105,120683492.272666,120683492.272666,4946.05,2025-08-24 19:21:03.333,0.432979,2015-10-20 00:00:00.000,2026-06-28 13:42:07.967,2026-06-28 13:42:08.152
ripple,XRP,XRP,1.049,1.074,1.042,-0.01205859618,-1.13612,65312362011,6,1108295749,62241508805,99985645029,3.65,2025-07-18 03:40:53.808,0.00268621,2014-05-22 00:00:00.000,2026-06-28 13:42:07.486,2026-06-28 13:42:08.152
solana,SOL,Solana,71.75,72.9,70.21,-0.586030643,-0.81016,41668621388,7,1714095239,580752222.661765,629334938.238715,293.31,2025-01-19 11:15:27.957,0.500801,2020-05-11 19:35:23.449,2026-06-28 13:42:07.280,2026-06-28 13:42:08.152
cardano,ADA,Cardano,0.1445,0.148902,0.143457,-0.003434758716,-2.32181,5381812711,21,214173450,37241917348.4077,45000000000,3.09,2021-09-02 06:00:10.474,0.01925275,2020-03-13 02:22:55.044,2026-06-28 13:41:53.920,2026-06-28 13:42:08.152
bitcoin,BTC,Bitcoin,60005,60784,59741,-492.92172537,-0.81478,1202958450401,1,15390635760,20049356,20049356,126080,2025-10-06 18:57:42.558,67.81,2013-07-06 00:00:00.000,2026-06-28 13:43:42.952,2026-06-28 13:43:47.561
ripple,XRP,XRP,1.049,1.074,1.042,-0.01205331593,-1.13562,65310507991,6,1106410378,62241508805,99985645029,3.65,2025-07-18 03:40:53.808,0.00268621,2014-05-22 00:00:00.000,2026-06-28 13:43:42.248,2026-06-28 13:43:47.561
cardano,ADA,Cardano,0.144395,0.148902,0.143457,-0.003539722228,-2.39276,5377622754,21,213989494,37241917348.4077,45000000000,3.09,2021-09-02 06:00:10.474,0.01925275,2020-03-13 02:22:55.044,2026-06-28 13:43:45.866,2026-06-28 13:43:47.561
bitcoin,BTC,Bitcoin,60011,60784,59741,-462.673692729,-0.76508,1203268699558,1,15024317400,20049356,20049378,126080,2025-10-06 18:57:42.558,67.81,2013-07-06 00:00:00.000,2026-06-28 13:55:34.730,2026-06-28 13:55:36.346
ethereum,ETH,Ethereum,1579.4,1605.68,1562.51,-9.31690865,-0.58644,190613190709,2,5964517171,120683492.272666,120683492.272666,4946.05,2025-08-24 19:21:03.333,0.432979,2015-10-20 00:00:00.000,2026-06-28 13:55:35.180,2026-06-28 13:55:36.346
ripple,XRP,XRP,1.049,1.074,1.042,-0.01197240842,-1.12804,65319047612,6,1097101058,62241508805,99985645029,3.65,2025-07-18 03:40:53.808,0.00268621,2014-05-22 00:00:00.000,2026-06-28 13:55:34.695,2026-06-28 13:55:36.346
solana,SOL,Solana,71.81,72.9,70.21,-0.4319462423,-0.59789,41707957924,7,1747270746,580752208.125835,629334938.238715,293.31,2025-01-19 11:15:27.957,0.500801,2020-05-11 19:35:23.449,2026-06-28 13:55:33.376,2026-06-28 13:55:36.346
cardano,ADA,Cardano,0.144345,0.148902,0.143457,-0.003409169535,-2.30733,5375853177,21,214808971,37241917348.4077,45000000000,3.09,2021-09-02 06:00:10.474,0.01925275,2020-03-13 02:22:55.044,2026-06-28 13:55:34.922,2026-06-28 13:55:36.347
bitcoin,BTC,Bitcoin,59975,60784,59741,-499.574514479,-0.82609,1202677308812,1,15392574698,20049378,20049378,126080,2025-10-06 18:57:42.558,67.81,2013-07-06 00:00:00.000,2026-06-28 14:07:06.066,2026-06-28 14:07:06.711
ripple,XRP,XRP,1.048,1.074,1.042,-0.01628126633,-1.52983,65235295755,6,1093301914,62241508805,99985645029,3.65,2025-07-18 03:40:53.808,0.00268621,2014-05-22 00:00:00.000,2026-06-28 14:07:04.016,2026-06-28 14:07:06.711
cardano,ADA,Cardano,0.144135,0.148902,0.143457,-0.003733716487,-2.52502,5368831189,21,214515671,37241917348.4077,45000000000,3.09,2021-09-02 06:00:10.474,0.01925275,2020-03-13 02:22:55.044,2026-06-28 14:06:54.890,2026-06-28 14:07:06.711
bitcoin,BTC,Bitcoin,60070,60784,59741,-508.135911233,-0.83881,1204335872515,1,15132701281,20049378,20049378,126080,2025-10-06 18:57:42.558,67.81,2013-07-06 00:00:00.000,2026-06-28 14:14:13.665,2026-06-28 14:14:15.154
ripple,XRP,XRP,1.05,1.074,1.042,-0.01516676116,-1.42387,65344579612,6,1090291621,62241508805,99985645029,3.65,2025-07-18 03:40:53.808,0.00268621,2014-05-22 00:00:00.000,2026-06-28 14:14:13.641,2026-06-28 14:14:15.154
cardano,ADA,Cardano,0.144359,0.148902,0.143457,-0.003821550815,-2.57899,5376198599,21,215154417,37241917348.4077,45000000000,3.09,2021-09-02 06:00:10.474,0.01925275,2020-03-13 02:22:55.044,2026-06-28 14:14:00.862,2026-06-28 14:14:15.154
bitcoin,BTC,Bitcoin,60053,60784,59741,-468.708319082,-0.77444,1204231241826,1,15349534151,20049378,20049378,126080,2025-10-06 18:57:42.558,67.81,2013-07-06 00:00:00.000,2026-06-28 14:27:05.396,2026-06-28 14:27:07.333
ethereum,ETH,Ethereum,1578.96,1605.68,1562.51,-13.001846287,-0.81672,190590487923,2,6531485307,120683492.272666,120683492.272666,4946.05,2025-08-24 19:21:03.333,0.432979,2015-10-20 00:00:00.000,2026-06-28 14:27:04.755,2026-06-28 14:27:07.333
ripple,XRP,XRP,1.053,1.074,1.042,-0.01189492784,-1.11691,65548833593,6,1089044222,62241508805,99985645029,3.65,2025-07-18 03:40:53.808,0.00268621,2014-05-22 00:00:00.000,2026-06-28 14:27:03.891,2026-06-28 14:27:07.333
solana,SOL,Solana,71.84,72.9,70.21,-0.7731017788,-1.06463,41726958594,7,1734636377,580752202.51257,629334938.238715,293.31,2025-01-19 11:15:27.957,0.500801,2020-05-11 19:35:23.449,2026-06-28 14:27:04.573,2026-06-28 14:27:07.333
cardano,ADA,Cardano,0.144872,0.148902,0.143457,-0.00358814596,-2.4169,5395153989,21,212945733,37241917348.4077,45000000000,3.09,2021-09-02 06:00:10.474,0.01925275,2020-03-13 02:22:55.044,2026-06-28 14:26:55.567,2026-06-28 14:27:07.333
solana,SOL,Solana,71.76,72.9,70.21,-0.9394534195,-1.29224,41679010100,7,1729544870,580752173.532794,629334909.373829,293.31,2025-01-19 11:15:27.957,0.500801,2020-05-11 19:35:23.449,2026-06-28 14:54:57.362,2026-06-28 14:55:11.013
bitcoin,BTC,Bitcoin,59969,60784,59741,-545.106417839,-0.90079,1202566895994,1,15463790814,20049393,20049393,126080,2025-10-06 18:57:42.558,67.81,2013-07-06 00:00:00.000,2026-06-28 14:55:02.086,2026-06-28 14:55:11.013
ethereum,ETH,Ethereum,1580.07,1605.68,1562.51,-11.692342397,-0.73455,190746569355,2,6552812939,120683492.272666,120683492.272666,4946.05,2025-08-24 19:21:03.333,0.432979,2015-10-20 00:00:00.000,2026-06-28 14:55:01.726,2026-06-28 14:55:11.013
ripple,XRP,XRP,1.053,1.074,1.042,-0.01337502227,-1.25465,65524084799,6,1091139087,62241508805,99985645029,3.65,2025-07-18 03:40:53.808,0.00268621,2014-05-22 00:00:00.000,2026-06-28 14:54:57.986,2026-06-28 14:55:11.013
solana,SOL,Solana,71.76,72.9,70.21,-0.9394534195,-1.29224,41679010100,7,1729544870,580752173.532794,629334909.373829,293.31,2025-01-19 11:15:27.957,0.500801,2020-05-11 19:35:23.449,2026-06-28 14:54:57.362,2026-06-28 14:55:11.013
cardano,ADA,Cardano,0.144693,0.148902,0.143457,-0.003747361049,-2.52449,5389167474,22,210241487,37241917348.4077,45000000000,3.09,2021-09-02 06:00:10.474,0.01925275,2020-03-13 02:22:55.044,2026-06-28 14:54:53.781,2026-06-28 14:55:11.013
solana,SOL,Solana,70.7,71.94,70.21,-0.4430102483,-0.62268,41051187688,7,1668555871,580751957.816767,629334683.689817,293.31,2025-01-19 11:15:27.957,0.500801,2020-05-11 19:35:23.449,2026-06-28 20:55:00.882,2026-06-28 20:55:10.321
bitcoin,BTC,Bitcoin,59631,60360,58935,-457.942327025,-0.76211,1195628175237,1,17951855260,20049587,20049587,126080,2025-10-06 18:57:42.558,67.81,2013-07-06 00:00:00.000,2026-06-29 02:55:10.633,2026-06-29 02:55:11.123
cardano,ADA,Cardano,0.1441,0.145996,0.141761,-0.0005908844517,-0.40838,5369181668,21,221869433,37258288157.7447,45000000000,3.09,2021-09-02 06:00:10.474,0.01925275,2020-03-13 02:22:55.044,2026-06-29 02:54:53.129,2026-06-29 02:55:11.123
bitcoin,BTC,Bitcoin,59812,60314,58935,-485.856910343,-0.80575,1199449458382,1,20726681313,20049687,20049687,126080,2025-10-06 18:57:42.558,67.81,2013-07-06 00:00:00.000,2026-06-29 08:55:09.959,2026-06-29 08:55:10.979
cardano,ADA,Cardano,0.144224,0.145993,0.141761,-0.001611152855,-1.10478,5373388957,21,243565167,37258288157.7447,45000000000,3.09,2021-09-02 06:00:10.474,0.01925275,2020-03-13 02:22:55.044,2026-06-29 08:54:56.308,2026-06-29 08:55:10.979
ethereum,ETH,Ethereum,1569.88,1592.61,1553.81,-10.206675894,-0.64596,189206154835,2,9876794994,120683477.194553,120683477.194553,4946.05,2025-08-24 19:21:03.333,0.432979,2015-10-20 00:00:00.000,2026-06-29 14:55:09.503,2026-06-29 14:55:11.173
ethereum,ETH,Ethereum,1617.79,1630.03,1553.81,46.63,2.96799,195275012472,2,11526999235,120683706.658434,120683706.658434,4946.05,2025-08-24 19:21:03.333,0.432979,2015-10-20 00:00:00.000,2026-06-29 20:55:09.562,2026-06-29 20:55:10.707
solana,SOL,Solana,74.63,75.93,71.13,2.65,3.68659,43342216483,7,3984813407,580766921.190205,629333671.939252,293.31,2025-01-19 11:15:27.957,0.500801,2020-05-11 19:35:23.449,2026-06-30 02:55:07.930,2026-06-30 02:55:10.949
ethereum,ETH,Ethereum,1580.08,1630.03,1559.22,9.24,0.58852,190618555361,2,11331974379,120683442.992444,120683442.992444,4946.05,2025-08-24 19:21:03.333,0.432979,2015-10-20 00:00:00.000,2026-06-30 08:55:09.241,2026-06-30 08:55:11.045
ethereum,ETH,Ethereum,1580.08,1630.03,1559.22,9.24,0.58852,190618555361,2,11331974379,120683442.992444,120683442.992444,4946.05,2025-08-24 19:21:03.333,0.432979,2015-10-20 00:00:00.000,2026-06-30 08:55:09.241,2026-06-30 08:55:11.045
solana,SOL,Solana,73.33,75.93,72.27,0.613957,0.84433,42585135929,7,3757555799,580884633.340686,629463225.189334,293.31,2025-01-19 11:15:27.957,0.500801,2020-05-11 19:35:23.449,2026-06-30 08:55:07.898,2026-06-30 08:55:11.045
bitcoin,BTC,Bitcoin,59209,60644,59023,-557.918273509,-0.9335,1186665280243,1,29899437391,20050109,20050109,126080,2025-10-06 18:57:42.558,67.81,2013-07-06 00:00:00.000,2026-06-30 08:55:09.195,2026-06-30 08:55:11.045
ethereum,ETH,Ethereum,1580.08,1630.03,1559.22,9.24,0.58852,190618555361,2,11331974379,120683442.992444,120683442.992444,4946.05,2025-08-24 19:21:03.333,0.432979,2015-10-20 00:00:00.000,2026-06-30 08:55:09.241,2026-06-30 08:55:11.045
ripple,XRP,XRP,1.042,1.073,1.041,-0.0016874967,-0.16164,64857853468,6,1639959939,62241508805,99985645029,3.65,2025-07-18 03:40:53.808,0.00268621,2014-05-22 00:00:00.000,2026-06-30 08:55:08.802,2026-06-30 08:55:11.045
solana,SOL,Solana,73.33,75.93,72.27,0.613957,0.84433,42585135929,7,3757555799,580884633.340686,629463225.189334,293.31,2025-01-19 11:15:27.957,0.500801,2020-05-11 19:35:23.449,2026-06-30 08:55:07.898,2026-06-30 08:55:11.045
cardano,ADA,Cardano,0.144037,0.147928,0.143306,-8.865497203e-05,-0.06151,5364666258,21,283021683,37258288157.7447,45000000000,3.09,2021-09-02 06:00:10.474,0.01925275,2020-03-13 02:22:55.044,2026-06-30 08:54:58.278,2026-06-30 08:55:11.045
bitcoin,BTC,Bitcoin,58476,60492,58226,-846.085489892,-1.42625,1173221551226,1,29635911581,20050228,20050228,126080,2025-10-06 18:57:42.558,67.81,2013-07-06 00:00:00.000,2026-06-30 14:55:10.824,2026-06-30 14:55:10.952
ethereum,ETH,Ethereum,1561.06,1630.03,1551.15,-7.414856247,-0.47274,188513284590,2,10128422066,120683442.992444,120683442.992444,4946.05,2025-08-24 19:21:03.333,0.432979,2015-10-20 00:00:00.000,2026-06-30 14:55:10.380,2026-06-30 14:55:10.952
ripple,XRP,XRP,1.034,1.073,1.027,-0.007909311548,-0.75886,64424491351,6,1508178246,62241508805,99985645029,3.65,2025-07-18 03:40:53.808,0.00268621,2014-05-22 00:00:00.000,2026-06-30 14:55:09.944,2026-06-30 14:55:10.952
solana,SOL,Solana,72.92,75.93,72.03,-0.07688234927,-0.10532,42396477603,7,3235278865,580884437.840021,629463028.023657,293.31,2025-01-19 11:15:27.957,0.500801,2020-05-11 19:35:23.449,2026-06-30 14:55:08.976,2026-06-30 14:55:10.952
cardano,ADA,Cardano,0.14389,0.147928,0.142122,-0.0001854843058,-0.12874,5364497048,21,271456871,37258288157.7447,45000000000,3.09,2021-09-02 06:00:10.474,0.01925275,2020-03-13 02:22:55.044,2026-06-30 14:55:00.441,2026-06-30 14:55:10.952
ethereum,ETH,Ethereum,1561.06,1630.03,1551.15,-7.414856247,-0.47274,188513284590,2,10128422066,120683442.992444,120683442.992444,4946.05,2025-08-24 19:21:03.333,0.432979,2015-10-20 00:00:00.000,2026-06-30 14:55:10.380,2026-06-30 14:55:10.952
solana,SOL,Solana,72.92,75.93,72.03,-0.07688234927,-0.10532,42396477603,7,3235278865,580884437.840021,629463028.023657,293.31,2025-01-19 11:15:27.957,0.500801,2020-05-11 19:35:23.449,2026-06-30 14:55:08.976,2026-06-30 14:55:10.952
bitcoin,BTC,Bitcoin,58629,60444,58149,-1579.996165657,-2.6242,1175411434274,1,32017656176,20050312,20050331,126080,2025-10-06 18:57:42.558,67.81,2013-07-06 00:00:00.000,2026-06-30 20:55:08.710,2026-06-30 20:55:10.876
ethereum,ETH,Ethereum,1573.23,1619.5,1551.15,-42.324102414,-2.61979,189849313724,2,9321184264,120683442.992444,120683442.992444,4946.05,2025-08-24 19:21:03.333,0.432979,2015-10-20 00:00:00.000,2026-06-30 20:55:08.163,2026-06-30 20:55:10.876
ripple,XRP,XRP,1.042,1.064,1.027,-0.0211581203,-1.99035,64838799788,6,1407345431,62241508805,99985645029,3.65,2025-07-18 03:40:53.808,0.00268621,2014-05-22 00:00:00.000,2026-06-30 20:55:07.300,2026-06-30 20:55:10.876
solana,SOL,Solana,73.59,75.58,72.03,-1.699974813,-2.25798,42747936154,7,2753301493,580884067.910391,629462822.631139,293.31,2025-01-19 11:15:27.957,0.500801,2020-05-11 19:35:23.449,2026-06-30 20:55:07.025,2026-06-30 20:55:10.876
cardano,ADA,Cardano,0.143708,0.147409,0.142122,-0.003189868176,-2.17149,5352975017,21,289115595,37258288157.7447,45000000000,3.09,2021-09-02 06:00:10.474,0.01925275,2020-03-13 02:22:55.044,2026-06-30 20:54:56.650,2026-06-30 20:55:10.876
ripple,XRP,XRP,1.044,1.05,1.027,-0.006129748902,-0.5836,64995063986,6,1521428667,62241508805,99985645029,3.65,2025-07-18 03:40:53.808,0.00268621,2014-05-22 00:00:00.000,2026-07-01 02:54:48.184,2026-07-01 02:55:11.104
bitcoin,BTC,Bitcoin,58978,59913,57945,-900.031003286,-1.50312,1182338019214,1,34816497867,20050440,20050440,126080,2025-10-06 18:57:42.558,67.81,2013-07-06 00:00:00.000,2026-07-01 02:55:08.477,2026-07-01 02:55:11.104
ethereum,ETH,Ethereum,1583.37,1592.68,1551.15,-5.492517622,-0.34569,191022500463,2,9009730327,120683397.108515,120683397.108515,4946.05,2025-08-24 19:21:03.333,0.432979,2015-10-20 00:00:00.000,2026-07-01 02:55:09.835,2026-07-01 02:55:11.104
ripple,XRP,XRP,1.044,1.05,1.027,-0.006129748902,-0.5836,64995063986,6,1521428667,62241508805,99985645029,3.65,2025-07-18 03:40:53.808,0.00268621,2014-05-22 00:00:00.000,2026-07-01 02:54:48.184,2026-07-01 02:55:11.104
solana,SOL,Solana,74.66,74.8,72.03,0.03397207,0.04552,43366952783,7,2795308734,580898514.088275,629462671.470286,293.31,2025-01-19 11:15:27.957,0.500801,2020-05-11 19:35:23.449,2026-07-01 02:55:07.392,2026-07-01 02:55:11.104
cardano,ADA,Cardano,0.146042,0.14624,0.142122,0.00144548,0.99966,5440573679,20,309913352,37258288157.7447,45000000000,3.09,2021-09-02 06:00:10.474,0.01925275,2020-03-13 02:22:55.044,2026-07-01 02:54:54.688,2026-07-01 02:55:11.104
ethereum,ETH,Ethereum,1574.19,1598.1,1551.15,-7.217405998,-0.45639,189923202904,2,10133147347,120683397.108515,120683397.108515,4946.05,2025-08-24 19:21:03.333,0.432979,2015-10-20 00:00:00.000,2026-07-01 08:55:06.811,2026-07-01 08:55:11.012
bitcoin,BTC,Bitcoin,59658,59950,57945,1233.78,2.11176,1195903247881,1,35356787685,20050659,20050659,126080,2025-10-06 18:57:42.558,67.81,2013-07-06 00:00:00.000,2026-07-01 14:55:03.829,2026-07-01 14:55:11.746
cardano,ADA,Cardano,0.155341,0.156411,0.142876,0.01151568,8.00673,5781832739,18,469359554,37258288157.7447,45000000000,3.09,2021-09-02 06:00:10.474,0.01925275,2020-03-13 02:22:55.044,2026-07-01 14:55:07.486,2026-07-01 14:55:11.746
ethereum,ETH,Ethereum,1615.72,1625.09,1557.35,41.82,2.65707,194986109398,2,10561702993,120683397.108515,120683397.108515,4946.05,2025-08-24 19:21:03.333,0.432979,2015-10-20 00:00:00.000,2026-07-01 20:55:09.242,2026-07-01 20:55:10.757
bitcoin,BTC,Bitcoin,60054,60359,57945,1385.51,2.3616,1204099630539,1,35750312822,20050800,20050800,126080,2025-10-06 18:57:42.558,67.81,2013-07-06 00:00:00.000,2026-07-01 20:55:08.466,2026-07-01 20:55:10.757
cardano,ADA,Cardano,0.153682,0.157108,0.142876,0.00997925,6.94435,5725944446,19,534173331,37258288157.7447,45000000000,3.09,2021-09-02 06:00:10.474,0.01925275,2020-03-13 02:22:55.044,2026-07-01 20:54:56.561,2026-07-01 20:55:10.757
bitcoin,BTC,Bitcoin,60310,60978,58279,1302.38,2.20715,1209226275988,1,38476375235,20050918,20050918,126080,2025-10-06 18:57:42.558,67.81,2013-07-06 00:00:00.000,2026-07-02 02:55:07.371,2026-07-02 02:55:11.270
ethereum,ETH,Ethereum,1619.09,1636.76,1564.82,34.87,2.20112,195438518070,2,10452505034,120683347.060602,120683347.060602,4946.05,2025-08-24 19:21:03.333,0.432979,2015-10-20 00:00:00.000,2026-07-02 02:55:07.248,2026-07-02 02:55:11.270
ripple,XRP,XRP,1.058,1.069,1.034,0.01371031,1.3124,65872703553,6,1579408234,62241508805,99985645029,3.65,2025-07-18 03:40:53.808,0.00268621,2014-05-22 00:00:00.000,2026-07-02 02:55:08.339,2026-07-02 02:55:11.270
solana,SOL,Solana,78.32,78.52,74.04,3.62,4.84585,45501916024,7,3555493031,580897443.519531,629461567.76843,293.31,2025-01-19 11:15:27.957,0.500801,2020-05-11 19:35:23.449,2026-07-02 02:55:07.649,2026-07-02 02:55:11.270
cardano,ADA,Cardano,0.154469,0.157404,0.146062,0.00837746,5.73437,5755651664,19,559991720,37258288157.7447,45000000000,3.09,2021-09-02 06:00:10.474,0.01925275,2020-03-13 02:22:55.044,2026-07-02 02:55:02.700,2026-07-02 02:55:11.270
bitcoin,BTC,Bitcoin,60437,60978,58279,1552.67,2.6368,1211739397559,1,40184018431,20051018,20051018,126080,2025-10-06 18:57:42.558,67.81,2013-07-06 00:00:00.000,2026-07-02 08:55:07.112,2026-07-02 08:55:11.235
cardano,ADA,Cardano,0.156357,0.157404,0.149845,0.00651215,4.34593,5825864194,19,469136018,37258288157.7447,45000000000,3.09,2021-09-02 06:00:10.474,0.01925275,2020-03-13 02:22:55.044,2026-07-02 08:55:09.154,2026-07-02 08:55:11.235
bitcoin,BTC,Bitcoin,61516,62060,59466,2049.51,3.44652,1233703124371,1,43815730455,20051131,20051131,126080,2025-10-06 18:57:42.558,67.81,2013-07-06 00:00:00.000,2026-07-02 14:55:08.711,2026-07-02 14:55:11.017
cardano,ADA,Cardano,0.159817,0.162092,0.15266,0.00444134,2.85845,5955011866,18,454495162,37258288157.7447,45000000000,3.09,2021-09-02 06:00:10.474,0.01925275,2020-03-13 02:22:55.044,2026-07-02 14:54:52.853,2026-07-02 14:55:11.017
solana,SOL,Solana,80.83,82.4,76.9,3.54,4.57747,46961733928,7,4108692970,581014507.280093,629590701.523329,293.31,2025-01-19 11:15:27.957,0.500801,2020-05-11 19:35:23.449,2026-07-02 20:54:49.977,2026-07-02 20:55:10.266
bitcoin,BTC,Bitcoin,61347,62060,60055,961.98,1.59308,1229872349309,1,38034049101,20051284,20051296,126080,2025-10-06 18:57:42.558,67.81,2013-07-06 00:00:00.000,2026-07-03 02:55:10.731,2026-07-03 02:55:11.207
cardano,ADA,Cardano,0.166344,0.167882,0.153825,0.01189221,7.6996,6191891298,18,473801011,37258288157.7447,45000000000,3.09,2021-09-02 06:00:10.474,0.01925275,2020-03-13 02:22:55.044,2026-07-03 02:55:05.682,2026-07-03 02:55:11.207
ethereum,ETH,Ethereum,1701.52,1717.43,1613.3,82.01,5.06415,205311668536,2,12602458383,120683264.740178,120683264.740178,4946.05,2025-08-24 19:21:03.333,0.432979,2015-10-20 00:00:00.000,2026-07-03 02:55:11.012,2026-07-03 02:55:11.207
solana,SOL,Solana,80.72,82.4,77.63,2.41,3.07394,46892790542,7,3777058924,581014324.607311,629590548.410491,293.31,2025-01-19 11:15:27.957,0.500801,2020-05-11 19:35:23.449,2026-07-03 02:55:05.356,2026-07-03 02:55:11.207
bitcoin,BTC,Bitcoin,61554,62060,60340,1122.73,1.85786,1234608250727,1,36602630631,20051440,20051440,126080,2025-10-06 18:57:42.558,67.81,2013-07-06 00:00:00.000,2026-07-03 08:55:07.024,2026-07-03 08:55:10.492
ripple,XRP,XRP,1.1,1.11,1.062,0.03755256,3.53366,68499843759,6,1765739265,62241508805,99985645029,3.65,2025-07-18 03:40:53.808,0.00268621,2014-05-22 00:00:00.000,2026-07-03 08:55:08.238,2026-07-03 08:55:10.492
cardano,ADA,Cardano,0.166068,0.167882,0.155711,0.00970761,6.20849,6187281422,18,511563565,37258288157.7447,45000000000,3.09,2021-09-02 06:00:10.474,0.01925275,2020-03-13 02:22:55.044,2026-07-03 08:54:55.401,2026-07-03 08:55:10.492
ethereum,ETH,Ethereum,1734.6,1747.21,1686.78,37.6,2.21559,209390203646,2,9647191218,120683264.740178,120683264.740178,4946.05,2025-08-24 19:21:03.333,0.432979,2015-10-20 00:00:00.000,2026-07-03 14:55:09.670,2026-07-03 14:55:11.220
ripple,XRP,XRP,1.14,1.14,1.078,0.05661,5.23318,70855779108,6,1647935220,62241508805,99985645029,3.65,2025-07-18 03:40:53.808,0.00268621,2014-05-22 00:00:00.000,2026-07-03 20:55:00.757,2026-07-03 20:55:11.434
solana,SOL,Solana,82.21,82.82,80.37,1.48,1.83824,47756782318,7,2001629150,581013569.446733,629589770.644357,293.31,2025-01-19 11:15:27.957,0.500801,2020-05-11 19:35:23.449,2026-07-04 02:55:03.398,2026-07-04 02:55:10.821
ripple,XRP,XRP,1.14,1.15,1.099,0.04281814,3.89313,71122100263,6,1803387764,62241508805,99985645029,3.65,2025-07-18 03:40:53.808,0.00268621,2014-05-22 00:00:00.000,2026-07-04 08:55:05.304,2026-07-04 08:55:10.243
ethereum,ETH,Ethereum,1762.07,1768.38,1717.36,44.71,2.60361,212639281688,2,9170679126,120683240.641507,120683240.641507,4946.05,2025-08-24 19:21:03.333,0.432979,2015-10-20 00:00:00.000,2026-07-04 08:55:08.192,2026-07-04 08:55:10.243
solana,SOL,Solana,82.38,83.74,80.68,1.47,1.81996,47871440776,7,2277626314,581013391.532587,629589586.252891,293.31,2025-01-19 11:15:27.957,0.500801,2020-05-11 19:35:23.449,2026-07-04 08:54:58.972,2026-07-04 08:55:10.243
bitcoin,BTC,Bitcoin,62584,62821,61514,1070.04,1.7395,1255030295699,1,23608534819,20051934,20051934,126080,2025-10-06 18:57:42.558,67.81,2013-07-06 00:00:00.000,2026-07-04 08:55:08.241,2026-07-04 08:55:10.243
ethereum,ETH,Ethereum,1762.07,1768.38,1717.36,44.71,2.60361,212639281688,2,9170679126,120683240.641507,120683240.641507,4946.05,2025-08-24 19:21:03.333,0.432979,2015-10-20 00:00:00.000,2026-07-04 08:55:08.192,2026-07-04 08:55:10.243
ripple,XRP,XRP,1.14,1.15,1.099,0.04281814,3.89313,71122100263,6,1803387764,62241508805,99985645029,3.65,2025-07-18 03:40:53.808,0.00268621,2014-05-22 00:00:00.000,2026-07-04 08:55:05.304,2026-07-04 08:55:10.243
solana,SOL,Solana,82.38,83.74,80.68,1.47,1.81996,47871440776,7,2277626314,581013391.532587,629589586.252891,293.31,2025-01-19 11:15:27.957,0.500801,2020-05-11 19:35:23.449,2026-07-04 08:54:58.972,2026-07-04 08:55:10.243
cardano,ADA,Cardano,0.175979,0.182359,0.166054,0.0097691,5.87758,6556577730,18,648647257,37263472566.6758,45000000000,3.09,2021-09-02 06:00:10.474,0.01925275,2020-03-13 02:22:55.044,2026-07-04 08:55:06.889,2026-07-04 08:55:10.243
ethereum,ETH,Ethereum,1768.73,1771.21,1728.23,32.31,1.86082,213507454548,2,6790564252,120683240.641507,120683240.641507,4946.05,2025-08-24 19:21:03.333,0.432979,2015-10-20 00:00:00.000,2026-07-04 14:55:07.408,2026-07-04 14:55:11.386
solana,SOL,Solana,81.65,83.74,81.15,0.131226,0.16098,47452165044,7,2157013495,581130761.709905,629719076.81965,293.31,2025-01-19 11:15:27.957,0.500801,2020-05-11 19:35:23.449,2026-07-04 14:55:10.605,2026-07-04 14:55:11.386
solana,SOL,Solana,81.94,83.74,81.37,-0.7408263697,-0.89605,47618212618,7,2010464987,581130557.106752,629718870.34215,293.31,2025-01-19 11:15:27.957,0.500801,2020-05-11 19:35:23.449,2026-07-04 20:55:07.530,2026-07-04 20:55:10.979
ripple,XRP,XRP,1.13,1.18,1.13,-0.001577885658,-0.13893,70599782304,6,1806305332,62241508805,99985645029,3.65,2025-07-18 03:40:53.808,0.00268621,2014-05-22 00:00:00.000,2026-07-05 02:55:00.201,2026-07-05 02:55:10.783
bitcoin,BTC,Bitcoin,62582,63383,62305,99.19,0.15875,1254856509056,1,17626298270,20052250,20052250,126080,2025-10-06 18:57:42.558,67.81,2013-07-06 00:00:00.000,2026-07-05 02:55:09.410,2026-07-05 02:55:10.783
ethereum,ETH,Ethereum,1758.05,1801.59,1746.31,10.49,0.60046,212162463346,2,7381240409,120683221.187191,120683221.187191,4946.05,2025-08-24 19:21:03.333,0.432979,2015-10-20 00:00:00.000,2026-07-05 02:55:09.160,2026-07-05 02:55:10.783
ripple,XRP,XRP,1.13,1.18,1.13,-0.001577885658,-0.13893,70599782304,6,1806305332,62241508805,99985645029,3.65,2025-07-18 03:40:53.808,0.00268621,2014-05-22 00:00:00.000,2026-07-05 02:55:00.201,2026-07-05 02:55:10.783
solana,SOL,Solana,80.21,83.74,80.24,-2.011793808,-2.4469,46624589315,7,2080211805,581130371.06626,629718712.513192,293.31,2025-01-19 11:15:27.957,0.500801,2020-05-11 19:35:23.449,2026-07-05 02:54:59.476,2026-07-05 02:55:10.783
cardano,ADA,Cardano,0.190395,0.198594,0.175034,0.01311701,7.39913,7094613487,16,790792008,37263472566.6758,45000000000,3.09,2021-09-02 06:00:10.474,0.01925275,2020-03-13 02:22:55.044,2026-07-05 02:55:07.456,2026-07-05 02:55:10.783
ethereum,ETH,Ethereum,1766.55,1801.59,1754.38,5.89,0.33477,213196029224,2,9507904342,120683221.187191,120683221.187191,4946.05,2025-08-24 19:21:03.333,0.432979,2015-10-20 00:00:00.000,2026-07-05 08:55:09.480,2026-07-05 08:55:10.639
ethereum,ETH,Ethereum,1766.9,1801.59,1751.18,-3.268064285,-0.18462,213197927143,2,10896370720,120683221.187191,120683221.187191,4946.05,2025-08-24 19:21:03.333,0.432979,2015-10-20 00:00:00.000,2026-07-05 14:55:10.300,2026-07-05 14:55:10.688
solana,SOL,Solana,80.95,82.05,79.77,-0.9842526114,-1.20133,47039873560,7,1485376788,581129825.538301,629718142.582772,293.31,2025-01-19 11:15:27.957,0.500801,2020-05-11 19:35:23.449,2026-07-05 20:54:52.232,2026-07-05 20:55:10.859
solana,SOL,Solana,80.98,82.17,79.77,0.79595,0.99265,47064176492,7,1646583611,581129638.889946,629717954.672414,293.31,2025-01-19 11:15:27.957,0.500801,2020-05-11 19:35:23.449,2026-07-06 02:55:03.831,2026-07-06 02:55:11.250
ethereum,ETH,Ethereum,1764.18,1800.61,1751.18,-2.343913974,-0.13269,212906824841,2,8732484067,120683199.939814,120683199.939814,4946.05,2025-08-24 19:21:03.333,0.432979,2015-10-20 00:00:00.000,2026-07-06 08:54:58.867,2026-07-06 08:55:10.952
bitcoin,BTC,Bitcoin,62840,63857,62462,-27.632493193,-0.04395,1260275490078,1,21524622522,20052781,20052781,126080,2025-10-06 18:57:42.558,67.81,2013-07-06 00:00:00.000,2026-07-06 08:54:58.725,2026-07-06 08:55:10.952
cardano,ADA,Cardano,0.18498,0.192313,0.183172,-0.007332274848,-3.81269,6893403274,17,461104503,37263472566.6758,45000000000,3.09,2021-09-02 06:00:10.474,0.01925275,2020-03-13 02:22:55.044,2026-07-06 08:54:51.526,2026-07-06 08:55:10.952
bitcoin,BTC,Bitcoin,61951,63857,61339,-788.716653303,-1.25713,1241544827843,1,30558298058,20052840,20052887,126080,2025-10-06 18:57:42.558,67.81,2013-07-06 00:00:00.000,2026-07-06 14:55:09.356,2026-07-06 14:55:11.160
ethereum,ETH,Ethereum,1748.11,1800.61,1732.1,-21.935774678,-1.23928,210894974799,2,11542684819,120683199.939814,120683199.939814,4946.05,2025-08-24 19:21:03.333,0.432979,2015-10-20 00:00:00.000,2026-07-06 14:55:09.569,2026-07-06 14:55:11.160
ripple,XRP,XRP,1.12,1.16,1.11,-0.01443156478,-1.27151,69746195316,6,1464027483,62241508805,99985645029,3.65,2025-07-18 03:40:53.808,0.00268621,2014-05-22 00:00:00.000,2026-07-06 14:54:54.198,2026-07-06 14:55:11.160
solana,SOL,Solana,80.18,82.17,79.31,-1.071956468,-1.31936,46604495100,7,2079201254,581247001.41908,629847162.778242,293.31,2025-01-19 11:15:27.957,0.500801,2020-05-11 19:35:23.449,2026-07-06 14:54:53.146,2026-07-06 14:55:11.160
cardano,ADA,Cardano,0.181301,0.19175,0.178499,-0.007855703895,-4.15301,6755795834,16,458637650,37263472566.6758,45000000000,3.09,2021-09-02 06:00:10.474,0.01925275,2020-03-13 02:22:55.044,2026-07-06 14:55:00.289,2026-07-06 14:55:11.160
solana,SOL,Solana,81.99,82.17,79.31,1.044,1.28954,47638872920,7,2559497420,581246787.299163,629846991.950989,293.31,2025-01-19 11:15:27.957,0.500801,2020-05-11 19:35:23.449,2026-07-06 20:55:01.225,2026-07-06 20:55:11.425
ethereum,ETH,Ethereum,1777.73,1819.88,1732.1,-3.747739029,-0.21037,214533548773,2,15521050011,120683164.456301,120683164.456301,4946.05,2025-08-24 19:21:03.333,0.432979,2015-10-20 00:00:00.000,2026-07-07 02:55:10.002,2026-07-07 02:55:10.771
ethereum,ETH,Ethereum,1777.73,1819.88,1732.1,-3.747739029,-0.21037,214533548773,2,15521050011,120683164.456301,120683164.456301,4946.05,2025-08-24 19:21:03.333,0.432979,2015-10-20 00:00:00.000,2026-07-07 02:55:10.002,2026-07-07 02:55:10.771
bitcoin,BTC,Bitcoin,62997,64387,61339,162.04,0.25787,1263280289565,1,37122392901,20052971,20052971,126080,2025-10-06 18:57:42.558,67.81,2013-07-06 00:00:00.000,2026-07-07 08:55:09.250,2026-07-07 08:55:11.371
ethereum,ETH,Ethereum,1768.16,1819.88,1732.1,4.45,0.25214,213387714301,2,16699134382,120683164.456301,120683164.456301,4946.05,2025-08-24 19:21:03.333,0.432979,2015-10-20 00:00:00.000,2026-07-07 08:55:09.542,2026-07-07 08:55:11.371
ripple,XRP,XRP,1.12,1.16,1.11,-0.01645062525,-1.44267,69949580748,6,1714596348,62241508805,99985645029,3.65,2025-07-18 03:40:53.808,0.00268621,2014-05-22 00:00:00.000,2026-07-07 08:55:04.242,2026-07-07 08:55:11.371
solana,SOL,Solana,81.34,82.98,79.31,0.97071,1.20782,47336370858,7,2619075856,581876602.636553,629846572.263668,293.31,2025-01-19 11:15:27.957,0.500801,2020-05-11 19:35:23.449,2026-07-07 08:54:59.637,2026-07-07 08:55:11.371
cardano,ADA,Cardano,0.178855,0.185757,0.178499,-0.005982126868,-3.23643,6664758693,17,436223834,37263472566.6758,45000000000,3.09,2021-09-02 06:00:10.474,0.01925275,2020-03-13 02:22:55.044,2026-07-07 08:54:58.054,2026-07-07 08:55:11.371
bitcoin,BTC,Bitcoin,62997,64387,61339,162.04,0.25787,1263280289565,1,37122392901,20052971,20052971,126080,2025-10-06 18:57:42.558,67.81,2013-07-06 00:00:00.000,2026-07-07 08:55:09.250,2026-07-07 08:55:11.371
ethereum,ETH,Ethereum,1768.16,1819.88,1732.1,4.45,0.25214,213387714301,2,16699134382,120683164.456301,120683164.456301,4946.05,2025-08-24 19:21:03.333,0.432979,2015-10-20 00:00:00.000,2026-07-07 08:55:09.542,2026-07-07 08:55:11.371
ripple,XRP,XRP,1.12,1.16,1.11,-0.01645062525,-1.44267,69949580748,6,1714596348,62241508805,99985645029,3.65,2025-07-18 03:40:53.808,0.00268621,2014-05-22 00:00:00.000,2026-07-07 08:55:04.242,2026-07-07 08:55:11.371
solana,SOL,Solana,81.34,82.98,79.31,0.97071,1.20782,47336370858,7,2619075856,581876602.636553,629846572.263668,293.31,2025-01-19 11:15:27.957,0.500801,2020-05-11 19:35:23.449,2026-07-07 08:54:59.637,2026-07-07 08:55:11.371
cardano,ADA,Cardano,0.178855,0.185757,0.178499,-0.005982126868,-3.23643,6664758693,17,436223834,37263472566.6758,45000000000,3.09,2021-09-02 06:00:10.474,0.01925275,2020-03-13 02:22:55.044,2026-07-07 08:54:58.054,2026-07-07 08:55:11.371
ethereum,ETH,Ethereum,1782.08,1819.88,1749.16,32.92,1.88189,214943902141,2,13256488072,120683164.456301,120683164.456301,4946.05,2025-08-24 19:21:03.333,0.432979,2015-10-20 00:00:00.000,2026-07-07 14:55:01.418,2026-07-07 14:55:11.804
bitcoin,BTC,Bitcoin,63255,64387,61968,1286.29,2.07573,1269408952676,1,33874487421,20052971,20052971,126080,2025-10-06 18:57:42.558,67.81,2013-07-06 00:00:00.000,2026-07-07 14:55:01.455,2026-07-07 14:55:11.804
ethereum,ETH,Ethereum,1782.08,1819.88,1749.16,32.92,1.88189,214943902141,2,13256488072,120683164.456301,120683164.456301,4946.05,2025-08-24 19:21:03.333,0.432979,2015-10-20 00:00:00.000,2026-07-07 14:55:01.418,2026-07-07 14:55:11.804
ripple,XRP,XRP,1.12,1.16,1.11,-0.004003110065,-0.35704,69497040696,6,1692230258,62241508805,99985645029,3.65,2025-07-18 03:40:53.808,0.00268621,2014-05-22 00:00:00.000,2026-07-07 14:54:50.622,2026-07-07 14:55:11.804
solana,SOL,Solana,81.32,82.98,80.17,1.15,1.43794,47296411614,7,2496897266,581876406.958985,629846406.40465,293.31,2025-01-19 11:15:27.957,0.500801,2020-05-11 19:35:23.449,2026-07-07 14:54:51.038,2026-07-07 14:55:11.804
cardano,ADA,Cardano,0.175961,0.185757,0.175669,-0.005436587963,-2.99705,6552984136,17,367297845,37263472566.6758,45000000000,3.09,2021-09-02 06:00:10.474,0.01925275,2020-03-13 02:22:55.044,2026-07-07 14:55:00.152,2026-07-07 14:55:11.804
bitcoin,BTC,Bitcoin,63603,64387,62815,-192.069146842,-0.30107,1275298336893,1,32831767058,20053365,20053365,126080,2025-10-06 18:57:42.558,67.81,2013-07-06 00:00:00.000,2026-07-07 20:55:01.203,2026-07-07 20:55:11.775
cardano,ADA,Cardano,0.175762,0.185668,0.17529,-0.007110799466,-3.88839,6548832002,17,329977628,37263472566.6758,45000000000,3.09,2021-09-02 06:00:10.474,0.01925275,2020-03-13 02:22:55.044,2026-07-07 20:54:49.044,2026-07-07 20:55:11.775
bitcoin,BTC,Bitcoin,63603,64387,62815,-192.069146842,-0.30107,1275298336893,1,32831767058,20053365,20053365,126080,2025-10-06 18:57:42.558,67.81,2013-07-06 00:00:00.000,2026-07-07 20:55:01.203,2026-07-07 20:55:11.775
ethereum,ETH,Ethereum,1780.63,1819.88,1759.03,-12.197119678,-0.68033,214902476745,2,10681358535,120683164.456301,120683164.456301,4946.05,2025-08-24 19:21:03.333,0.432979,2015-10-20 00:00:00.000,2026-07-07 20:55:01.163,2026-07-07 20:55:11.775
ripple,XRP,XRP,1.12,1.16,1.11,-0.02698128709,-2.35844,69527055539,6,1392247612,62241508805,99985645029,3.65,2025-07-18 03:40:53.808,0.00268621,2014-05-22 00:00:00.000,2026-07-07 20:54:41.659,2026-07-07 20:55:11.775
solana,SOL,Solana,81.01,82.98,80.5,-1.002681939,-1.22259,47126399540,7,2308206716,581713309.882204,629846164.002137,293.31,2025-01-19 11:15:27.957,0.500801,2020-05-11 19:35:23.449,2026-07-07 20:54:56.468,2026-07-07 20:55:11.775
cardano,ADA,Cardano,0.175762,0.185668,0.17529,-0.007110799466,-3.88839,6548832002,17,329977628,37263472566.6758,45000000000,3.09,2021-09-02 06:00:10.474,0.01925275,2020-03-13 02:22:55.044,2026-07-07 20:54:49.044,2026-07-07 20:55:11.775
ripple,XRP,XRP,1.099,1.13,1.093,-0.03162392487,-2.79767,68649747487,6,1430527262,62466503703,99985639695,3.65,2025-07-18 03:40:53.808,0.00268621,2014-05-22 00:00:00.000,2026-07-08 02:55:02.599,2026-07-08 02:55:11.333
solana,SOL,Solana,77.44,82.62,76.98,-3.876541924,-4.76713,45031649961,7,2464534316,581713338.69949,629845762.268041,293.31,2025-01-19 11:15:27.957,0.500801,2020-05-11 19:35:23.449,2026-07-08 08:54:49.722,2026-07-08 08:55:11.110
bitcoin,BTC,Bitcoin,62132,64134,61886,-935.239818768,-1.48292,1246071335754,1,31754370638,20053540,20053550,126080,2025-10-06 18:57:42.558,67.81,2013-07-06 00:00:00.000,2026-07-08 08:55:06.121,2026-07-08 08:55:11.110
ethereum,ETH,Ethereum,1738.54,1808.35,1727.1,-31.510081913,-1.78018,209831185086,2,10515240451,120683132.874495,120683132.874495,4946.05,2025-08-24 19:21:03.333,0.432979,2015-10-20 00:00:00.000,2026-07-08 08:55:06.251,2026-07-08 08:55:11.110
ripple,XRP,XRP,1.082,1.13,1.077,-0.04182693006,-3.72121,67605640355,6,1508965864,62466503703,99985639695,3.65,2025-07-18 03:40:53.808,0.00268621,2014-05-22 00:00:00.000,2026-07-08 08:55:10.659,2026-07-08 08:55:11.110
solana,SOL,Solana,77.44,82.62,76.98,-3.876541924,-4.76713,45031649961,7,2464534316,581713338.69949,629845762.268041,293.31,2025-01-19 11:15:27.957,0.500801,2020-05-11 19:35:23.449,2026-07-08 08:54:49.722,2026-07-08 08:55:11.110
cardano,ADA,Cardano,0.166677,0.179338,0.166066,-0.01210773364,-6.77225,6211096391,18,348148940,37263472566.6758,45000000000,3.09,2021-09-02 06:00:10.474,0.01925275,2020-03-13 02:22:55.044,2026-07-08 08:54:58.641,2026-07-08 08:55:11.110
ethereum,ETH,Ethereum,1728.49,1808.35,1725.22,-60.332169356,-3.37274,208300440329,2,11129477265,120683132.874495,120683132.874495,4946.05,2025-08-24 19:21:03.333,0.432979,2015-10-20 00:00:00.000,2026-07-08 14:55:10.981,2026-07-08 14:55:11.475
solana,SOL,Solana,76.88,82.62,76.72,-4.194946032,-5.17399,44714796823,7,2543980824,581830840.886719,629975067.893051,293.31,2025-01-19 11:15:27.957,0.500801,2020-05-11 19:35:23.449,2026-07-08 14:55:00.247,2026-07-08 14:55:11.475
ethereum,ETH,Ethereum,1735.17,1786.15,1715.91,-46.970424818,-2.63561,209492102770,2,10936394538,120683132.874495,120683132.874495,4946.05,2025-08-24 19:21:03.333,0.432979,2015-10-20 00:00:00.000,2026-07-08 20:55:09.896,2026-07-08 20:55:11.658
solana,SOL,Solana,77.04,79.21,76.34,-1.927559095,-2.44109,44822195460,7,2186282904,581838934.393491,629974714.035415,293.31,2025-01-19 11:15:27.957,0.500801,2020-05-11 19:35:23.449,2026-07-09 02:55:08.173,2026-07-09 02:55:10.329
solana,SOL,Solana,78.08,78.49,76.34,0.65107,0.84081,45432705576,7,1996056371,581838753.831332,629974492.562446,293.31,2025-01-19 11:15:27.957,0.500801,2020-05-11 19:35:23.449,2026-07-09 08:54:27.935,2026-07-09 08:55:11.677
ethereum,ETH,Ethereum,1737.51,1756.08,1715.91,9.41,0.54439,209639384740,2,7626476956,120683100.569256,120683100.569256,4946.05,2025-08-24 19:21:03.333,0.432979,2015-10-20 00:00:00.000,2026-07-09 14:55:10.560,2026-07-09 14:55:11.581
bitcoin,BTC,Bitcoin,63214,63344,61721,1131.26,1.82218,1267972936276,1,26857842003,20054193,20054193,126080,2025-10-06 18:57:42.558,67.81,2013-07-06 00:00:00.000,2026-07-09 20:54:58.291,2026-07-09 20:55:11.422
cardano,ADA,Cardano,0.166649,0.169592,0.165083,0.00058866,0.35448,6211266040,18,283340117,37269855891.6933,45000000000,3.09,2021-09-02 06:00:10.474,0.01925275,2020-03-13 02:22:55.044,2026-07-09 20:54:54.979,2026-07-09 20:55:11.422
bitcoin,BTC,Bitcoin,63926,63927,61735,2184.97,3.53895,1282373657769,1,27904574996,20054275,20054275,126080,2025-10-06 18:57:42.558,67.81,2013-07-06 00:00:00.000,2026-07-10 02:55:09.717,2026-07-10 02:55:10.914
cardano,ADA,Cardano,0.168572,0.169592,0.165083,0.00240934,1.44999,6280400844,18,289299493,37269855891.6933,45000000000,3.09,2021-09-02 06:00:10.474,0.01925275,2020-03-13 02:22:55.044,2026-07-10 02:55:08.486,2026-07-10 02:55:10.914
bitcoin,BTC,Bitcoin,64135,64265,62506,1297.95,2.0656,1285988071675,1,28285501944,20054371,20054371,126080,2025-10-06 18:57:42.558,67.81,2013-07-06 00:00:00.000,2026-07-10 08:55:07.588,2026-07-10 08:55:11.157
cardano,ADA,Cardano,0.167944,0.169552,0.165083,0.00090619,0.54251,6259744524,18,338602542,37269855891.6933,45000000000,3.09,2021-09-02 06:00:10.474,0.01925275,2020-03-13 02:22:55.044,2026-07-10 08:55:10.945,2026-07-10 08:55:11.157
solana,SOL,Solana,77.92,79.5,77.32,0.17098,0.21991,45346315940,7,1778437264,581955445.971974,630102963.278692,293.31,2025-01-19 11:15:27.957,0.500801,2020-05-11 19:35:23.449,2026-07-10 14:55:01.992,2026-07-10 14:55:10.602
bitcoin,BTC,Bitcoin,63827,64554,62955,571.37,0.90328,1279996161441,1,27792688396,20054584,20054584,126080,2025-10-06 18:57:42.558,67.81,2013-07-06 00:00:00.000,2026-07-10 20:55:08.962,2026-07-10 20:55:11.028
cardano,ADA,Cardano,0.166844,0.169373,0.165383,0.00015786,0.09471,6218680640,18,312127353,37269855891.6933,45000000000,3.09,2021-09-02 06:00:10.474,0.01925275,2020-03-13 02:22:55.044,2026-07-10 20:55:08.768,2026-07-10 20:55:11.028
bitcoin,BTC,Bitcoin,63827,64554,62955,571.37,0.90328,1279996161441,1,27792688396,20054584,20054584,126080,2025-10-06 18:57:42.558,67.81,2013-07-06 00:00:00.000,2026-07-10 20:55:08.962,2026-07-10 20:55:11.028
ethereum,ETH,Ethereum,1791.34,1805.53,1737.51,43.95,2.51497,216176299809,2,9103831806,120683081.211863,120683081.211863,4946.05,2025-08-24 19:21:03.333,0.432979,2015-10-20 00:00:00.000,2026-07-10 20:55:07.028,2026-07-10 20:55:11.028
ripple,XRP,XRP,1.1,1.12,1.09,0.00775936,0.70739,69007510935,6,1014591102,62466503703,99985639695,3.65,2025-07-18 03:40:53.808,0.00268621,2014-05-22 00:00:00.000,2026-07-10 20:55:05.436,2026-07-10 20:55:11.028
solana,SOL,Solana,77.82,79.5,77.34,-0.2509791902,-0.32148,45286851419,7,1893109873,581955237.258221,630102766.841007,293.31,2025-01-19 11:15:27.957,0.500801,2020-05-11 19:35:23.449,2026-07-10 20:55:07.669,2026-07-10 20:55:11.028
cardano,ADA,Cardano,0.166844,0.169373,0.165383,0.00015786,0.09471,6218680640,18,312127353,37269855891.6933,45000000000,3.09,2021-09-02 06:00:10.474,0.01925275,2020-03-13 02:22:55.044,2026-07-10 20:55:08.768,2026-07-10 20:55:11.028
ethereum,ETH,Ethereum,1794.03,1805.53,1768.52,22.15,1.24992,216489739035,2,8310872657,120683053.239405,120683053.239405,4946.05,2025-08-24 19:21:03.333,0.432979,2015-10-20 00:00:00.000,2026-07-11 02:55:06.240,2026-07-11 02:55:10.922
ripple,XRP,XRP,1.11,1.12,1.097,-0.003909685954,-0.35184,69170436300,6,877602871,62466503703,99985639695,3.65,2025-07-18 03:40:53.808,0.00268621,2014-05-22 00:00:00.000,2026-07-11 08:55:07.788,2026-07-11 08:55:10.846
ethereum,ETH,Ethereum,1799.21,1805.53,1781.89,15.85,0.88866,217134469917,2,6790987056,120683053.239405,120683053.239405,4946.05,2025-08-24 19:21:03.333,0.432979,2015-10-20 00:00:00.000,2026-07-11 08:55:09.862,2026-07-11 08:55:10.846
solana,SOL,Solana,78.02,79.5,77.34,-1.246370832,-1.57244,45416919496,7,1716462423,582156676.567772,630102426.674115,293.31,2025-01-19 11:15:27.957,0.500801,2020-05-11 19:35:23.449,2026-07-11 08:55:06.670,2026-07-11 08:55:10.846
bitcoin,BTC,Bitcoin,64194,64554,63672,-17.949010788,-0.02795,1287251435366,1,21597408982,20054793,20054793,126080,2025-10-06 18:57:42.558,67.81,2013-07-06 00:00:00.000,2026-07-11 08:55:09.895,2026-07-11 08:55:10.846
ethereum,ETH,Ethereum,1799.21,1805.53,1781.89,15.85,0.88866,217134469917,2,6790987056,120683053.239405,120683053.239405,4946.05,2025-08-24 19:21:03.333,0.432979,2015-10-20 00:00:00.000,2026-07-11 08:55:09.862,2026-07-11 08:55:10.846
ripple,XRP,XRP,1.11,1.12,1.097,-0.003909685954,-0.35184,69170436300,6,877602871,62466503703,99985639695,3.65,2025-07-18 03:40:53.808,0.00268621,2014-05-22 00:00:00.000,2026-07-11 08:55:07.788,2026-07-11 08:55:10.846
solana,SOL,Solana,78.02,79.5,77.34,-1.246370832,-1.57244,45416919496,7,1716462423,582156676.567772,630102426.674115,293.31,2025-01-19 11:15:27.957,0.500801,2020-05-11 19:35:23.449,2026-07-11 08:55:06.670,2026-07-11 08:55:10.846
cardano,ADA,Cardano,0.16745,0.169373,0.165383,-0.0004924459272,-0.29322,6240848361,18,220124168,37269855891.6933,45000000000,3.09,2021-09-02 06:00:10.474,0.01925275,2020-03-13 02:22:55.044,2026-07-11 08:55:05.050,2026-07-11 08:55:10.846
ethereum,ETH,Ethereum,1811.12,1812.25,1782.89,27.38,1.53494,218504559922,2,5674207373,120683053.239405,120683053.239405,4946.05,2025-08-24 19:21:03.333,0.432979,2015-10-20 00:00:00.000,2026-07-11 14:55:07.593,2026-07-11 14:55:10.774
solana,SOL,Solana,78.47,78.51,77.34,0.523386,0.67143,45674790792,7,1259726825,582156519.621921,630102277.348148,293.31,2025-01-19 11:15:27.957,0.500801,2020-05-11 19:35:23.449,2026-07-11 14:55:09.121,2026-07-11 14:55:10.774
bitcoin,BTC,Bitcoin,64328,64419,63672,448.61,0.70228,1289864579662,1,17503939881,20054909,20054909,126080,2025-10-06 18:57:42.558,67.81,2013-07-06 00:00:00.000,2026-07-11 14:55:07.624,2026-07-11 14:55:10.774
ethereum,ETH,Ethereum,1811.12,1812.25,1782.89,27.38,1.53494,218504559922,2,5674207373,120683053.239405,120683053.239405,4946.05,2025-08-24 19:21:03.333,0.432979,2015-10-20 00:00:00.000,2026-07-11 14:55:07.593,2026-07-11 14:55:10.774
ripple,XRP,XRP,1.11,1.11,1.097,0.01016922,0.92249,69493804229,6,673582392,62466503703,99985639695,3.65,2025-07-18 03:40:53.808,0.00268621,2014-05-22 00:00:00.000,2026-07-11 14:55:09.066,2026-07-11 14:55:10.774
solana,SOL,Solana,78.47,78.51,77.34,0.523386,0.67143,45674790792,7,1259726825,582156519.621921,630102277.348148,293.31,2025-01-19 11:15:27.957,0.500801,2020-05-11 19:35:23.449,2026-07-11 14:55:09.121,2026-07-11 14:55:10.774
cardano,ADA,Cardano,0.168939,0.169049,0.165383,0.00313272,1.88938,6295420324,18,180944469,37269855891.6933,45000000000,3.09,2021-09-02 06:00:10.474,0.01925275,2020-03-13 02:22:55.044,2026-07-11 14:54:59.956,2026-07-11 14:55:10.774
bitcoin,BTC,Bitcoin,64328,64419,63672,448.61,0.70228,1289864579662,1,17503939881,20054909,20054909,126080,2025-10-06 18:57:42.558,67.81,2013-07-06 00:00:00.000,2026-07-11 14:55:07.624,2026-07-11 14:55:10.774
ethereum,ETH,Ethereum,1811.12,1812.25,1782.89,27.38,1.53494,218504559922,2,5674207373,120683053.239405,120683053.239405,4946.05,2025-08-24 19:21:03.333,0.432979,2015-10-20 00:00:00.000,2026-07-11 14:55:07.593,2026-07-11 14:55:10.774
ripple,XRP,XRP,1.11,1.11,1.097,0.01016922,0.92249,69493804229,6,673582392,62466503703,99985639695,3.65,2025-07-18 03:40:53.808,0.00268621,2014-05-22 00:00:00.000,2026-07-11 14:55:09.066,2026-07-11 14:55:10.774
solana,SOL,Solana,78.47,78.51,77.34,0.523386,0.67143,45674790792,7,1259726825,582156519.621921,630102277.348148,293.31,2025-01-19 11:15:27.957,0.500801,2020-05-11 19:35:23.449,2026-07-11 14:55:09.121,2026-07-11 14:55:10.774
cardano,ADA,Cardano,0.168939,0.169049,0.165383,0.00313272,1.88938,6295420324,18,180944469,37269855891.6933,45000000000,3.09,2021-09-02 06:00:10.474,0.01925275,2020-03-13 02:22:55.044,2026-07-11 14:54:59.956,2026-07-11 14:55:10.774
